#OTU ID,0
8937656c16c20701c107e715bad86732,0.8588709677419355
59196a586276f0be745d0e334fc071c6,0.9838709677419355
ad52a0f6646c574417ce0b13b84acfa9,0.7409274193548387
877f27b47c85f6b2d3cf8a6aa86def40,0.7963709677419355
6c7fa77831ae630967a6fbfc8ee47901,0.9868951612903226
f7686a74ca2d3729eb66305e8a26309b,0.9979838709677419
149e7d5e484d157f2ac6140a2111618e,0.9002016129032258
d061a99148d649c4eca4836c5f4b5b68,0.9586693548387096
959d48a11e3b26c9268f0bd1dae6ec40,0.967741935483871
447b9d6a5c17543a456c597e65b37139,0.9596774193548387
fe2a1f2b6f247658881254d63fd68b74,0.43951612903225806
ac5402de1ddf427ab8d2b0a8a0a44f19,0.8780241935483871
b1f2146bef78066448576fceeb6b644b,0.8770161290322581
fea3411c847e6627afb5e78b88e2e9af,0.6209677419354839
8720f9ecd2331ce68e2896df1bf2d977,0.9082661290322581
79280cea51a6fe8a3432b2f266dd34db,0.9768145161290323
4c731267e801c2afe253b5cbb58bdd24,0.936491935483871
33f9226b33e1f59f71edc044bb947764,0.5473790322580645
2b982979f2401a8bc447d7141879e9b2,0.9727822580645161
26fe09051d545bae05b7ef8111a0040a,0.0907258064516129
e2c3ff4f647112723741aa72087f1bfa,0.9284274193548387
e91f1c5b67ffecb5ca3ca3b393a50f00,0.7137096774193549
599ba6458e91e2527f358f547ea39261,0.9727822580645161
eea6b86c0c75e740670ccc50613b1b23,0.9969758064516129
2189edb3764a738094de850a96d4e256,0.21774193548387097
cc968157f7691aab95df444e8cd103e2,0.9707661290322581
39bb3fb5b2257fd2eacca408dc42c5d1,0.71875
2ae8a432208b85a14e86eb821c86ce2b,0.9727822580645161
ebab7cfc7858bfb00c486bba21d6ca6d,0.751008064516129
d81bc2cec5b41a33aae23824fb40ad60,0.11995967741935484
363c1c39d58bce4fc3218659d0944258,0.7883064516129032
60c57911662a9159dfdd0fc05d975a55,0.9274193548387096
89aabf43d24dd5bd0fd0f5aca189d341,0.9768145161290323
332cdc372e83e255bcb54b0aa24eda00,0.18649193548387097
8f1c11c7b732265cbfc1bb7dbd0241e7,0.7903225806451613
a186bb74dfce512f83043f7b366c60c4,0.28024193548387094
251429848560a80abcb96640ceb102db,0.8004032258064516
9f4d14b114e7499772a797790d81c1db,0.9173387096774194
bad4f7c5ada34a1f813946abcfe5c556,0.9506048387096774
f9b52205cb2d03153fd394a290212a10,0.5131048387096774
5093ad88995f6fe457c7fe96bb0ed33b,0.6995967741935484
dbc73ae1c07d4f8e0101b55253afa45b,0.0010080645161290322
9dd9cefe38347b087dd318d82962cc03,0.7358870967741935
ea2b0e4a93c24c6c3661cbe347f93b74,0.9455645161290323
a24dae6b87885a55d81df1ea6d1abaf5,0.7227822580645161
4d04d759f5a6615dac43060726239891,0.7762096774193549
f596fa835cdfdb22d6494b012f61fff2,0.8266129032258065
b10627ff6db16c65eed2f21380dd700f,0.3961693548387097
e6a34eb113dba66df0b8bbec907a8f5d,0.8155241935483871
3a1461e8439091ad6b93af0ddb3849eb,0.35080645161290325
60e681703dcab859a8e336be27fd6cf0,0.1622983870967742
31c0a0bcf172474d82c69979df243e78,0.8195564516129032
458157e555a80f9ba01d9da37ef787eb,0.6350806451612904
ca9dec36ad0aa5a1473144ddcb74951d,0.8598790322580645
b0645cbec7653c887cb868a248d95874,0.9153225806451613
a650f349bbdffb95b3624519d1ba72b8,0.9758064516129032
e84bea8ae61342674744560dd7de4721,0.3870967741935484
82168325f126cecd669b2d0e030c9eae,0.04536290322580645
25dd2ae928b2e5e1ac2e28dbe2112991,0.8356854838709677
30207d209491dfb7de83344e77fd6fbd,0.7973790322580645
de6891b6f7a1f35bd9ccbc058b9e1a77,0.9465725806451613
059c8f8bb468064b134ea6d3661761ea,0.8175403225806451
1b5b3d7c6c7dd6bc9eae50f62f1d0944,0.01310483870967742
0cc2420a6a4698f8bf664d50b17d26b4,0.7368951612903226
024ab4a627859948030d54131af7006e,0.005040322580645161
8183f1e3f9806994e125b1d5c6932498,0.5967741935483871
c97220e6c4063a029dec2f8160977f83,0.5766129032258065
3e15d94435169ddada1e508dd8b83a55,0.4838709677419355
c942f59feffce9c3ab527135de234101,0.8931451612903226
979578981da3916b394bf24c32bace21,0.5040322580645161
cba33b3578113908d449fc66ccb245d4,0.8266129032258065
72108ae331f8fc30a836b4425071d7f3,0.22782258064516128
8f5959f21dc9ce9a281656f8d699ec07,0.6360887096774194
ea3af29626a95b6c7b89d631bf1a739c,0.8145161290322581
8ffd2b3caa54b2922e98a0d5aab5adde,0.5090725806451613
bda6b6e7da7508c68057140e7bd6cd8d,0.6905241935483871
c162a4f3943238810eba8a25f0563cca,0.9264112903225806
7ac0356578578d4a2cc89eaaae4b2dbf,0.10786290322580645
40c85a458df8d5a935122ba778d4f334,0.4788306451612903
2b34e29249594e9b48d9e48d741c6dd0,0.005040322580645161
399bcf0feb12a20ca0731d8d65268dae,0.6280241935483871
ea3433f2c148c6fae4cc2e9ae197f5b8,0.8810483870967742
4207ad1746e5fbce9c5ed5efe1e357d9,0.751008064516129
fec0355651c9ad579f01f3e332311725,0.719758064516129
2281740c4ae82360612b5bc7e9538337,0.5201612903225806
6a129e8ae637c96e7bb56223913911f7,0.75
77ad88eed91eef009bf64f101c96baa6,0.46975806451612906
2403a466dd6d1e4f551d80394c2aa994,0.2711693548387097
010f0ac2691bc0be12d0633d4b5d2cc4,0.842741935483871
41239266f2952a56a313fc4798f28a1c,0.6955645161290323
148c7eb0139bbc1b8c87dd31464742e4,0.8558467741935484
ef6752ce31dcb9e16b1155bbaa1a268d,0.3165322580645161
b3605f9c88d795522c4719140f30c78b,0.056451612903225805
3d766867c97f511431bf97e059d6498f,0.7933467741935484
6672e9797f695d5518cf225bc5d75c7f,0.008064516129032258
2f61368750bbc7603f01c928568e7ad3,0.780241935483871
e3ab3e4772986724760dbd52b7af55f7,0.5161290322580645
de24ab68045830f7ea823f771a1f7dd3,0.7016129032258065
8526f1f5fd2dcff7e7a73db743c829d2,0.7076612903225806
1fa555f9a74d47a6ca7a65a347bc885f,0.8185483870967742
180b74e94caf35fac5e1f0f4b7ad9d9f,0.9254032258064516
3f5f0d10bd5495e2c89d229c508dcdec,0.48286290322580644
40a6b537d995aeb12b0100e2cb6ad879,0.6471774193548387
7029eddc845e01d613a3bbc113ebeaba,0.6098790322580645
b6d740387526e21887b761f90fbc914a,0.3689516129032258
ee02d6d3506da57909d5e603709a295f,0.8709677419354839
ddd87ec4b9d332c2d8c02f5d1b08dbb4,0.7389112903225806
10cd502b01abafc87e2ecbad86389286,0.8931451612903226
606e1bbf95a98328c0888df01959b793,0.20665322580645162
a8d23fd98a311df2db65e5842634aba3,0.7711693548387096
6a6880faba39965be0e4b7d88966d1c9,0.6098790322580645
04c8be5a3a6ba2d70446812e99318905,0.8346774193548387
6f49ce80e0ccd47ad0a847871a57be00,0.029233870967741934
64d05989cb6f8053633b2127793200b3,0.6804435483870968
c4e57b91cc2be5a2232b3612abdf4c0c,0.2701612903225806
f11bd4248a2f95e53507c5bbf8dda43a,0.6794354838709677
2a7f11895ae7fe9fdffa52016207c561,0.7147177419354839
3e5f388f7ad4f160c2a1cdd1441d00c0,0.8104838709677419
8bb5ff097e0707dca3fe5860af20f4a6,0.7651209677419355
1e2b85c9dd011f32236de2f90abd42c1,0.01310483870967742
f7895578be91c3e9c71c7b89e3e798db,0.2590725806451613
ceefdf05689d052f62103cfaf41e81c7,0.1592741935483871
552e00cb506f739acaf08aa5641f9d84,0.6854838709677419
8a9f7499cdb85b8efa497bb56256cb43,0.9092741935483871
1600415004247da005dd77bd44c633d9,0.6965725806451613
1c86153e1b13ab5322c96f2602b73513,0.4153225806451613
913d55d109820d0f3fad120be103c64f,0.4002016129032258
812d57f7435a849d5f5b3f751e79b2ba,0.0907258064516129
9a533e8f2a6765bc2e56e7d36cfdf6b1,0.0010080645161290322
588a23811b3e98af68f4f0fb24a0daa8,0.6683467741935484
c097db640a5add77968cbfc7d25a2d1b,0.047379032258064516
10155b2834300619ce0102110a37b057,0.8780241935483871
e1b3393309a8b247e0c358c26176d13c,0.8145161290322581
2268b83b6cb307bfd1cd008dae1ce4b3,0.4314516129032258
e5a43b018c81cedd19e9a5354d32d469,0.4576612903225806
a6099802840e60febef8e896967b7747,0.8961693548387096
5c02713fbed5c1964b4410d9f8166555,0.8346774193548387
1f805f7f1e179c8aff263d8ad6b0e8f0,0.04838709677419355
d2cccbadb958c9c6547274fa10531f74,0.7368951612903226
9cb1cfaea33aafcffe7c261eb104ca56,0.14012096774193547
ab153c3e19553cead3d76fb9e00684c2,0.4314516129032258
92f000f936d3f349c5e7719a5edc5078,0.8155241935483871
79d5bee84cddbb27acb4dd7df378c789,0.47580645161290325
2cf53730a41137e7ad95ed3680541d80,0.28024193548387094
a4e01e28a0f5935d2644e18f17d7f623,0.09173387096774194
f402919ff0fe53fec5b6ef190f9e42b7,0.8024193548387096
0c17cef318a9e1c8895c0961c5ed2193,0.11794354838709678
6509bd0f539df985ac2f40c335cdb999,0.42943548387096775
c5af8314e36eaed98fc88f181f539e8f,0.717741935483871
433cf7e272a09b91cc85082a1338b8e1,0.7268145161290323
d39faf09bb3a262ec83a433ed6b7d014,0.1622983870967742
42608e863ede290f764f14c074e8e4fb,0.42036290322580644
69f46a090420a7f596df5d450ef67e66,0.1905241935483871
c8fce068920feb387167d44c01689295,0.48689516129032256
d4efe45b19fe9feec6b7f566680d9fc2,0.1592741935483871
dcbe7d79cee883fcecc7dbdf90d7297c,0.12701612903225806
fc1856f132cd513b1251fa39ad4ccd01,0.7671370967741935
94cbe1a4c874ed06029d9ff25043401a,0.09979838709677419
97f56e68f535e44ceb53d05f269e82d6,0.8598790322580645
514b34f09e4acd2397d38273c630d338,0.27318548387096775
aea50462b44fe88301c739b72353e16f,0.5574596774193549
c1365ec008032ee718dcafaf5ac17adb,0.7832661290322581
d05c86b5bfc092d8677507fb1eae8d66,0.5856854838709677
589c1370b3324a2d6cff6d1ff85341d1,0.3377016129032258
f45b62ab6ec22fb20364a7e05088158f,0.43850806451612906
56c3d1a8e4dc5c2aa7afbc1563559448,0.2862903225806452
7dfa96abfa7484bb6c9cfa90dc9b606f,0.7741935483870968
965d7a58f59ea6445b32afede05a4012,0.11794354838709678
2371e52106292ac4c33aec6f57cace35,0.6512096774193549
828c563319c7cee475b9b8ab6a0a048b,0.7379032258064516
8abb07dbe75731a017881e6513c40745,0.021169354838709676
03569e3fd843f501355f7853b0ec9361,0.5695564516129032
63a2de21003c952fd04b694d8444e66f,0.530241935483871
be7fc30c58dc772f88007fdefcf21a96,0.6431451612903226
2aa281cb383ea4c75a02810026bdc3fa,0.10181451612903226
4c2189b6b5ced3cb80093414e9449de9,0.9213709677419355
7da3f6ea2d795e6f6f6d3c7e218c0c64,0.16431451612903225
bace8d5431c11e75808b28a88981721d,0.18044354838709678
b955f67a541a149dd3b179dc62d37a72,0.5131048387096774
9ed241a051fe72047261df3b7e08b675,0.7288306451612904
41df3b4c55182503ecd97c6dbe47966a,0.7741935483870968
88f6f132d26c381c6ca15196e3122d5d,0.0030241935483870967
32a21601ca89d1f2629c1a9fc2de4359,0.2056451612903226
f5706d9ec821f971e4c08ee992995b40,0.42036290322580644
af7b4b776eca354f9857a607d4746d31,0.1935483870967742
3e93fd55a231bb99b67a666bad8446a8,0.6028225806451613
6c83fec6e8d03fad51eabc871853c991,0.3629032258064516
a9387e76477da8688775569cf540191b,0.5836693548387096
5b00db3216a94bcd5c4842499bf6bf6e,0.6048387096774194
a275369eb6be2a21380efd1dadeb56b3,0.012096774193548387
aad2c8fbb5e1201340fe4357731fc9ee,0.36794354838709675
7b2ff5940de11da4dc3bb208805dff11,0.6098790322580645
322498f1025a569812be6e3fe4f63ff7,0.40524193548387094
7ebc04cb539befd9f2e7faa131628c66,0.5221774193548387
d553a941df28d30acd783aab9a9881c1,0.05040322580645161
4973330392dab23937c67af9843e5359,0.5161290322580645
3d909dc4f1ef838508472bb4183a5e50,0.009072580645161291
54f7ee881a58ad84fe3f81d76968b072,0.19455645161290322
9ce0a7a1f79d1ad9045da7eb37a9718b,0.029233870967741934
ac0d2d99fcc88d1a80ad711d03a4e431,0.23891129032258066
96169c3701e79f42346c41eb7b5bf2af,0.3387096774193548
8507091bac6b1be88f3d360d6d535d0e,0.6643145161290323
bd0f4e14387ee1ac7e5fe586cadbbed4,0.6068548387096774
f9765bd9332162f70268554ab318197e,0.5
7b34b797cadb639f63827c6d332dd4e9,0.5997983870967742
c5e3c5422835403541b0af331a2cc649,0.2772177419354839
ba88d4e4e6a24ecc2a5aab6bdfbb77f5,0.7076612903225806
c82032c40c98975f71892e4be561c87a,0.875
1527fd8b14037f53b8edb26b111e1f72,0.8951612903225806
457d3865cf0a4bc602a07d8d5324388f,0.31350806451612906
ed1528f4822674c9e1da64b84c778e9f,0.6764112903225806
a6fa2de5f4576d1d77b1616786e3dd52,0.6592741935483871
48a5082b3f6a9455068b9248592150fc,0.07661290322580645
d0037fe3397f56b52e971759e3f2f7a8,0.2973790322580645
138eb7703e1255cf29760a4440de2a47,0.4324596774193548
651177d8464428aeb6dadbdca2aa5857,0.22076612903225806
64ed736c8b3674e71b67b2647dfbe83a,0.2247983870967742
f7962a90f4519ec1d1a9c7b8ef7bf396,0.3961693548387097
b9fefd4224e459a6a0d21db63b1c0d03,0.28326612903225806
624d0040eafc828499b5009791d96b85,0.4798387096774194
be17b29b03ed02bed133932284568d16,0.7943548387096774
a378e30f9be477f7777e409c8faea14c,0.45060483870967744
a29679284280410db95e5cb8c0b2d73d,0.3397177419354839
f7ef98bb6d0061b9368a72b1ff40aad0,0.2711693548387097
96936173022b85940115c9ea103505bd,0.5423387096774194
782772ed674928794b78f5a59ee3d08c,0.36189516129032256
e644522cf6d7222c9da7f9ecf614cd89,0.35080645161290325
3f1ed51e954b35a8108c12dd882b696b,0.5362903225806451
5860dac317300b1fe6094e958240cc7f,0.7580645161290323
09a55cd0bdf9fa4929eab3f0ed841bf5,0.3951612903225806
8e0da29b36fbc3879561566e87f11ea7,0.36189516129032256
e09fcc81afdb259b26093665724b6574,0.004032258064516129
14387daaf0161dd3c971efd0f8806ffd,0.6340725806451613
340a5698fe78713b785c3bcce89df73b,0.46774193548387094
5f00aa82fcb946cb92ac88116b3726c0,0.01310483870967742
db093685d2f3295cfa4da0a44d3d9ad0,0.5201612903225806
7efeb75fc542932a033b37b887994dc8,0.3175403225806452
706b0d627a9ba61b18e6b7b39622ac1f,0.3548387096774194
1664c7d0b9dec6e07df8542c0c4049c7,0.5685483870967742
74923f4bbde849e27fc4eda25d757e2a,0.3094758064516129
8da0c2f6e45d87bcee323d952b1331b9,0.2217741935483871
9ac5fec396208e598ab2e2d26985d0df,0.7993951612903226
c22d908caf17c77098303c6c2dc4261f,0.0030241935483870967
88956ab21ebb7e44b2dd317dd412818a,0.40625
b47757a69204f053308f7f5f0022edab,0.44455645161290325
b2001c0d80ba1dde927566a88a3b45c4,0.029233870967741934
0d3b942348cade7e1c41ac52df03e63e,0.1592741935483871
5ff9b5bc4b710d5ba958f11dfb223dab,0.12701612903225806
a167e4d4418792dcaba877443ed0e66d,0.3094758064516129
8b86b84549e5940744c30df2a573b55e,0.21471774193548387
3f38509af22157cdcb4006457529d25e,0.3387096774193548
2ab88102abd578df32831f4b3d9780ba,0.008064516129032258
eb355aa09804ffb6bba4fbb8c8a96af4,0.16028225806451613
8a70333f85e6869971ef357eceadf3ef,0.4969758064516129
5cf54b94a1d4a1090e829ce56a0359c5,0.06854838709677419
7094f73a67843eb270de7efa01becbcd,0.014112903225806451
04b5dd98584b9ead93ed64c586994296,0.5685483870967742
69536042153447ceb692aa53159ce0c2,0.8457661290322581
8b40296c81e6ffbc10306d4a2ccab530,0.4637096774193548
2f1e20d2c4e3faf6f5273d0113e76d59,0.10987903225806452
b9024a1f377b62508864cfea59b16a31,0.6854838709677419
c16907f7272c334959e9f980842194cf,0.3155241935483871
75878b49cacdd2ffdcea1186a43be92d,0.5796370967741935
4c855814a58f4f324e8f0cfaab222e1f,0.26411290322580644
855e8b78c6f45f9a2e3d5afb75c4f5bb,0.03024193548387097
ef1e4ce321f7da16072a07c43712b353,0.014112903225806451
41cc8ae817952c6e4f65a739afa9edf8,0.06653225806451613
e4c0082e2ab8c9772768fc29bb86caa3,0.7479838709677419
1986030e3c5cd5df6d869054bc96e536,0.5151209677419355
f22789b849e0b2e078bd1cc8c5a8e3f0,0.04435483870967742
3a3b0377948aef0ce33074f11eebf46e,0.04233870967741935
23597fea41001255f06321d42aefd3bd,0.5423387096774194
997c1b9bc29e50b9096303c708bb54e8,0.32661290322580644
b2db67c34d681308ebe8a71989a7896b,0.04435483870967742
46d8ab5615f60d7b522f3590976668be,0.5574596774193549
949af2c28ba6c0345ae58b9aed00a2c0,0.3074596774193548
7bbb537e486b770d58232a6c683a3a9f,0.7247983870967742
fcd575ef43a2ae77d9b7c10639e80fd8,0.26310483870967744
8273b64d49de82b918f36cdf1dc21a94,0.24294354838709678
dde2f514908a4fcaa80827346c7b7a19,0.6733870967741935
8647162c65ce614cb1ed14ce2c04f96c,0.006048387096774193
dff37b3a4d27b9220b9af1459162a48b,0.11391129032258064
6d8fe4ac153ead767024e041ff1f0ec6,0.3014112903225806
686f5c083a890bdf99ae1f21b2bb8db8,0.19858870967741934
6bb097e78e9285c1e4ada8985da1ebe0,0.23286290322580644
0c9baf281d7e9b3710e7899c792c2586,0.03225806451612903
a190300cd10dc1f6a551fa541ac736b2,0.025201612903225805
4b548f1f6fc22f32237396b7d4ffee6e,0.8084677419354839
105d5959bed2c9399522aba4291031fd,0.09979838709677419
208c8722c4dd18b60b2b2684272ff26c,0.2933467741935484
ceca42862d54f453bbe3f3608dd48f30,0.1350806451612903
1e12fd509eab963ecba1a4e61f87544c,0.19455645161290322
cd75e8016c1624c456f0d4172a156d10,0.06451612903225806
871b1c75e0386bab70809735d040ed28,0.1814516129032258
2ae945b550c248752a5b463c9aca1a6a,0.26814516129032256
4311a44a7d56ce4086afad3e75bedd6e,0.6028225806451613
9099a7f671b923c7b07c12508f17270a,0.6018145161290323
1212d9f49681c6174c2141b69203c7f3,0.029233870967741934
e39b1ae9776ee98190c8cb02bc9de792,0.3548387096774194
9000b563231e32a7003bf2ef20bf9a60,0.6512096774193549
f1efc4bc112c93b7dec50d6f73ee1abc,0.08870967741935484
3f56d7b61bdc82e4d12c6f58617f5103,0.17338709677419356
9ad89cc951aa3031c19c59c95e401614,0.2933467741935484
762ecabf897b23b519b18401b898fd48,0.029233870967741934
3a3d331b8e32c01156766bce8f3f75db,0.06754032258064516
c0c365b5a32a28b8d2602de07c5d0b06,0.33669354838709675
659c8730ab0e14603b7dc961e4d1eed1,0.15120967741935484
cae14798faeabb8e1b8840e712839921,0.5131048387096774
370829fece3190f1a8efccf50b7d0921,0.6310483870967742
4fcfad4a1e7822b1d1fe3ea11b9170d6,0.12298387096774194
9dc78fd8f2f7cb10e190e77af61c7ecd,0.6683467741935484
a66863bce99c6e9ae85e400d84c20e84,0.22278225806451613
3b6271c19d77ff6ea8b47966c0f88d43,0.23891129032258066
2e1a89d442a1e92163128a7476ddb842,0.1502016129032258
0584be58049c7828c032b2171aa00a4b,0.24899193548387097
f9382b37fc2cfd3cf606824a235802de,0.31048387096774194
2c5c5d710e1b9229efa72f98ca7b4e71,0.2701612903225806
d39f37b814ebd81091a949f8bd9d1710,0.6582661290322581
393e1008732683271f91b358ec4b6b9a,0.16532258064516128
05b2ee3a2d03e9007c7d3d1aa551ea6a,0.1622983870967742
44d0aff026e872a93bbb55d24f700403,0.05241935483870968
aed0d8840bb7da5eacd80c6f9a1f91ed,0.31955645161290325
0a7129142270d25d1a0ebd3cc7299b78,0.03931451612903226
5034598009be77942a505e7c9978b06b,0.5453629032258065
97f26830027d30dfbd60b54895af0660,0.3487903225806452
2ad31c7624bd7744a56a5ccac67ed01a,0.5060483870967742
9d4e16844252e2dfbaf80a4a6fc4d55d,0.3004032258064516
b49123625013b63d3477f16690e44b87,0.1310483870967742
8f649d1053a0ead08b37f8e06fbb2818,0.5443548387096774
f710c0927080e422094a96ffe13b389c,0.01310483870967742
eb3543a838a705addef1d704eda7cad3,0.2772177419354839
b852d140db24c1bdc14fe48c15d816bf,0.14818548387096775
dc9c55e36f5c77f976ae9e5923f0138f,0.08770161290322581
9bbc14160e2a3f585563897d63fcbb4d,0.034274193548387094
bcc459d2ef4770fb54f13f872982cd74,0.07056451612903226
cd530d1ab44fdc524cc2ac4d5d5ad753,0.0020161290322580645
24ef07664cfa04a819d7797a89e653b6,0.2973790322580645
65fdf4d7391f871f0300dea4d5ed8a5e,0.018145161290322582
41d23d8bc82f57b26b6896d5e2e947e8,0.32056451612903225
4be97abf1ab678a8322783fab899c3a4,0.16733870967741934
3017f87a3b0f5200ed54eca17eef3cbb,0.37600806451612906
35513c8de34a49ef37dde85737e6aef9,0.4183467741935484
9a382464e563efa49cd595a4906b1829,0.06451612903225806
0f1957fa3f01d5e29bef7b4c64004949,0.0010080645161290322
65d765be7a0cedf129dca903f35b0dba,0.10080645161290322
1ef782a559e3e0a4ab42516e0a2c828f,0.3316532258064516
8ff141569b4199dd1a10ef43667b7d0b,0.03225806451612903
a7fad69a900f747d777bf13f8c1ffd83,0.18245967741935484
f1ec26f3b864ed6448a819f3f4f94ee0,0.0010080645161290322
f655279fdb3e9fe733677c83df662486,0.5282258064516129
afec125e09b1d1459a438bae505dc135,0.020161290322580645
c123ec846a7e3837d1247386a6060ad9,0.25
e93e0423b9d85b2cee4e8e5ca8de4506,0.046370967741935484
cae1a396223c8ae6a41306c8798f3e26,0.008064516129032258
53a3898d13772cd430e49b5e8e6b6420,0.2247983870967742
07a9be743f0b608e57752b0d7075f476,0.014112903225806451
5093cebf67405c910fb68525ffa6dc3d,0.28024193548387094
ecaa9f4e15a28f212d9bd60f749191ab,0.6431451612903226
d75b7080930e7a77ef3de8c6154895b9,0.3840725806451613
625b24147a62399824f086633ce0718d,0.036290322580645164
12bb0c9249480c4cec2cc9f692018806,0.6149193548387096
4de9f653ec2cdd0c95e012785dbbe3c0,0.2127016129032258
39f0229712e06daf4b92b11967614273,0.16431451612903225
aae474b2c94de520129fbd80e437bdf3,0.05040322580645161
7891f07b0eee73b9e772d6b8941c4d9a,0.0907258064516129
2d575dfaf20c70d49b09be32a1492254,0.5594758064516129
9f74473636e6874853d88dfcbcecff49,0.5695564516129032
f42cbd076eb68f89959ef6ed37604704,0.13004032258064516
17eb8f1499b7ca75dfd8f1d77c0f23c1,0.006048387096774193
01f818b8d180b61eafce02301698167e,0.018145161290322582
a91aabc6f98b9c01a37cb5d8bd37ef81,0.09475806451612903
2480f3aa1e7784b461d9b5b83a6bfc81,0.46673387096774194
825e1e1d675a615bb3e6914499939c93,0.15423387096774194
b8ce07f9febbf686ec503d8f3c775252,0.17540322580645162
b3bf877149e7a31ad9a7397a3ca8b011,0.2862903225806452
bac3d8ea4685e825ef8d12b2a6979577,0.2903225806451613
fa484bfe3c3a250942fe3d584111ac98,0.06955645161290322
9e534339c3ff6b3cda905afc0055ddf8,0.04233870967741935
1ea35f229918b90c6e5b36e649013acb,0.007056451612903226
a1996f886b29dc4c81292ee730b6ff23,0.0715725806451613
117ff1554db73ee2b75a87f292a87318,0.07056451612903226
eb004c87f3892e430540edb78b3501ac,0.0967741935483871
30234aff03c494f183f1202c35ae0ec9,0.08064516129032258
29c4618f00367e20afd813aea421b8e5,0.25
0f8b58a69044f3ffee4ec67bf1e9c733,0.023185483870967742
def8acc0fc88cc9a9cf110370ecc2c37,0.1280241935483871
d4ecacb1c5dd718619484c98eb79161b,0.03931451612903226
04195686f2b70585790ec75320de0d6f,0.5957661290322581
b796b2132a5015f869c8b5ac44a0e2bf,0.23790322580645162
fa755482662611ad7ee7a1f09b670417,0.07056451612903226
cfd2c8a709de06f4e55e56b45f425904,0.04233870967741935
992072d045462445dc239b35300af2cc,0.4798387096774194
5a864f8978bcc3e0f04679edddea9136,0.1159274193548387
5e99c84d99dca9630c51c5fb88000143,0.15625
23c05ffd2b0ba1534717ee52a81b589e,0.12600806451612903
a3099aa18f246ab2799a3ece5e25390c,0.023185483870967742
b9e1df39f3d1a33fd40d4f1eb9222d90,0.08165322580645161
bc5146d3526a9ef5179457a2077b1b46,0.5272177419354839
8a67508d569c888f9eedd0a8c76311fb,0.07762096774193548
1a5526b9f7147b6893f1a034a107cc65,0.26713709677419356
30518d68de113eaf45cdb3061f166cdc,0.17237903225806453
b4b51c098519402a6feede24226df258,0.024193548387096774
bd558e3335c7dd8946a57eafab113a7b,0.056451612903225805
9bf0d2dbffe7925240ea811d2a4cd625,0.4778225806451613
aca009660958ccb999b4d1a05bf15547,0.2399193548387097
ed0b8a77291b620a3922cce22e629376,0.012096774193548387
f9b9b7db378357774e672fe5ba242b12,0.3125
71e1f5ddd607de56a9a4da370e88c216,0.10786290322580645
68ee181a51a55ca3814763c9214cfd8a,0.4485887096774194
efa24763c9c317ca6df8f0f84c077316,0.06955645161290322
2ab8310e1e510f8045c7f4d191fa36be,0.28830645161290325
7cd4b96ef4555b3637f235dcf8e861a2,0.0030241935483870967
81ffff76d37822a18711f808b30eec48,0.11189516129032258
1fb601d8edb6994ffb112ad1a34828d5,0.35786290322580644
77f4d90aa6eb8080927f59ee8bbac375,0.5030241935483871
4dcbaff9408515476a699e39fd0781a9,0.21169354838709678
bc5b6cc17572b4fd6ebd80081410427e,0.34475806451612906
6d4281b6646c08db88799c8bef2d14c6,0.22782258064516128
c1b636001e0773f9cca8096d70e8b5de,0.17641129032258066
7be9bac1b13acbd8acf0de464d7c20e6,0.6391129032258065
07f51bf21cf9c1f452301d7a2f32364a,0.21673387096774194
d3d99580d90cca486a23372a474e9571,0.4012096774193548
bb71ca8ee24078d5ce408066f6507c3d,0.02620967741935484
5060c3e2a09fa467adb334612f2f3b12,0.22379032258064516
b16c60eee294cf7bb36f9066b70fee64,0.004032258064516129
b560d790dc4dd2e6c7e41bb9b963a319,0.028225806451612902
77de27ab35bd34b99cbc086d100a2aae,0.04133064516129032
d9b76ee51ff2b6961430bf352cc578f2,0.3397177419354839
a89e16cc9ff543c7fed65aabce52fbc5,0.0655241935483871
9e490aecb0400165218f466dacaf265e,0.0010080645161290322
d7fcf834794e051543c3b9d998d9a6b4,0.08568548387096774
764bb70efe70ec930379806d178319cb,0.22681451612903225
6c4de756c45fa6e7e5adfe196f9f0039,0.4536290322580645
101495d5b686e8470f0d737805bf5426,0.007056451612903226
ed1c3370c86ae00e0062a3498ef06cf4,0.17540322580645162
19cb3add28813b2bf3e1f40a000d33c2,0.8084677419354839
131d3b899e72f19fcae1b0f9f8f3a009,0.3074596774193548
f6c6e7419ddde1e2e1d4a790ec6babfe,0.21875
ed5952d1e022067b212146b9b3bc6812,0.5080645161290323
ec6c9ea52e88226c339487585ea02f42,0.6844758064516129
2fad39e365933a7f925040cb3c2a5ef8,0.4657258064516129
3fe55dd5e59267f275e972017302459f,0.3004032258064516
8a261f382a739bbc5f9494b2c64c2744,0.9042338709677419
1a389bf765c8ff0f92600f684fbe7ad7,0.686491935483871
32382a0f5831da5faee464d011b5616c,0.35181451612903225
fc613984c6bd68a102eb7daee76a24a7,0.06149193548387097
05a9496889643275df497d47dab015ba,0.06048387096774194
686d42b9552375c3b61301ae5605e3a2,0.4264112903225806
5ca5ea401c8d3569e69626d2f81d5578,0.3477822580645161
fe17c10a502d225cb6d5ffa5f27dbaf0,0.0010080645161290322
426bd7119a31b73ef734771a071a216c,0.7066532258064516
e60d8d14c88432b97a848f6369f521be,0.13205645161290322
278d3171722599a7871e95fb6652d04c,0.006048387096774193
7ab1bc6052053650189083370055ae66,0.5594758064516129
490d2aec117bd7289577684ba3cc1b64,0.43951612903225806
a66dd8d31584930c2b0f811f572dddcf,0.5504032258064516
c65262f668b9f6f02118e02208ad412a,0.18649193548387097
9dead2ae151a6d625bc853bca584fb47,0.0020161290322580645
59597cd430deea6d8e0908dcd6db7e50,0.2399193548387097
beef5a54aaee13f217ecede427cb3071,0.35786290322580644
8ef31508d9a2fc6f83935de5607a686c,0.2923387096774194
25def15fb42bed6855ede4893d27a21d,0.563508064516129
0f92fcc184a951ff8b0914467ad2f8f9,0.7469758064516129
282e0ab87377ea45898f985139d08cbe,0.15625
6370c2e988068810ef318e600e98e49f,0.021169354838709676
40b80783645ff144926c6754562ac84b,0.059475806451612906
0f0a1f8c92368be6e8d3145bd4e94cd1,0.6663306451612904
f5707f6c56b77c2eedaf3182868dee84,0.03125
477734397215c70bdacce28d5685cc6e,0.3286290322580645
3821fdab93fb5bb74e9718f7b8a92de6,0.05846774193548387
e7037dc2701d6b9666d2c0dab6110ae7,0.18951612903225806
376917760e5aa918592416e980809536,0.4334677419354839
a45c74a0b36ad06a3139ab86fc086d2c,0.02721774193548387
69d052e452e79d571cba042af265d50c,0.4909274193548387
ac9166cff57e7ff3581eaf798edc726c,0.3326612903225806
192522c9b7c41f7a761f8a2ba792268a,0.6693548387096774
1fd31ccf4d6163405f70131e32d5065a,0.3810483870967742
a5ba5f0fb3292ed102e0229e7bbd7d7c,0.0715725806451613
d6848f095e45534de566ac80e853afa2,0.22782258064516128
db7fb1475575de48d26d827dc0d1e90d,0.05241935483870968
b47e999a38113e0e4e2b139e8b861fdd,0.1592741935483871
1122e3e704b3328c5260229e1d706986,0.1975806451612903
b835514e2678e3c7ba13bfe0a0d79bb4,0.3125
a3607a88a8ed64e24a374847b23e404f,0.75
286dd82fd77cef27aaac109ae8467ae8,0.017137096774193547
91dd7ea72afcd207e750dc2dd0242b88,0.125
9c25197937d1f54e2634026fbca6b55f,0.2590725806451613
9fc888375a2ec9ad57f281ff5b0ec5da,0.1622983870967742
f4dfb45b33372cdc0dc2fd20c0d0b448,0.25806451612903225
1243750138937650754b619370565800,0.6159274193548387
8aff935557eab67b0baa4553b8518105,0.3487903225806452
ed650902f8915cc841d960f16c7f9a7f,0.07862903225806452
0d698d0db80b1389c4aeea452b1ae74f,0.04233870967741935
9966d19ecb6b9cc77d27ca265adb099f,0.036290322580645164
e45b87169ea3a901a3f87087e72d0f80,0.06149193548387097
904ad13c7b8512200836d5cd9fb09e1b,0.3165322580645161
2ba780a1da702c22b0db896f74889bb0,0.13608870967741934
7edada08bef8f3271b694a9cf4716000,0.1502016129032258
012458b9050e020a433f1cb844082536,0.09576612903225806
b43518df5514be29647a9cf28bd7e44d,0.06754032258064516
90104f2fbcc925a6619e805c7a625c57,0.3467741935483871
b5c6d0b039ef7e7995701646ae6dd0dd,0.13004032258064516
71b81a348625911cd139c0d6f21b5e3c,0.059475806451612906
b1a153ff5a21342991138e7f7dd2658e,0.40524193548387094
95fb1be2ae50b6d347649ea76c2a1874,0.39314516129032256
bfb7bb16ab570748b3a5d099e9426af1,0.5997983870967742
f9f5f08e8da4cc9740518223846563db,0.3689516129032258
281ff55c72652f6631de4b83292c1657,0.06350806451612903
0794525203824578792400b65a392cd0,0.17641129032258066
18c5cf461ba1a637d16916241761fcb6,0.004032258064516129
9feb787c5d93ee7414525883476014a1,0.009072580645161291
4bec204a5986223b16143ad5db1c8433,0.16431451612903225
6a17479edbe461431433bddb084f731e,0.7258064516129032
69f030a003a489d4773772f45ef1b094,0.0967741935483871
0f9411ed14b5b3aa1a9655523fa33004,0.18044354838709678
2086666afdd5de098b04a94247040c11,0.43548387096774194
e71461ffe18aa4dc3b1f7ba4a1011cff,0.5776209677419355
a2e292ebd3dbef49b94a2c0908d309b0,0.009072580645161291
4f5f73624a744f442dd5891cab87ad32,0.1159274193548387
f19fa34c0c987ab3bd8aa42d8a4d21ec,0.4375
78dbb4ab3851564e1047ad7f98ef3c4a,0.1532258064516129
0b05a2e48cdc5f9e766bb0f4c209d4b4,0.5897177419354839
4675227e9e837600c7110d78095ddffc,0.006048387096774193
ccce7fe8aa849bed027f6898300e0c45,0.4012096774193548
635434066703af2e5095615e4e5be784,0.056451612903225805
7d4bc1c15b975e6ffe247f13716e5f53,0.2288306451612903
5d3f1ffe48b5722db97af62a1d7eaee1,0.06854838709677419
4ce0afbaae4138f34580aa9f62b7a0fd,0.36189516129032256
e6c58b2fdad04cad84d4ed2a9e1fef1e,0.0010080645161290322
c73a40388639a21753c31b38dba9ac93,0.03024193548387097
f3c30aa47b3639f25d168a810ee07fd9,0.04133064516129032
46d95c5591ea8068886745a3057dc5d4,0.0030241935483870967
bf9d2f2731ac624a32cc2d0ac7acdda6,0.057459677419354836
cbb1dee8bf80a6cf676e15d39d9979d1,0.18044354838709678
1c94105978b1aa2095e3c0096774f240,0.4647177419354839
98ba053a7de7576bb3d198f69ec5d944,0.008064516129032258
97136f4a5b383c1cec38fe6122abaf31,0.1461693548387097
26d3b0244658c13ba2f695da4ac741d4,0.13608870967741934
ace82e3c04198dccd1ef8c720c2937a1,0.03931451612903226
409e6e61969447f038bb2a3faf4761f5,0.09576612903225806
d7e3162bbfd14307d103314e38458fde,0.018145161290322582
bd5490386542d58e4293ecf4a962bd9f,0.07258064516129033
28bb502265419a0e86626d75a1183ce7,0.31149193548387094
96b08b31f324f113c7b260a50f09860c,0.2157258064516129
721825454fcddaecbb77f3aafc96c85f,0.10685483870967742
4a133869b8ac3448f3e3928f0e29e9e0,0.04133064516129032
5e69d50b5a886d1b222f36de84a9dc98,0.2721774193548387
2a99ec1157a90661db7ff643b82f1914,0.3004032258064516
dd909a4207895b54b1010161215f6af3,0.1219758064516129
f10155af1849a17996f302d71b32398c,0.3074596774193548
55d4d3011e1f3bb8e4e5089b801b61a4,0.28931451612903225
f3637e3e6e2a60787250bcec8536342c,0.1381048387096774
8c92e79d57630e9d1c9be769c5e050bc,0.1028225806451613
d8c2dd2445ef3c7e2f47744ed743d817,0.0625
cc4ef2851af2c09d417ce47f36ca0aea,0.024193548387096774
82c890da8759fa9477cd991a1f214b3c,0.19556451612903225
3770927c622ba1695e21eb4d072e68c0,0.007056451612903226
74c822323189903e75308dcc102abd9c,0.011088709677419355
2319f9fecaef59a51537cdcb69cf5615,0.23588709677419356
33852dc244bb69590e8e756a83bb2f4c,0.34375
e9cb4549c1be393da1edc5182aaac259,0.028225806451612902
d9631313544cb6b9b4cdfa65a3d6f1a4,0.029233870967741934
6aec5246e999efbc0cd2f45474ce27d4,0.09475806451612903
95348b8c18227b458056472fc9eeafd3,0.14919354838709678
8926feec7d0d3ec7721ca6d01e982e9a,0.02620967741935484
dbf66b939bf95734d6d1d3ded61db886,0.06149193548387097
f12011ad5219b22b6ca790103333a755,0.4949596774193548
f165c4da4887d8e4295e6008f28e1963,0.055443548387096774
f289e5c65b9d6ea7e938343dd95213b7,0.029233870967741934
93b35ab48647ae0906827f3f3cd36e3c,0.038306451612903226
3af2ddaf4af4b5ae4100439a9c3d4099,0.42943548387096775
a4e2a4e1321a599651edf92f6999e78e,0.3165322580645161
51a63d18809e04591820c7e3f3acf0b4,0.20262096774193547
7fcc006dbdcacf51ffe14d05912fb2a2,0.008064516129032258
77288ddc05bdaf084b42bcfb5c2bf2ac,0.019153225806451613
075eb451ed18cc7fa554e88c2726e7ed,0.028225806451612902
9afce6ed6913f7cd5cef6dfbef1b3041,0.13911290322580644
c29b6de7430636acc8d4a902bbb50792,0.010080645161290322
237135dc8b20f922cabee934f7d410a1,0.59375
90c2b51afe404951ec89bd52c7ae1f58,0.30443548387096775
ee748605191c5479146ee07a3193d218,0.08165322580645161
481e48328fe7a9837c7233de8f60fc23,0.34274193548387094
810926a593979f3574e3bbe7defd3559,0.26310483870967744
4acc36d268585bc3834e627756313b21,0.08165322580645161
426470a33f38b17ea3c7ecb3aeb0b71b,0.15120967741935484
8a20667bca2eaf2a0687995af876a84c,0.32661290322580644
d811bdc0b7df9c5bb8c5bf3f2f81c71f,0.005040322580645161
fe9e26ec6a9f6ca383b92f65599f3265,0.010080645161290322
c0fe2ea50ea710bc2949cea960bc9526,0.07056451612903226
00b1f9a171942f3af27dba1a8c45c86e,0.007056451612903226
d78ec4f2892653387cc981d07a806a44,0.01310483870967742
bc4ae61d84daab04b0e888d22f7d3f69,0.025201612903225805
03fdbec0c9b63a05ae79f92c6d3a4cfc,0.3467741935483871
30c33935bbb62ebf2c7b3889ffb00e9a,0.01310483870967742
1f4c8ba04bcab2849c9ddfbd7fa3d1ea,0.19153225806451613
bec8242725e14c8604acc30e04bdd40d,0.036290322580645164
25e04b2be57def00437d44ab461e8773,0.3084677419354839
54d1e5c5b11b31957c6e09adfff851a5,0.017137096774193547
02850c5e9fa34a359a17be99deaf54ea,0.0020161290322580645
613e788eb7ab32a11b1a6063b73c95cc,0.03125
04e13bfdc56b7f39045417145b542485,0.09475806451612903
b6301f41d6a9b6e81f8daf508ed68fe0,0.14213709677419356
ef1616938612ecae94c31842853cb904,0.5877016129032258
a2a5e88352e05442bb5d52766e1079e8,0.13407258064516128
3bbdcda6e1bd1fc2146b50462261a745,0.2247983870967742
226d7503ab3d1ea0ae84d97fbd804323,0.18649193548387097
bb769f42c78f86faa2801cb2c2abb8dc,0.3639112903225806
218a6324d16b842a38c70f1088a7c8b0,0.18850806451612903
1af0c505e44caaab1572d6c8c9dd5f6e,0.1350806451612903
2ad8a4ebf774763b765f4ab5b516ff21,0.3064516129032258
fbdc973ebd351fd43a0c41fe3ae35f2d,0.03024193548387097
8953b3a0eeed756008e7ddb55683c29b,0.056451612903225805
904d063813394e9a3cd5a23fef870ec8,0.04233870967741935
8042eb376d870b471cadeab735dee5a5,0.028225806451612902
21ce8465657612a85e2f89e74d285ce1,0.2560483870967742
2c6244626b7d94b8e4a351da9f2f661a,0.014112903225806451
d26dded305818ce9a1664421274eb54f,0.04133064516129032
ccfb4c8a7a57ffb8fd5212276ff2b193,0.23286290322580644
94b000e59b7ac160b0416c9ab45ff0bf,0.3125
f76b45283f85df53d834b2d242d43912,0.03225806451612903
334af877a390268de17839f80e212fd0,0.11895161290322581
f53698eb7c65c7958243110e0476b9df,0.03024193548387097
f314bc92aa4a3db9d82fcfab3efca3f2,0.16129032258064516
45049f029cc8b4635e40d2307b936ee7,0.03931451612903226
a04295ee03dc1896dddeeff5c83471da,0.12701612903225806
943a8eef2c64f7721700f5bf3b1b6a6d,0.011088709677419355
8c44679bb305f1f05f64198a2e812f74,0.11693548387096774
3edf7e19ca2ce44d4d3daa243e8725f7,0.37298387096774194
e1f0b2ad33531f4dc441af9e674c4532,0.02620967741935484
266c2a374ca451985731e1e1b5961bd2,0.4495967741935484
7e17a5137fd9dab8c02617a186088c4d,0.16733870967741934
b4ad208caf56be2b8a668c4209b4af1a,0.13911290322580644
e9c08b25b8c45f8f077c6d5306f0c10f,0.19657258064516128
cb0a4e591dc9478a769223b7b54cdba7,0.01310483870967742
3308e2a1a3e3b1c377bd665e6da73076,0.02620967741935484
e9faf1b7df72a2022c6f171b2b18c63c,0.019153225806451613
7da7c0414c8ace7ada3e3abf887769f3,0.014112903225806451
2c1dcc76478dfbb19fa59690738202c6,0.1532258064516129
d32627161d829a1488c2a047669cb29f,0.3548387096774194
217185aee687740c4fa3cc0aa17ee4ff,0.13709677419354838
0f6200a5b77099113b52eea9a8645181,0.21875
8908922264dd8fa657ff925269d7c84f,0.0020161290322580645
bc149bb0a10df94c8e27c5a380e85762,0.05443548387096774
3655a0f6e79c6719e0cbd4d45cea0a97,0.028225806451612902
3c2c65656901768d1f8b3243c09cffb0,0.14213709677419356
3b092a59cd0e2d57483420cc994ec49c,0.782258064516129
5bc910157a049856e8204e4690fda3b5,0.2127016129032258
7201d53bd647437ec3de879774eba498,0.3387096774193548
7b48ef171058b9c24dce153be4522f6c,0.03326612903225806
4faf0d1e462b85e630eaa40b17d8d744,0.18850806451612903
a7b427a226422d10e62536b8d41e02fe,0.28225806451612906
51625f89e7332f46ab0641e10cede6ea,0.3407258064516129
59b50bf20658984bdcd60f3f4692d83d,0.028225806451612902
41b5e3f4ed225cc1df7610597eb6c152,0.015120967741935484
7e9ed2c841e64976eace4b578ff56a26,0.46169354838709675
33eca2517d1efa773a0c92b04fa20f51,0.0020161290322580645
1dc7b1ad3ca36e2cb25d184fbb6436bb,0.24294354838709678
f122a403c3cb532d0de09471b0119588,0.1461693548387097
ac0202d177961ffb380b6859272bde53,0.37298387096774194
5adb8f27b50e928b66cdb676e5d6817f,0.15221774193548387
914da2ef34e9ce1722703bd900d4893f,0.19455645161290322
f8529e2e737999b4a7d06420482d4af3,0.26310483870967744
aec9d6920c8746590e4dff84ba121b90,0.4949596774193548
85599db51392e71e44852b47f9044888,0.07459677419354839
874bbdbddb1c6acb289da8e582ee323a,0.024193548387096774
0ac7d4cacbb81c9c8182426c988a1c21,0.24798387096774194
237cf8a57daf82e1ae32de48622f3be1,0.059475806451612906
49690d4987dc684fa4fdbdc98a986175,0.1310483870967742
07e72ded79075ba77ef0d19e61a1d894,0.1381048387096774
c3937c933413c88df1db4b761e0e3ac7,0.18649193548387097
6dc0c4a90dac65768d984a18f3c24371,0.22278225806451613
27b636c66fa117272ed27920bad78969,0.4012096774193548
2a8a90cd5770804a5f23f425004de7e5,0.3235887096774194
8fc9d71dcf91cc009590b2ac2d0c4255,0.16129032258064516
69496f96dfcd0a462a28e681fd85d91c,0.125
95f975f50235610bca818dcc9d97f7d6,0.2600806451612903
f19d0c6a1a450ebcad7ca1e6040137a7,0.23588709677419356
fa9f7250a9f5f4de06677c711c3299b3,0.03225806451612903
56d7bc1dfc5bd354309f62f593a414cc,0.13608870967741934
80d6f54d9052613767e0ad9c96ec59c5,0.06955645161290322
1db407bfd1aa3f406f79114b02e1f26a,0.017137096774193547
d3f86c6a6fd03654e0848a1fb1ad1385,0.16834677419354838
ae171d16e3cb68ad19636a58839a1ef1,0.2913306451612903
7e57bf1306ddc4beb5aa7a1084d8c845,0.09979838709677419
66047b69a772cae3e37186eb74254da7,0.3094758064516129
b423592b0ae631882095792b27729b9c,0.26814516129032256
eb50bdf45e9944ca372b8c05fb7f2e19,0.10584677419354839
fd548a53b2d61d3f284e6acda1550240,0.014112903225806451
7ac53f394eba5db0415939903677cbee,0.008064516129032258
7b0bf873a82e477dfe969605512e9aa6,0.034274193548387094
76503030e0c4bccf7ecdc9b1a298e6fe,0.1310483870967742
40c2e16562e6b20f52db945da4b0fb36,0.07560483870967742
0bcbb5384c8d8dd74ec8faacd796aa4a,0.12903225806451613
0c3ecc4b4e9843a4f59e84d92303e107,0.07358870967741936
7c82a2ef7685c5c6dc3080f56033cee9,0.3024193548387097
aceae4f4ec5c1662ef2e46f356ed9141,0.04032258064516129
85c05d873041801d03eed489230b23f6,0.6875
68db566a60ba7167b024b4c5032d9400,0.16028225806451613
510f6fbe9dc6277103f95f5687f1f47a,0.025201612903225805
8517292e832b4281061de508bdaec7ce,0.023185483870967742
ec8ac8795c3780f5673c2280c5eadb66,0.10987903225806452
18eb9a38efb94c678ddca41a7fd426d8,0.1975806451612903
3bff9ab82e7f2a76cc22e687ac7b72fd,0.38810483870967744
3f07f90338f593bba5b62095eef8334f,0.07560483870967742
1a962bffebb20d79245326ada6fa9b4a,0.04032258064516129
b24af9953d1bbe84020a4515bb381aab,0.03326612903225806
c4269a6e9bd66eca53e710c9f9d9ad4f,0.08064516129032258
5471e9f19f8eb0393b519685a90665d4,0.05846774193548387
f92dbd332a1506f6bfd6cf3845d83de7,0.11491935483870967
ded95a38249296507b8b0cf2a168a1f4,0.09979838709677419
3455b12191d6239d0b16790b1327c72a,0.03931451612903226
0d1862657fc18e99624bf5477d6ea737,0.10887096774193548
54f1d300dc3ca19e79e9c28ddd2ee377,0.0655241935483871
abed38d1151ed01171cc32be9fd99cef,0.13709677419354838
4ed92d8a9aa12253bbb71131beb10a73,0.09173387096774194
3827b3842aeb746f26bf177f8c2782ee,0.04233870967741935
07f8fc0c1d37c0c0d25b17a022935e53,0.02620967741935484
1a216853ce03c35637e3b78e2f214d01,0.07661290322580645
14f11556b1fc9132c5ab27b67a2479bf,0.4012096774193548
30c16856bd5bae4cd2f1182341b30ffc,0.29939516129032256
74749ca400d4950770095788fcb07527,0.06048387096774194
504b94040bb47095ba427f9faa7d4773,0.016129032258064516
b59b22ec559a04b546ca3ee524efb297,0.13004032258064516
72d6ddeb60679dd2e2844fe039e1a760,0.0967741935483871
bbbf60f0089a8b38603c9b36f110edd2,0.24899193548387097
edc0a9ded4cea99d9a5d5c877faab25b,0.04233870967741935
310e866d8b3509921e4d70ff7c041db0,0.06653225806451613
f8dd8b265f271cd6741e14d786acfcb9,0.0020161290322580645
f7398eb0736dfa29ea77959c2747dca3,0.18649193548387097
96699885333d35a03a48ea4331c78693,0.0010080645161290322
1523e34a4cf92d6edb37a1a96329140b,0.08870967741935484
f5f4ef252850e0b1f378923731257d69,0.13205645161290322
b7bb2a8d1f32c0040e14fd924c24842f,0.0907258064516129
f511f8dbbf1c5e93a1723f8bbaf64a80,0.13608870967741934
b86a868dbc82c62c7f2005b7b806d2c0,0.05342741935483871
7c1d23b01966f7b42a8787158ed82354,0.10483870967741936
6c1f3bf3e2186d0faf5325be92f4c974,0.05342741935483871
8bb855aa2f7466d67590b0ac49ed2913,0.0030241935483870967
bde648dc2bd51d522327b0bb99e98340,0.3387096774193548
8b159e3b7ba334383b185c1926d9b9c3,0.22782258064516128
6acb81d8f618f4bc0df15d427b4c3de7,0.22076612903225806
a42ad1956d801cce5e0109dc0e987ceb,0.17137096774193547
3233034b11dfc584717d9264882a4fce,0.14818548387096775
1c0da15cbc0e592573778509374584ed,0.07459677419354839
46f6533229ce1736bdef7203c6b5a10e,0.0010080645161290322
b69297ca12c34d65eaf3be8144a85527,0.0655241935483871
affe457366537f2bc55df96eab9bc304,0.007056451612903226
64acd1cc6ba26f74372bdccbb9b8065c,0.04838709677419355
b70f5882bd0a655535cc211bc74f4710,0.03024193548387097
dc756b30df34a1f3ea3d2436eebf08b9,0.21875
009a4919860d6d1fddec5d3771d37351,0.03125
57586b9aed8a2774ee931788bd8db796,0.1028225806451613
9136546850557170cfd0255fdbc5d23f,0.08870967741935484
1aab913302590e21a7be28b1494a3320,0.49193548387096775
a36d070ba91e6c48d0c79036200d0b20,0.1381048387096774
72b91e8cb562488d50be7aa0304e1d50,0.0010080645161290322
8811db37578400b0f4df2d223ee7ae98,0.1592741935483871
5e99e7abaa5f59f6fe49c9752421dd3f,0.06048387096774194
b488008c6121604a9aba25c218ac052f,0.08870967741935484
74ec9fe6ffab4ecff6d5def74298a825,0.21370967741935484
cebcb0fe524fb1cf0bfb5463ae228bed,0.3497983870967742
6817ffc0a2a620b29645a5463a37aa1b,0.006048387096774193
5f9d6c173705f19cd3a1e5145c52789a,0.29435483870967744
21edd883fc4494c86aa848866c4186e1,0.0010080645161290322
807d205612c02248b22e108af29f05f5,0.037298387096774195
639ccd8ce534d9dcbd632dba523bab3a,0.0020161290322580645
c87505316393440f6d861a05f4d6e17b,0.0010080645161290322
3a51e5ece70623043343dc6920142dcc,0.0010080645161290322
0a5225695ff3a449ad8ce395d75c3799,0.2086693548387097
349597e93aa4fe5089eeda8e09392f83,0.04233870967741935
25f9cac7332bfbe3973f03bae0ee15cc,0.3407258064516129
cc42ed01e236e8f05d25a7310d47e354,0.1532258064516129
2ffcf53c5728bc9a71f862e99bc454f6,0.0625
5d62137a2d05df0be8d6b7e163a3ef08,0.40524193548387094
5ee1da6b8eb2e1149af74254c8c07736,0.09879032258064516
d21d56ecb663533ef8e445035cbf3a5a,0.11290322580645161
1a85692691701ad327d6b470168cd3fe,0.018145161290322582
2bb1ec736192947ae512a0a2f1e4fe91,0.015120967741935484
77100d879a476755ffc754e8f9257901,0.024193548387096774
80f8e8f7c8e95090fecdc861a6c83227,0.014112903225806451
17dd8d3d133442253a1d51601ca5a192,0.04435483870967742
7a96190449a782fa7e705dc9e6128e7e,0.0010080645161290322
6677fe5ca3b81ce606eac5d76b0a0ece,0.07762096774193548
ad7bc2bb6e1ec90a9bc3c8949bce80d6,0.2610887096774194
643ddaad76b9d0be0601ac7acf6b9af1,0.12701612903225806
57904371060f47de2c92d476762a057c,0.11794354838709678
c437f0fa5a8b44660f019c14c98c068f,0.07459677419354839
79db4c4f494c95856ce31b42f267c4c4,0.2701612903225806
6610c99277d85d0a011dc11886adc2e9,0.09274193548387097
339bbc5d588b49f0f75bc48af4b86425,0.18548387096774194
aa7c3d614178141461db5652292c7579,0.13306451612903225
d315a0b30c8e21db4cfe89e65c0b2bf1,0.16129032258064516
18a2d4ffc2f4ba00c178fa54b8a88b02,0.14012096774193547
1f99e345316fa2e64c053c7558292367,0.020161290322580645
6315efa110865f8372d205ed08b4f878,0.02620967741935484
a7774697c0120f05123a0ff94fa54312,0.0010080645161290322
40ced57decad1424c32de76ae039c050,0.3971774193548387
a75b0438ad19fb4e31f4d58c2d49ea02,0.14717741935483872
d68038381d041eafeae8c51f7aaf149c,0.21370967741935484
2ed562c99de09ec310ea29477a23019f,0.010080645161290322
0cfd41d10227f0de9092d5cda028c12d,0.5110887096774194
b61862b15d33865612e76c1db7b995a1,0.4838709677419355
d81c1f746b66fc0e36e5a9f71da21822,0.0010080645161290322
0f6da5f59be656db2dadef7bf2d1a2e6,0.5090725806451613
594de23e3fd972a2867119ed1a8ae9ad,0.023185483870967742
fca904abacabcc0591dd00b0427f9180,0.2721774193548387
9c8a13e393b96a363f71be29a457577d,0.18951612903225806
ccee9fc92f4182805278384a02a4d7d3,0.3024193548387097
605c54065160b61d47c4d5f87ffbe6bb,0.39919354838709675
597966c93921ecc2907ad15121cbcd2c,0.0715725806451613
f7e7046896677a5dc2812d521537a53c,0.09274193548387097
ebdbbfe4c74490d62f3fb32f2a525608,0.08366935483870967
cf28345d627105167a5829a5137ca19f,0.012096774193548387
fdb9f0d896e81c86ae567a052ca655e8,0.18346774193548387
6e78766583378efd3d1ed3f0b254c1a9,0.14213709677419356
73af3a6130a93af567ec2fea293eb2d4,0.22076612903225806
c2d93fa39620d41efae73016e8ead267,0.0010080645161290322
95c5af385d373db8539f91a1a3b334a8,0.2439516129032258
99b02f389bd0b7abad0d4d8affb09e22,0.25705645161290325
2a13ecb6c618ddf8154298c69336dd8e,0.28326612903225806
cf5d6d2f708319664e6c7a588e11f79e,0.19959677419354838
517eed6e97dd2846dae1553b8c7c9464,0.08770161290322581
ab5c396eaf731e031c9764a05b798753,0.43951612903225806
e6671e1527ea0e55ef11f74d091fb79a,0.2318548387096774
5c6ba6ec99b516d0d9cba8e4730ea1fe,0.10483870967741936
e91a17b5a29181fcbffa17aa1d0f4217,0.0010080645161290322
ff9ab75c4630591ffd01cba97798bdfd,0.04334677419354839
d7a129c49a7dbfa5cbb558cef2628f94,0.11895161290322581
dad2e68f0a4057e5b728cedc2a33101d,0.006048387096774193
3278307c8690b53bfa1771f0eebf6d14,0.006048387096774193
d53e4bd884de4b8d4702a5ab2cb0e7c0,0.13306451612903225
f0a8db640260ad5107d915e6df911df0,0.03528225806451613
154c25181234441402124e02c204074c,0.27923387096774194
f03868dbc45e499058535f576429cfcc,0.0020161290322580645
9c58ab3805d06ed6f1ff2a2de766458d,0.09879032258064516
f91e26a1e6fcce375c8909a8eb693c82,0.11693548387096774
9a0947ca966798c1d5de9d864772c633,0.059475806451612906
aabc0329f5e3cb34796458f3a603fa60,0.19858870967741934
baf15c28193be2ae48733263b1efbaaf,0.08064516129032258
e7ebe9f05ed98e2c1eabd39cd6ef546c,0.0010080645161290322
5e4405e37412f415c47c112a0cbc487a,0.09576612903225806
8c1594c9e0d65d6602f6a1465d70e3b5,0.03326612903225806
a798b8ab73cb012dd91a46af01e0fd0d,0.037298387096774195
9e8bf07ca0078669b7f4d8752ce09953,0.038306451612903226
7076b69bea6fb40b94f8b32fd85fdb46,0.28931451612903225
7f5830b4bafc9c24c4856864a2e8e1aa,0.0010080645161290322
e9d9bafcf863ec0908ce4e20e6386ff9,0.37298387096774194
1d0ba6c2681cdf19839f7f447593259a,0.03528225806451613
e0b7bd623a1b4cd1640883066e8d96bd,0.3276209677419355
d50d8825287bd038e1d7d6e6ea6d6996,0.19556451612903225
911f4585c732acb4c3b6865dcf9e459a,0.0030241935483870967
23e5edb47f5a9a45adc62dc95d595ce6,0.2157258064516129
d51cadfe81fe0417523583866304211f,0.04536290322580645
0e9ef4d56c133167455666eddbf86d04,0.0020161290322580645
a4d75555d99fd061545e14eed9b706b7,0.06653225806451613
183363d170c11345c5536566e728f3ba,0.010080645161290322
987998f891b4e30a6a1ba055aebb6d8b,0.03225806451612903
143dd6319cc76fcc35bc3ae8b5ffbda0,0.1461693548387097
3a6b473c6ab84d90e2a6b39f0e9409c4,0.03326612903225806
e9ad916c93ff127ade2a8283db7603a1,0.2772177419354839
38badbecfa3023e5f0d672a18f373a39,0.004032258064516129
4b10ae7d4a24ef8af953f1837cedf4db,0.0030241935483870967
a678fc12f8ade13c2f9c76d3d5c1cea0,0.17540322580645162
b1cc61423f9cdd7009e52e461c8d09a8,0.17036290322580644
b153e0852342c0738da791930625716f,0.1310483870967742
6b18d2af57dd7645000ca75c6a7444a8,0.18245967741935484
998be43f5234f97714db34d59871cbf5,0.0020161290322580645
fdb1c35a8dab336d65ed22d796e71e4b,0.29939516129032256
b660a54c76638df0bb98968ff42e3d8c,0.023185483870967742
3d52122a218f9c70126d51d42996a1a7,0.005040322580645161
bad660fb7ef8119299923a50f690ca54,0.11693548387096774
810c8d3a928b9db404f0d0646325a479,0.09576612903225806
97b159e7826dcb0e2fe5f84d3083d007,0.023185483870967742
c23afa8f877c26b65dd962edfddf2283,0.08770161290322581
d6c46ad81c01997055a3b713c0d5ee1b,0.4284274193548387
9a63059ce6c9aec1061bd5b37cccce6f,0.05846774193548387
2c8df06d5a97923e31dd789f98eb1a63,0.0625
5c091dedee14ea114d854561009828a3,0.0010080645161290322
e1fe102f7f85e8efbc0b17fb92dfbf3c,0.06149193548387097
98f949633286bc12c8a26a7ee2de2a55,0.2318548387096774
0c2507b2424f67641aec1bf9020acd31,0.17943548387096775
c2a030e8279c3ce12693812d42629b91,0.016129032258064516
c6622e664d267eff5fda9b16f5c5ecfa,0.22983870967741934
eb69b2ec6372e1cf366ea99c8ca0b838,0.04334677419354839
f5f2cc6a935d6f2ab326457058c547d8,0.10080645161290322
946ee864291cb7abbe51abbc606e64c3,0.06149193548387097
3b1b8cdd5beb4f6fa2d4a7a4b77e2540,0.025201612903225805
6f80d5bc784a36414e8d5d17766d606f,0.0010080645161290322
6fcce8273f8b08d643b6c202df3ffd5f,0.07056451612903226
e5822ac6e66387d862eb908a359db3ef,0.1975806451612903
bd7e83bd61dbfa76d8a873b12616118c,0.14717741935483872
78a82a82f55a3f2bf521753421aa2201,0.0010080645161290322
793217826ba3e02929e7a12407c87c74,0.007056451612903226
63e6c71f7ef430597eb3a1c58094bd88,0.016129032258064516
c4f9ef34bd2919511069f409c25de6f1,0.5181451612903226
6c41e15fe19c6bb6e12e1f896d503550,0.028225806451612902
4db315c5359656ec6bdda60a1294d136,0.03326612903225806
6f23caf7b2a2e436bdccc8f446b68cf3,0.010080645161290322
0b6885d25ed7575141d31dcc26ce9bf7,0.014112903225806451
c4dd89111bc57e9b6ec793aa68c43ce6,0.009072580645161291
19207fc9d0342802322ea7ae09551fc8,0.009072580645161291
1634bc38311d3c868d1077602dc439f2,0.03326612903225806
86c4fd2d3c41363501e0d21609416e13,0.0655241935483871
6bbaf2d026d54c61f24b5c5483e56842,0.17641129032258066
e152b0b79021a3a7f8a0748f58668305,0.11290322580645161
a2f765024e597a2850ab008fb2883108,0.029233870967741934
886e08d74fca1687fd9f1624c997a3af,0.05443548387096774
1f1e5bace7b15bbde80c0c1c5f16dd6c,0.0030241935483870967
cbb26f6043e86fc79728f5643fd101bf,0.09375
014e8ee0cf4c862306db436e6a3f822a,0.036290322580645164
cf9cf008c544439b985bf5d6866995f0,0.1219758064516129
90a7af2e062d31d02954970da8a27091,0.20967741935483872
8a4633149179b409f9ccfc99de0ad64a,0.004032258064516129
6700772469767941a3992c3e2c65c3bb,0.04334677419354839
99b929163ae450d84dc43c64c70714a6,0.004032258064516129
76fb2ac4cb9119f054ccce964313528e,0.08870967741935484
61795ee8e60f4a0f66080ab812573fb8,0.11491935483870967
7747de7188c63564a3227e7fdc704677,0.03931451612903226
612011e108e28a87155da85ee86f57b2,0.0020161290322580645
29bb5fa7f45e47bbabab8cc1b1b3d18e,0.28326612903225806
aae1b2e6986befef3562ecf8ffd2d880,0.004032258064516129
c11bde1138eb7f51d914cd1bb5f30100,0.07963709677419355
20c8a3fa70307e48beeef216d8cea725,0.038306451612903226
e2f35752d72f79168ca2bc3c6fb7eb0f,0.007056451612903226
1bf05d12bfd387888facafd52c07a37b,0.046370967741935484
0c1f862c50a5580967d4bb76cb7053e5,0.07862903225806452
f21b5de4a5edc2713b1e4e8617929844,0.0010080645161290322
f0eca2aafde94fbb02d7a97f73b153ef,0.07762096774193548
82bdaa80f8d4708722e1f4910c4ec4be,0.04435483870967742
64ba187e9be95edf0258e0305386cdf6,0.015120967741935484
5b2ff5ba2a0d772cdfbebcd539e8519c,0.010080645161290322
fd8751f72ef041731d4bef036edc2046,0.06653225806451613
b3d06445a910a9a444919e41f5da39c3,0.27923387096774194
92eb89022d0cee3ba72416c941efa83c,0.0010080645161290322
239906d30e4c5cd08fbbfc032da6106e,0.10080645161290322
38b106af7963715bc74db2e8e2fc6969,0.0010080645161290322
e3cff5bbbc9580d9a88a4472fedbc785,0.01310483870967742
38de5a15ff677228fae5055140a84125,0.0030241935483870967
8d98dfb8b1194247d6402db87b9acec8,0.18548387096774194
0189d0173c07f11e7586ff20eb33f5ba,0.07661290322580645
df502dbc2055dd94c4f8810aeba08d87,0.0010080645161290322
6f945c688d270bff4e13ad769618f892,0.07358870967741936
9e28ad0dc5d3655c0e2ec88a86cff89e,0.021169354838709676
1a494aa43d60de2b0130682daa0c8dd1,0.09979838709677419
2a2947125c677c6e27898ad4e9b9dca7,0.0625
21af047626e96a024faecf79e8561228,0.0020161290322580645
3ec6218a76438451eeefdf0f7994562c,0.13004032258064516
5ae365ca527c17c22171f54421e75197,0.13911290322580644
9f48f7b79ed6f3dcde8b25e0cf244d5d,0.10080645161290322
895e2a92adfc198ba9a902e5ef16d4f2,0.034274193548387094
ee0883a4b81dd6134cae1600998960f8,0.0010080645161290322
e774c13ff5017759bd539367d7fc9e55,0.006048387096774193
6d0013cae9b331ee166821cb124dbca1,0.07459677419354839
e690ca8b3fafe855cd5bd5bef25b9ffb,0.0907258064516129
0021d135d4ac12982cc8abdf2b38e23f,0.28830645161290325
539ca948741b9a713eb781d4281b23fc,0.12298387096774194
e3a4a62adc4e83c274978806164b474a,0.0020161290322580645
f8f3e605678a490b72cab74f3fc2c52b,0.08064516129032258
e629f852a0dbd964a8131850587730f3,0.0030241935483870967
46f96e683eb6268bc2d5c04a827c1fb9,0.125
ecc2df20bac447cd555a166d0af7da87,0.0020161290322580645
279ff4f1a15a8368fb38ccda6476553f,0.038306451612903226
32f7e6bfc42fe19c17f9459bd9be4b67,0.5534274193548387
64b8bea70757161a1c9b1805c5c1bef0,0.04233870967741935
b4ef8e75d847b17325effd2f3873cc9c,0.40625
f7e77bee11f00b0db15898a467b1ec77,0.02721774193548387
3ade91ecae9a4cdc6e630c77b14be371,0.08870967741935484
a415a48405df441638d3eeb97b36236f,0.0715725806451613
4c1afcf47b47fc2850fae19210e27117,0.10987903225806452
db9caf76f81e72dac22fd1a55da6d5ce,0.24193548387096775
459f78bceca1b198f4d93312aa8e9033,0.1532258064516129
4355c3f086c69fffe013ed0a3fdc8b66,0.11794354838709678
de61860db8d93da85692dffb5cf32ab9,0.5171370967741935
2a0968119cb66a61a416f8d924c224ac,0.3185483870967742
fcc915000295812eecfa7245a74346e9,0.12701612903225806
4ed55370307d6700d110b6d3f1196136,0.28225806451612906
1d5453b1346283c450339982a396c997,0.0030241935483870967
460457f33d0de99f2663d3aa00f3ec21,0.2399193548387097
73ec073358364e052dfe6143c4579905,0.021169354838709676
91bda678d5cea404019a6e269fc865b9,0.09274193548387097
006a0f56eb96beba5050be3a59d2c383,0.0020161290322580645
aa4cb77a1be392b8ad789d655e0eb570,0.07358870967741936
ec307ba4776183f11fc89f1e46d3120d,0.06955645161290322
5428f763fe17986f3de641681395a1db,0.0020161290322580645
f399a531688b0ea91cbf7aa1c02ef7c2,0.020161290322580645
e8bd300d79e7b65c1bb463b536a1cc06,0.04939516129032258
c3362be510b219e66e43afad13702768,0.028225806451612902
8fb21807557e14f7addff30e19eaaf55,0.2217741935483871
a623ce02d0fe437fa8c2e47f771c52cf,0.1431451612903226
e51e9438a7f8851432ff1b700b6f0281,0.07258064516129033
59d031b8ba709e8da78b4c1f63c74f09,0.1844758064516129
b2fa6309f04bb8aa56b4a38fbb1a634c,0.1280241935483871
2364e23d05750415070f8df3ccb0c95b,0.1622983870967742
977992997fad9772260e8dea2530890c,0.15120967741935484
27d11ce79b1b1031b8d791f1436468b2,0.004032258064516129
445425eb0b5f55ca3c1ce3773612ad9b,0.015120967741935484
31edcccf7966c39ecf3b96064d6b12d8,0.0020161290322580645
11e9ea3a3872860100ce19e3f24faf63,0.008064516129032258
e4f9a8902b738791499317e028060700,0.0010080645161290322
c70dfdf05de4fcb00d47df107e12aeaa,0.029233870967741934
5794b543206cf27bab285ee2ed98bd3f,0.04233870967741935
18a19594bc2c5f6ea9f8c5a29508f764,0.14516129032258066
3cc53c481fdae6358e4d2d5c9f95a1f0,0.10383064516129033
9f3c46e5a0e24057f1dca34ee553bd72,0.04334677419354839
988969033c48ff1a00ce15341494bf3c,0.005040322580645161
f8e24a74579e4b90819b0316c542b0ee,0.021169354838709676
13240e98079ebfb55ede670f419e2fd3,0.05443548387096774
362b97b08074732371b6e76cd1a894e1,0.25201612903225806
6af0fce4c42e4d44b9ece923629ad996,0.08366935483870967
28edc8ac4a44f4c459f928113cba243f,0.07358870967741936
53c00a9a5b687dad82322b71fe79cf21,0.09375
3f11f9f226ab63cc1ff6bfeee9699b79,0.04133064516129032
c37cd15761c4b322c5b80102e5bb7fbd,0.006048387096774193
414adbc5d4884293f224c2619789d6eb,0.020161290322580645
3e64b2b9228e6cb72586c7a9c91f8d19,0.08770161290322581
32259b5183e93f895ecc50f85485265c,0.020161290322580645
d986f618389b27c03aec5325e7e528a7,0.10987903225806452
29838c83868b657d93ec9beef223b324,0.02217741935483871
83aed15ae132a401972267b529fa5514,0.01310483870967742
b5fd721db479cfd602c43121ee8f05de,0.015120967741935484
faf147d847a326c1b2f97c838946a5ab,0.0010080645161290322
e07f9663f2d9e1fa1cb954ebd48d4899,0.09375
9ecd48e8f082b56d8f10c5610105c850,0.09576612903225806
bd394e7785b7af91abae65433b93006e,0.21774193548387097
4e1758e81adcb1107024ee52c0113a6f,0.08669354838709678
98eecebb99944787e35f7583408fe8c7,0.09475806451612903
5ab40ea19bce795a3c445a031c7ac2c7,0.2217741935483871
3d7f3a3956e66e4728521a97abd9f07b,0.3276209677419355
79dcd6adb9da4a70c62e33d506a3b93d,0.0010080645161290322
3eaea6032cd88394cba0e99c2836e64e,0.21370967741935484
78167b8451f6981504866199db53dc1d,0.037298387096774195
9ee0a737a386cfad01196ea338925a6e,0.07963709677419355
d5be64e403d86a4d5e7b6cf4cc224537,0.08971774193548387
1948b418e1245993882b062f1dc58d77,0.009072580645161291
35153e998f038eab836cf9b81215418c,0.07963709677419355
401e6331e63081307c4a031ac55436bf,0.0846774193548387
a220d7daecd7de9a9560ac2a5a64e2a5,0.005040322580645161
c418c0d0f97e590c82dd94f746ba0829,0.037298387096774195
a544abd909afc727c4418e4e19eed417,0.06048387096774194
3c9fbfcbc137bdc6ee9c794036398a64,0.11088709677419355
861aebcc774e48b7c4f769dbf99da4c3,0.16733870967741934
084c6991aba842c8b52fc78689fd9a1d,0.1502016129032258
0f23d0adb4b162574f68770d7d14e5a0,0.0030241935483870967
b2651e09f6f9d7f7dde7698813e22a89,0.05846774193548387
f5e12eb5cd2e5703b294d00df8b194b7,0.0020161290322580645
13de43a199b6ab6a6aca89402292f557,0.057459677419354836
b0010c2aefb51ad822641f8569b36c77,0.02721774193548387
84853bd31e74a04290e47c542c8d293d,0.25100806451612906
5bb151262388870fd53a84ea6f1ffdf2,0.25806451612903225
d2bedab645c84ea92746a2b9efc6d8c8,0.046370967741935484
29103d608efb1908495a31ccd6752e74,0.011088709677419355
88b983a3a3cdbf79a5e4226b5e20ff73,0.011088709677419355
3b87e4e9216de50cb3185843989b00ca,0.018145161290322582
d35c978a5d8780ae9eead2774e38c1ae,0.06955645161290322
4fd1b92e9814b1bc6d1f7b1117daf660,0.08870967741935484
b3a73bcda0c0c3aafa07faca1e791550,0.12600806451612903
8a530a644fd45ed9ef2ad4a624eb837d,0.03225806451612903
3ee072a59b45057a86369a7c80ad90e4,0.028225806451612902
e24dbeedeb6f27fa1f17a92662ad0d91,0.06149193548387097
82b92d7bdaa0d4ed90f869f14acf5088,0.05241935483870968
7b0c4c30e3e9348105221123952bf547,0.1975806451612903
0825339d56ef3221a3086032d66f29f0,0.029233870967741934
10cdbad342d0cf707185c70214a2102b,0.21471774193548387
d52a7d7fc519e421b499c964174e1322,0.038306451612903226
ae0c6cee8a6dad05d1b760f8fd2eec81,0.13205645161290322
aa3e2d76e864d7909b51110e211ef36c,0.3014112903225806
21c54256b737f18e92fb7c636342ea8e,0.017137096774193547
1c85fe6e01899c1b9575734197172ab7,0.13004032258064516
c5d3c97a0d2a80ec82d92d77bcbd789a,0.0010080645161290322
d9a5618155002cd6cfbb60fca3fe8f1d,0.004032258064516129
e82ab12c51a893c6d7938a16632199a8,0.36794354838709675
8df5a666d571bcb1b2a44aaf978fab49,0.08568548387096774
942e0faee18b0a67bb0804d2575bd2a4,0.0020161290322580645
159f4285f771cc24edeee264bedf1edd,0.005040322580645161
625b144bf19c70e79c42d0763dde340e,0.024193548387096774
4a86baaa7e5adb00842830155d3c7fd0,0.17137096774193547
d97a97d4f8974683e4a66de090129c1c,0.18044354838709678
2d273dee370721d368ed3534c76100ce,0.1219758064516129
80902a999a319141ba944e56ef367119,0.07762096774193548
ef7c8af53de2ee3385027bc6b4bf0883,0.21169354838709678
59c6ed04d2faf081cecca31f1eb2e42d,0.14818548387096775
230dd2ac40b0e680339cbcdc4b30e00e,0.024193548387096774
be0051aeed8892011c0160e58cba801c,0.0010080645161290322
db8246e5ecba60a125362ac0edc74b52,0.0030241935483870967
be9eb15986b4bdfad6c474a30e7ce4b9,0.1592741935483871
6860fda74829a48319f9bbe73448578a,0.0020161290322580645
cb45950dc12c1b64729fef58fbf9e21e,0.08165322580645161
b45c9784d674879d68d54362419a1d70,0.07258064516129033
b9f455f924aa55c546bd2d791d4ebd02,0.11391129032258064
91445f5cbf835017152190b9f1ab6320,0.08770161290322581
5abf6d771f56e60e28c876874e676b0d,0.22580645161290322
52d3da48533fea2cc683fac60623ac9b,0.02620967741935484
62147af20fbc819c95ea14baeff25a4b,0.057459677419354836
9c770a298d82e87770842cb9944617a8,0.08770161290322581
bd4d18a18f5c9af3e591776c2cc9b12c,0.10786290322580645
d565d8b7194d25cb472ab5924976498c,0.034274193548387094
b28b7c4aa423791b12345b224c273cff,0.14012096774193547
c337b9a6a224acf17ebfc80ad4c012f1,0.012096774193548387
18a879058eac94a6d8f02e72e7390dee,0.05846774193548387
0c70bdd5631104dd3d818561c9166f6c,0.08870967741935484
426df6ce5909ddd26baec11f0273846f,0.06653225806451613
f4cd813a1b8a862f7a285466b25c6302,0.15625
2ea33c0a8d1ebd9781690a426b1a0439,0.009072580645161291
ca0fb2462b67d4296fdb8de1372d9165,0.057459677419354836
f7c1b60f4bb5d7b9a76399c92e06a82c,0.0010080645161290322
70d4140e3403fe7e8218cfcb670bcfa2,0.19858870967741934
f738d6eb5441459c12e96023d56dafcf,0.11693548387096774
ee90bebacf6867cd5b4c487cb587ea9a,0.036290322580645164
3048ad883b1671b26fec0a63cfc6369f,0.06754032258064516
fce8683d04dc29a4cd2a22053ac49a21,0.24495967741935484
96c18dc56d8b7d343298474e008b6a5b,0.009072580645161291
c08735c68e426b5d9df3a2d4b8cc6d80,0.04233870967741935
7b0c59b70ace1a2e09014bad5961b8f2,0.06653225806451613
86deb5cf8d6f29d383136e0d09863b69,0.25705645161290325
7412af58f3daee6101db082fd334144b,0.11895161290322581
7efbb41c00a95ac3b123dde0e21dfbec,0.21370967741935484
908d073c46a306825a6f7495bdfa9cbb,0.2469758064516129
081f2f9c691dbb37fac6c9b29ab96a45,0.16733870967741934
7277bc09de0eb60a37763f592ae15fdc,0.018145161290322582
3e3ac286f4636319c7af9e99130da7c1,0.0020161290322580645
cd02dcdd346a5e7f6bf8bd74a00395db,0.0020161290322580645
c5b4c6b372dbc13b6a7f2d466fc7335f,0.17540322580645162
3dcab4f793d02cf3579ab096b2fa70fb,0.0967741935483871
ceb9cfb68bee9c1ff9c373b290c2611e,0.014112903225806451
633066477087b1ad82f43ec7c54bca66,0.028225806451612902
c13ebc1f180aa8ca0226abe8e7965192,0.09475806451612903
f5e659549013bd71e4a7b34dc4c0a43a,0.0020161290322580645
cc5bf0f53c51bca7d2a3751a3bb07ac0,0.04435483870967742
f9035b92854e63b4f31566d4b52e5cbe,0.0010080645161290322
b03d002acb1dccdb1ecc14fb3e1f9d37,0.0010080645161290322
04462f05e1efc37d0cbe790e046955b6,0.007056451612903226
fb37a89a8044688cd229f59c3627108b,0.005040322580645161
919db619ad90cc6b09b31c83d5719da9,0.22076612903225806
4fb39e704f5f7f3cd3a5f7edfdcd4fe9,0.04334677419354839
89cd2911ae0b7e6a96431b9cf4d2dd9b,0.05040322580645161
42ac6d34b293d442987af367e2eb4f51,0.10383064516129033
cef0d68bff17137fab32b0df07e1f79b,0.005040322580645161
a4ca655c03a9fd3a09de413a16b9b4dd,0.05241935483870968
86da68b3389c9936b7a9eabcb41d0f4d,0.005040322580645161
71eefb0527438cc9f3a3e91dccd3caa8,0.1028225806451613
7a9066c518dc9c2b9fac63d94f6b099f,0.008064516129032258
456d8a5cdf54efd1d3f0ea066e68cd49,0.029233870967741934
b36ff490f4df87e30600ed347f23cbdc,0.11693548387096774
90b1d3b975f3b58a72f70b3e5b67f114,0.015120967741935484
db607fa973a9375f834053859b8b4b15,0.010080645161290322
096d93c307d5c15ee20e3d3755abf445,0.07056451612903226
1264ac914d010d7c663fadca9c5904f4,0.0967741935483871
29ccf8b234ac00b114fb2c8e1c44f932,0.1280241935483871
c04ae6cb04177b768e7f8a7259a8775e,0.09173387096774194
3128e057b1d4f320961e4da677724613,0.09879032258064516
4ba52fb94bd6d391d06ec0fa68e5f37d,0.05846774193548387
f7ce5d68ad002cdc285273d049516c84,0.0655241935483871
673d0f304959ab7f6dad3885c3dc0569,0.10685483870967742
78eecb7cd2176d3a2ed21ce8154ba1b3,0.21169354838709678
a4a7fc8070f004bdedee4d9833412f63,0.05141129032258065
0612f6593427104569c3c0f2a6371eec,0.1280241935483871
cde3bd5c82107486095eb1f001cc858b,0.0010080645161290322
e5db0644049b88aa0d82785e851c6357,0.12298387096774194
a3f0fd16c20c5a35599ef68394f6c2a2,0.08064516129032258
bca0b81a0b8d59e90c25a323c2f62f31,0.04838709677419355
770482415c114840561e1f8cb2bfdf7f,0.12903225806451613
fdf5a7cb45f6751f7fd57a51875456af,0.03326612903225806
77c18841a3a2296268d30a71c26a5cec,0.01310483870967742
04c9f404d62cb2b3c346431a770f6bc0,0.04032258064516129
d1cd388871a9f6b5f8cda9c631c00d80,0.056451612903225805
1bba880f7629649b5fef319bd1013687,0.004032258064516129
96adee363085e3cef5b14175cd0e4826,0.06451612903225806
058b9a0bc3e9a9c4e340798f708c2508,0.037298387096774195
ea01b4ba688500e0dfe2a2cea3e8af3a,0.04032258064516129
16295dfe44ac3d70c99cf31ca3725e98,0.007056451612903226
8eef12dc7c7e72a840061732d0d24e79,0.08064516129032258
49207824493445c907a210bb0361b85f,0.1814516129032258
dafe809740d0545dc25c6939a84a1820,0.08366935483870967
00acea88bfe940a5c9ccf6e6475b155d,0.023185483870967742
0876b649a1f05615e4d25d628364a274,0.005040322580645161
6bc05d0f575aed1ca5c16195263cf59c,0.0010080645161290322
5a0df24ab3d9c2d78a043cd477a54b4f,0.08770161290322581
e40e5f194fac8de8a249786a6a3e08fa,0.06149193548387097
68404e31cad4f1d63774374954166264,0.05846774193548387
0f0c741eeebdb89289460115e9430f1a,0.023185483870967742
383c7010cc52f1cbef0a9f7901d0616c,0.21471774193548387
5642c43966bbd7f41c2f0cbe988205ff,0.02721774193548387
12f2acd0d01fa4c1ca1c4e48cbfde367,0.1028225806451613
83c3980cc272a8bef0b909d540cca25f,0.004032258064516129
35eb10099a75009dd5c7c1dc251e6b61,0.08165322580645161
5dd76a5d3121cb22d4a351dadf36f816,0.0030241935483870967
a63e6ca20ad1a7ec9e329f1f99e9f062,0.04032258064516129
185f287b8b5a235ef24c9c7e3fdfd0d9,0.15423387096774194
492b1f1bb1ca8faabf9156d1c072b500,0.011088709677419355
400398fc365c995a51184181b1e01af9,0.018145161290322582
8988d4c184a881c5ec425d06b875f997,0.011088709677419355
fc75330156c336d420984e33c8f10e83,0.028225806451612902
779150dcddeea202b069cb77e1a8de80,0.009072580645161291
7c266734f60f7c713f051a2ad4771791,0.10987903225806452
b718e62141b57194be627b7f6f0c4f6d,0.15625
226d3f03fecb2923637e413c2981862d,0.04838709677419355
3667ef5ebf4d3116cc845638c28f1a3c,0.05141129032258065
f274b19d1d53449c8b490ce9668be816,0.05846774193548387
2f3efefa7ef45c04739010834831d295,0.01310483870967742
559f44be0d455c0ae85c00edeb22c555,0.004032258064516129
4e2ec6ab2b5a7a1c0e7c1536c7310a29,0.02721774193548387
6ed7152332889b69d2d2f33c53b68934,0.1875
efcabdcd6c50f88da9ee47e5c0c7b6f3,0.006048387096774193
7b6f8858b481821ad1aae2e8d796fae6,0.08064516129032258
744b8cd51857478bda77a9f3ab5e1d5a,0.011088709677419355
74a6bacdf0fb3a6e34ef1c2baad96ae4,0.007056451612903226
a898fafd80c4c90cdcde401ca2332e05,0.034274193548387094
a9dd87e8a9de5befdb9796c215a5a232,0.0010080645161290322
28d22a7a724445cdb297618367c4359b,0.01310483870967742
2737308c23a60f5a30f048da3dada8bc,0.04233870967741935
0d357d84911ef4a089c6ae3c6deb39b9,0.15120967741935484
4643f7c059f7af648fcf1a1f6c071d31,0.0010080645161290322
641e0a09238e9070092c3c8471e8a0f6,0.006048387096774193
4cb21ce7f121a5f2d898bfe9694cc3b5,0.05443548387096774
47c98abffb77eb5999855b75594356cb,0.09475806451612903
1fb3dc58b7bc8dfb67a2f42f451b84e1,0.036290322580645164
98d006376e0140d5e39902e149b52eb5,0.057459677419354836
5ff715b26c5f3632a12da2d4dbd758bd,0.024193548387096774
2fd49725da5a182e6012ef3b36a4535e,0.0010080645161290322
efa701179d141d848e17bef329d05d8f,0.004032258064516129
8a83cfd5eb074b5dbc6118eb03ef915e,0.0846774193548387
fe799da3cd4836251d5af161e980fff6,0.005040322580645161
ffa127d7eceac0dfd2b2a8c550580e62,0.03326612903225806
84618c040ada8e740b78ce9a2e03c2a1,0.023185483870967742
2301f12f824be97b1fa0ca251a827861,0.024193548387096774
2cf99dd0cbd35a99106074406873daf0,0.0030241935483870967
ff9c38c8e5450a3347e39a6c1539fcdb,0.03125
474b08d4b3aab06300545b59b9135f4a,0.12298387096774194
8f091918340b9cc51d452a84145b78bc,0.036290322580645164
7014323ec218a7c52679eef345875cb1,0.0010080645161290322
5751a23a4d6d4a9fe5a82d00c8d1003d,0.05443548387096774
8e91b4ac39f5639386632600e9e1038b,0.16834677419354838
821402a3dc29b79f4af74efd7269f11b,0.0020161290322580645
1a0c871f2a868a833312c13dd64b9941,0.015120967741935484
117f89aaec1283021c3680ccc5c5b5d3,0.2127016129032258
7864b248cb1264bb4dccfbb454b4df36,0.014112903225806451
2a24779f989efbc77165c5bdcaf99fbb,0.02217741935483871
45272ccd4325b806612066e806b20fde,0.06350806451612903
4da2445650ece20dc900f5c8099046ed,0.008064516129032258
f325354cdf422ea96f360fad8590b217,0.0010080645161290322
c42fed21d56f16362d1c56abfc71db44,0.019153225806451613
5ef63514fcd9d47936c361b149876ef1,0.01310483870967742
7caa9ad07e673cec289510007cbd3b6b,0.16431451612903225
1be1e9db35c47ab1e9f6f44758699aa1,0.006048387096774193
fe56cad791134b960c00df6c4e61273e,0.0010080645161290322
122dd42765858d2ac15460559c65dd67,0.006048387096774193
0209f9868a22059c659df474a746d8f4,0.2086693548387097
88ff081714e55662cc9e2db0bfc0ba2c,0.03326612903225806
3fe93932d7fc358882fc0a5994216640,0.12298387096774194
08be83d0a527ddd1da0861135192e593,0.25705645161290325
32b2e8b872ca1b65cce4e2e31e0ea62d,0.05141129032258065
83363e212f3acbf9c9186c723e5f1801,0.0010080645161290322
5f52813d7ad651e41a9aaa134d3a255c,0.019153225806451613
3127220258419507743dc5f2bba69d86,0.2006048387096774
a68594f65d25fd6ed82f53b8c137af7b,0.04536290322580645
65e8ac56d4875370db585e4e786e1f9a,0.06048387096774194
7f94c2100b37287f9421c3490b96f066,0.056451612903225805
a45d7700f855db77a7a1dfc7fcddfb03,0.09475806451612903
17caffae045457b827e71a3213773bc3,0.16028225806451613
e55bce6fbfab82e6774c582a82518d0a,0.12096774193548387
3a0e00761e8113458ccd7d13af71b4b0,0.03225806451612903
b805ac6e77163f8d2c7a5a46aeaf1a8e,0.04334677419354839
cfadbfcdf00c85c740c0a9426f0e39c2,0.009072580645161291
160be230aae0791bcdb1f67e8210d371,0.007056451612903226
78d92369f25497eef0fcc7c9e1b3a2fd,0.014112903225806451
5c8f8ad587e4d35e08c557bca37f689b,0.004032258064516129
5eb9520307f1836913cc5937f1c9f64d,0.02721774193548387
cac6c7658f95d12dc62168579211c046,0.0846774193548387
c971e6c6b4a196e75bf37bd3c196ee55,0.06955645161290322
21025611ac4fd5f48260c9bf34c8921b,0.038306451612903226
e0fdbc7f687a7ea0cf13009c2e501197,0.08870967741935484
b3c1203169ff8254e1dcd7630ca58556,0.011088709677419355
6fc765c81c8b663cedcd799094894748,0.3286290322580645
f1eed757e7d0162f52463f47d0d76ea4,0.034274193548387094
0540bf08e9a1eb8691a9b1be2afe577a,0.08870967741935484
1cba52a9db0c46eaa9148953a6983f1d,0.24092741935483872
fad561b7eab58e57b71a09a8b7f990c8,0.025201612903225805
0cc26190e976fc496119a5eb4cd0fee7,0.27419354838709675
bec8eb5b19ed3c69d1dc4581ffe48882,0.0020161290322580645
b797963c9583ccd2f3ffef2152197200,0.020161290322580645
10a9d2450858df5c7b45937833c9d93a,0.034274193548387094
3ee62ec7a6c00c4dc8404b8523a3375a,0.007056451612903226
c49c401f3d8c9dc8d5d8c705fcf2abb6,0.10383064516129033
f3b93ac78ac1aa7b59cf482e3a323a7c,0.04233870967741935
416d5e0700da50d4ecf45880da57b7f6,0.06350806451612903
7676f92e1025ab1364afa0169c274b9f,0.02721774193548387
0c54277da911bb688310b7562811d40f,0.05342741935483871
fb991498a1eb3ddbf38fcd21b9c7ebec,0.018145161290322582
2f04e6f5b7c88ae0c8a694a68b4c0350,0.1310483870967742
619c71ca35f5ef9fdfed1dc26d2a7928,0.015120967741935484
8b6452501ad37485ec44b21962ce86ea,0.059475806451612906
b9891b942866d19f73a638cc4ec405fa,0.020161290322580645
8dccd839cf4868a3343e411c063932a6,0.3467741935483871
2f71d58732aa446a3043b401a407fe3c,0.0010080645161290322
ba6a2da478333c1beed4220885c864f2,0.017137096774193547
be1bf1aed265847c64f3addee4e197f4,0.0010080645161290322
d996e8d86e152c0a3c5852a2d8c4c52c,0.06048387096774194
cea0486054293b47714d155ca349b763,0.06955645161290322
317d445f0dc5ef174a1839fb2520486f,0.046370967741935484
4bfe30f7505568a6b3e757c8a8a2117d,0.01310483870967742
aa7ed988149cb277fc815f00d7e36e0b,0.017137096774193547
0cd78eb6a497778e4aa8878c10b6ae1f,0.036290322580645164
058ed3f9b3464dcd2af7145b3b9c9026,0.012096774193548387
acf81557dd9dd77f07941a72e88536af,0.1280241935483871
99717d03a3d7a15db8967e23e6f59adf,0.1431451612903226
dd70df5ed3d8b85abb2e3ddf70092a80,0.005040322580645161
6a83401c3ea3089bf7d3c3051a709ef9,0.10483870967741936
93651b1ee5aaf51f9cffed71ef509fd4,0.06149193548387097
79e187c38fc400b1c324c7a3008a885e,0.1844758064516129
efc53dead4f6aa3c5c7b6bc3ebd55544,0.12399193548387097
385c5827ecc668378e65d53d0fcb8bfb,0.01310483870967742
2a7b5c214e5db3aedfb09949b10560a6,0.009072580645161291
313eb98349d43888abfa8236df5f61fe,0.05443548387096774
32c4498732e02af61d331441ceabc5f5,0.04939516129032258
620900b3bc72419ec76ac5f8077f3c0b,0.015120967741935484
747288cf10dd34b1a28852fd3b0f6108,0.12298387096774194
d926ba5c1e0223296e70ade8fd122ef4,0.021169354838709676
ed7a767b5c636310d62d120f2add8934,0.02217741935483871
84ec45906145e6059b0c82d19f37197d,0.18951612903225806
ce768069bb1633c63f74a8570644e15e,0.046370967741935484
52086d32dabe52ccec17f87c2e2edb86,0.10685483870967742
8f4a3341ccda8d1b45f286cb686a3aec,0.036290322580645164
f03d6e8d7497f261583b5a29821e367e,0.028225806451612902
c29330ca9e6143c8b4dde899e1fccc26,0.0010080645161290322
252021b1a9bb938646934b04de829343,0.025201612903225805
8a1f10bf22b335801bc43e1d243a0fb6,0.05342741935483871
4ce04e8457c2a4ffc143f78f5892d134,0.009072580645161291
72e126ae956599e11b01d9caa9cc848b,0.056451612903225805
f764acebaafce2d3e382bc6ec77f6511,0.06149193548387097
caedf7b67cf45b7dbc6cb878c9d6fcea,0.0846774193548387
eef5dc2135413fcfb8b5029d266e1a58,0.04233870967741935
cc72ce09f13efdb45cee4a5928d1e4d7,0.017137096774193547
d344b9c2c7d6001dd65ee57c3bf6bcc4,0.0010080645161290322
d4e81ec23a2f9366811bbef1e2a5f6a0,0.03326612903225806
19200813b152fdbff28eccf6ba3d35d3,0.06955645161290322
fe4d9fa4570c4b20a0f89dd83bc3dba5,0.0020161290322580645
0d07c9fb5ffa82cc79899a056a6153d0,0.03024193548387097
c48a7ebdfcb4309af55711623d2ddd87,0.016129032258064516
f9b2ffa883d3f7e58f1d58a8e8b11d07,0.14516129032258066
42e916806b3ce1734feaf06977a37d5a,0.0010080645161290322
c4453e2583f7713fcdfac0183c4bc89d,0.23487903225806453
32535709bc1ec432fc82e23f0775dd03,0.10887096774193548
9234d86fb9f5237677dc6f0a7b3b3a2f,0.057459677419354836
99dda7b5337bc09a69e9e27bab56fd79,0.08669354838709678
f3c2ab3459c484875c5f007371d73740,0.012096774193548387
b795519dd97d76ea303ea51437453314,0.029233870967741934
3bbc41e65e45d4b0ee08278e042d5cb2,0.010080645161290322
efa0dbb6047b76c4d35d01f285f827a0,0.023185483870967742
2a382119ef5f33f54262519af4dae764,0.007056451612903226
0c9203679343591fa25cbccef766d998,0.02217741935483871
3b6f0cdb18c95c3dea80ebb3c6cdb6d5,0.029233870967741934
cbf6a06153a111085311f6fc837b46a9,0.02620967741935484
59b324b0ccd86dbf79fe8714f52d8ddc,0.11794354838709678
5cf5895a231b0a52d5859c74c74aada7,0.09979838709677419
882f71554b182092a360018c3f01b26e,0.04536290322580645
7d2f0f34f2ea4ce7030a589e76c0d06a,0.10987903225806452
7f3d2cbb969137533a93b4f5bec83689,0.0020161290322580645
5028967371c633a48e7986ec583ca784,0.04334677419354839
e384de0356c7aefad2bb910c667516a3,0.0010080645161290322
ae08e9433614666a1417349f2f8c18e9,0.01310483870967742
301d6f5ea3e9aa7211c7a90362d3ae2e,0.02620967741935484
c64a0e1a26813881653d38c1da5934e2,0.04133064516129032
a74ddecc260a9b431bcc1bff5415d80b,0.08971774193548387
9aa6bcfc2c9ef3093a4df7bb666b1340,0.0010080645161290322
d3232ee5e814ea84202fd512d0e549b1,0.09274193548387097
3edc61fa7d3ac460c986ece3183054ba,0.07056451612903226
d7e71fb462b1e045177d83d6da5880c2,0.006048387096774193
05736395b184324b94bf557984b36834,0.18245967741935484
e9df6d020eee34752786a243322fc579,0.06955645161290322
d3f4cf8aa37dd1b19e24e8c853710f50,0.019153225806451613
f23869351dddaa4b90bb05f2897e8977,0.05141129032258065
ed6938485bfd1e02410e027ea6f8d66b,0.08568548387096774
9898fc93b64df7e59583a981c47b7680,0.07358870967741936
3769134bffde78f35856f8ae8c7c4dbd,0.017137096774193547
536018032c5d0d65e6d25d3988f87421,0.04536290322580645
91c9bb5a6810474fa331de511a1be795,0.036290322580645164
2c0021cc3513e121510286c1fdac151d,0.0010080645161290322
6d67c2ec6eb80a4b71dd30c36020bbfc,0.06854838709677419
0bcde7b266d1538dbfaa865b57fb4516,0.004032258064516129
f712e93209206a1c210126deb816584e,0.06048387096774194
0974d873cb1c03439739980d27472957,0.0020161290322580645
527dec3c59016ba9d83e78062f0a67e4,0.11290322580645161
d7538eb3df09759e591dc4510adef73d,0.0010080645161290322
b1d96dc14509235d0fa2d445a3107cbb,0.20766129032258066
6126b7622d8e8002c91c5d37f57ad370,0.13205645161290322
e007c8088ea68cb5ae3b3dea1639beb9,0.006048387096774193
d34df8171a85517b97a44a5a15d0f804,0.029233870967741934
ccd45e959449452032e486d6fd640be4,0.17943548387096775
f7a5b80128b001df0f52bdad023aeb23,0.034274193548387094
1e7f0774ee435be7ac7d6359a29ded55,0.17137096774193547
0772f34adf35de40160800a91fcb3d2e,0.06451612903225806
9d83cf5079601496374127ed04132fe2,0.04536290322580645
f77ce6b31d0eb44755154099c3e9d96e,0.011088709677419355
a56d6f5ac6efbb5f207eb3478e661bde,0.011088709677419355
f52d64404284b1757861890ff13b9c28,0.05141129032258065
6240207fd3edd24bf0799b5f427423a0,0.17137096774193547
d648ce5d9502d4062ca11583d5a0a95a,0.024193548387096774
a8b9415b0adf5ff5ff72defe9141efcb,0.0010080645161290322
51ec82b74708e9246ec88a798ba7c636,0.014112903225806451
e2555248919420c4a2bec0c6dbbe9a58,0.05241935483870968
47d14f4a4f0e70651d582a52c7d4b63e,0.08064516129032258
605fd51779661bce33f042f5cdfae31e,0.12600806451612903
ac75a557bf4002d4ad64e096de1bff15,0.019153225806451613
2fe13339230b2f2a8efeec7cc1810a1d,0.11290322580645161
d1f166f33920c36d9b993de180e73b9b,0.0010080645161290322
051ebc81c2c92965050ea9d581545664,0.04536290322580645
cf432223165fe71b69c83731d94595e1,0.02620967741935484
09ee2c2d76be17c9ede2d4c57412adeb,0.28125
9c29a1a9e0c8023152ec70729620b523,0.04536290322580645
0ea58b5a7c34dfa9fbef2c7eec2ecd9e,0.13306451612903225
3d39600d9d770c84e1dde4dac377a982,0.15826612903225806
b99703a162345491dd112dfeeb2fcd51,0.10887096774193548
2837662c3ae0055c26fe2a5ae0dd5d73,0.05241935483870968
c764eda12e92f19526c7e5a78a38c615,0.26814516129032256
2befed3dbb19f489f0201ce54b18ebfd,0.014112903225806451
92a1246c343cf64e04858621f21c4169,0.13004032258064516
384d473857267d70e3589769b466391d,0.023185483870967742
c7252174b34bb4147e47bb6ca64771d9,0.08770161290322581
f837443696652157e220ae13e330e0e6,0.010080645161290322
847fa5c2b3eca67a001b1e1954ec2051,0.02620967741935484
e7aaddca475d4e9169507f802e6f69de,0.03225806451612903
93bb0926fccf3a331ddea6293f3ca564,0.05241935483870968
07bf9406c51e8957820e8b1c1f5d3ace,0.09879032258064516
b190518e14c722ac06e53e50c337edb3,0.0967741935483871
ebdc9a03f4918de205c1d1b4e451fb6b,0.03125
dda8ad5622df27b59e092da926b3b33f,0.025201612903225805
ceaa412c64d6ca4006fe5955ceae9efc,0.056451612903225805
7b6828e3c75702653fddb6f3bdd0b342,0.011088709677419355
245279fedc8efb931172eb0f528663dc,0.004032258064516129
dfc68d9986e69fc304de0fe665edc68a,0.021169354838709676
8850ef06d13363bc3899fb50e3e73b45,0.09879032258064516
ffab668a42ae37a05cc014d13e9958a5,0.12903225806451613
9dffd523582c92c8d289e8b9107069a9,0.0030241935483870967
dd637e3dae94ceab2d385a23cee46c38,0.021169354838709676
59602966263a251d4cdfc40256319c80,0.06048387096774194
5642369c9d430462ed8e055391430991,0.007056451612903226
8977918fbe6967f3bd3c0c61c00fe9d6,0.005040322580645161
436497b0e3edb384200f5b9b82883182,0.125
1fe064105fc28a7dd9c6c479ab808a2a,0.008064516129032258
1c3c7a0a966ae341fc1268c1586f6a67,0.02620967741935484
d814eda4a7e4b8c3ed4859a52a61318b,0.01310483870967742
bcb1bed4f3bcfdb7c8af4396c60737cb,0.08568548387096774
963dab26077cdc1f4c1537e38a760197,0.0655241935483871
eb2e1e44f9b4b0daf471bdb27e1713b0,0.12399193548387097
0e637c81e25ffbf7b7e68a8fbcc4f2ea,0.11290322580645161
bb724727a9e28154f7d8af539f7e01bb,0.0020161290322580645
347ef11abd23a0bc29642b133f46ca86,0.02217741935483871
abd853cc3fc5c6536079a7b28f6c4e3b,0.03528225806451613
3c8338fc8b950d3ba60f7bde277c74c1,0.005040322580645161
52717926d268df10562e07fb541854ad,0.009072580645161291
1b3f61e4746ae7885f306aca0f374272,0.011088709677419355
4d7f3a8e908cb29809ed118acf40d513,0.02217741935483871
2dcb45439773f1b05a3e893c47257091,0.04334677419354839
98f4804ab4c63b95d3eb6ff691649a73,0.01310483870967742
6f2589ccfa6026899ad475cb200a33a3,0.004032258064516129
9e82bd4703bb768b16f9834147fe432f,0.05443548387096774
a8aca6d9fcb6ac34f6104cbe28a466c7,0.02217741935483871
229db597c02359f3d94ccdbeeb070dfc,0.047379032258064516
ee91e904c86efcd37e6e7e91a19ff7e1,0.10080645161290322
e79e5e4c871bac3c43de566188e10002,0.03528225806451613
8482fcfcba0fcb57bc1d0ca0dc4a8cc4,0.02721774193548387
00460810c054ac4b56f1571d677aa710,0.0010080645161290322
f4b613940d703af61edb9b1dccde7257,0.011088709677419355
b772a0bbf12230842be5e370b399c1fa,0.0010080645161290322
8b9f7e00a30ca36442cb8671a83bdeb9,0.018145161290322582
15d6ae9ac7d5a2ca81891e5485a1f369,0.004032258064516129
3e3999e782e85d6740245fb2fc0caa52,0.0010080645161290322
48d2194ab1ab2e75fe10406f51e807fc,0.0010080645161290322
e7e1dd4db3382b565da38136e58615be,0.009072580645161291
ca0186e9738bff788f0ef109e4596734,0.004032258064516129
5b7e16b422e8c5591d470a48d59d7800,0.02217741935483871
fa25ab02bec0c6f4b3fb73950cfc1c2a,0.1219758064516129
baf8952a2e9d8a668a4e9dacf357c800,0.0020161290322580645
c94a7d9b0a55201069634dc64e78334c,0.03326612903225806
6b3aa8d9a7ab78ee1993ff9359757d75,0.07459677419354839
6c36bb5e2e60148d1f1024aaa8cc3ab4,0.03326612903225806
c77ecdd4cc935c6d2aeac0f727030809,0.0030241935483870967
1e6fb78e2244ca940f9fc31d88d711dc,0.04334677419354839
8ed2b0d5b16117c3db0183440b91bb6a,0.037298387096774195
d6e914bb9c8a0c3dafc093e4254a1a7d,0.023185483870967742
1dbd80b0d8a7927381a87cd24d796f35,0.011088709677419355
8886ec4c3eba31909686324e6a701695,0.03225806451612903
0a668a589ecc6b61a6fe78d1e8a139ae,0.028225806451612902
c07224e91d1e716f1fa3c9158615f593,0.007056451612903226
a6bf93a2e5b09159134261bfae584ab0,0.055443548387096774
45fedde65fd910af02e9caaacc8314ca,0.05342741935483871
05f302f521569d634a681397fcac7f3f,0.004032258064516129
d093b38553ecbc0d0d1a976e5b593e16,0.12298387096774194
4af313b387454c8edd0ae395c50f8a76,0.019153225806451613
91afe575ce3000ad5210dedcc00d512e,0.01310483870967742
1d567135f7dc7dd884fe9157642f9fa6,0.09475806451612903
38cf995a3dd1419795586f5c3d1a5801,0.04334677419354839
00cf0ea353f42659f73be9a2e37ace7c,0.011088709677419355
bdbab59dd8f3522b064c3b5387648231,0.1532258064516129
4972fcbd85f2915686f41a5fa398a02e,0.12903225806451613
765e60e27d4f224ec1808806317992eb,0.05846774193548387
0cf86462b45382da531327e4186091da,0.15221774193548387
c4b0455f8d6d59d4caafda4b3aa90622,0.19455645161290322
636af47fbe35327862fc793b1e45cec3,0.038306451612903226
19ab66a571fbff5e98201c84451bdbce,0.029233870967741934
7642d2264d87c089b53489d1d6778440,0.004032258064516129
90c73029ca21cf4d72bbf602d201227c,0.004032258064516129
72dfbbc5a881c99cd4ad02cab1800aa2,0.05040322580645161
49483ef5d4b8677bbff5987b3c35beec,0.2056451612903226
5a3254e7350af95d5044f671623d550a,0.0020161290322580645
e4b16b7a6efc6418e90179a9ce6512ac,0.006048387096774193
63755a978274d44a553cf4c34a901f79,0.0010080645161290322
c64278b7c0c20b3412e0cf6b3bd546fb,0.11693548387096774
5d5289410a5ba59898b2c78d36fd75bb,0.09778225806451613
07b946f8708ff0d575c8aacc6627f881,0.0846774193548387
200f25968eccba0fac01ab0385952acb,0.17842741935483872
74e48b609ce78789f448565495452d08,0.020161290322580645
f0eb949292ca6e86826f21fc3d5fb121,0.028225806451612902
800848901bca9fde60f0569f20f7719e,0.016129032258064516
cf5fc6c5a73c8c1d02cb0720d215d7b1,0.11491935483870967
64663503bcffcf0cfa5d4d875b927277,0.08669354838709678
decdb65d7fe9d367eb02bceb9a2b9145,0.08064516129032258
3e25a7619c1aefe8228440f3b89750ad,0.06854838709677419
e3dd207299373ed0e452059bf2b1f3e8,0.2157258064516129
a208184ca8d1817c7f52836523bdf8d5,0.16532258064516128
694a7f194b36a87354ea6638fb692460,0.19254032258064516
d053ec0cfa268189b7c98e3ac7f87b41,0.10181451612903226
b7fd51c0d16f5bcdb8f1efd07e316d73,0.10383064516129033
b31dc925f086ab7773e6021fef012e77,0.025201612903225805
16ff073031944a82d55796a4ecd7d0b4,0.1350806451612903
8a618de0dba2203bdfe5cb0ad0c30ca8,0.012096774193548387
b43ad2722c5a9eb26831ee909b510414,0.0010080645161290322
bd177801ef2ba5fced119c956ac874c9,0.06754032258064516
48f671daa44783adeac19e019a853acc,0.006048387096774193
3ded4c97edc7d3060008d5c81453ee10,0.04435483870967742
ee0f94c7ce53ab6df6d2aacb7c1df8b1,0.010080645161290322
bfec30e8bad6ac326445f7ea71c2af9e,0.07459677419354839
a67031df191186b6139b20812d9778d7,0.11189516129032258
540dbcedb1607178fc798e07c8f7b31f,0.029233870967741934
888dfa9724b87576f271d54a8a3a61f1,0.016129032258064516
2a58a245582d7e110f6aa3216c3e2118,0.0010080645161290322
79d6827f4edaeafe843fc4f55072fa3b,0.10584677419354839
990227011a83ac8e848e8e168a336718,0.006048387096774193
5b15ba55aa2cea58ccf5af8b27f6168c,0.06854838709677419
98715862ef0c56d8acef374e48ee6c40,0.004032258064516129
85f14059723c0946eae19d3e3c16202b,0.04334677419354839
d8f2cf302fcacd2c398f560c4a235b45,0.05342741935483871
2d142350e36fc7e880d477bce8d5d848,0.011088709677419355
07a7fe1c5e4840e4d85f2607bb3a41f4,0.009072580645161291
deb0bb40632821c74a1e55c8137d235c,0.025201612903225805
250329d0cbffc2099d4d24920bd77eff,0.020161290322580645
b6c64efb383fe2cf97c32553eb9ae8f9,0.004032258064516129
e26efd1dda1ba9327f8107f351bca7fc,0.010080645161290322
6c9fbbd529085a6a6fd9e9ad5a89d308,0.047379032258064516
f3e87044c9239fb6893cfc202a4a5a77,0.0625
9e25a5c2eb21f17ed74d9d5b36941197,0.028225806451612902
90194fb329f05cb761e035b815e707b6,0.017137096774193547
12668c9672b5f48838276e686646a34a,0.005040322580645161
af583d1dfb417ae5e68c20c1e401c161,0.04536290322580645
3edf4315884817cd27b004a0db0077da,0.012096774193548387
b2aaf0d0ab53f285a4e661c9686c2ab8,0.06754032258064516
6ee06784994885744a502b96d3e8a332,0.03225806451612903
45663bd87b87bfe21a37f21a85874f4e,0.06350806451612903
61677c6e1df6fb8e08c4a60fcd5066bd,0.010080645161290322
e8ddf6360a10f606956ed2f78f05a631,0.005040322580645161
9ae3ed711e51db1a9be5c743778db0a1,0.055443548387096774
3033c1bf418e147d3c99bb248845d68e,0.018145161290322582
43a9e097e1b918a29ab54ff16e09dbf6,0.005040322580645161
44af4278dd1cab0306da084e6e087060,0.057459677419354836
e3ea74843362d3853e90083732eaa7ae,0.0020161290322580645
5807c17280ff262742c4945cbe6db152,0.0020161290322580645
9b61973d921f4bd910d8ff2fa65bd17b,0.0020161290322580645
7a03ce3c5a1d066e8357b228031b3082,0.038306451612903226
700e75cc9bf47813802546bb2ead8776,0.13205645161290322
73cf864eaa63c230b8e4bc887cbde74b,0.017137096774193547
88538f780510b7e4125f92a5c7e78d1b,0.014112903225806451
2e90073344668bd8793caa726b0a9b1a,0.014112903225806451
ca1b5e9099b11dda1ef0e4558cf8f23c,0.010080645161290322
9b6046fc58a7ed6397108803a2b8ab31,0.056451612903225805
547b2b18f139dee1e5a91b4ba8c4f63f,0.005040322580645161
43aab1219b1174876b9680c38709d453,0.04233870967741935
0ac725c6c3d1a05b6ca4a3f5404060f1,0.03125
4005a82e5a9d714ff4b2c1d9f8f17168,0.05342741935483871
820aa7aaad8d646ebf45a0a697b24a2e,0.023185483870967742
3b3993f2aee113db4445b2a377864f2f,0.019153225806451613
13e3725cc1a9e84b42d9e41390938406,0.004032258064516129
2249008163fceb9460c294858943c4e5,0.0020161290322580645
cd688ebb10111cd2be59c7eb5fed07a3,0.11391129032258064
d0671b97c02bf2c2c9bc015df9919711,0.0030241935483870967
f49e40043621dc8732bef0e608af09af,0.02721774193548387
4a84160a93c091d2f49f2fd0299ba41e,0.008064516129032258
b196892ed7215ee23a9e12bfda53f507,0.036290322580645164
b0b70ad3969b8757fc20386cf3b249ed,0.008064516129032258
da7b8d5af93f65aa287475cc80b9939d,0.0655241935483871
54a2ddd677d3031ea7120a718d40b3aa,0.0030241935483870967
21d2ebd60664f20f76f3f8b7c77847ff,0.004032258064516129
97173fc2da14e9f24fcaca8a9d27b575,0.047379032258064516
418237ce5971da1bfff2ed63c48f7759,0.03125
dd733f56ff18fe2ab72389e8fb038806,0.03125
a6469841f9490c4ea6326ce26a76a8ed,0.06854838709677419
54c51c1b5841a040a2d292de1ee697f2,0.020161290322580645
1859d773e8056b90ed81a52737ead2ef,0.024193548387096774
b790a0b664cad1f34e38911ef1f21db8,0.037298387096774195
e656f0d896b0fb032d0d661d6c48ff66,0.06149193548387097
cfc88237647110305a5f15d7de6deeb1,0.0010080645161290322
0226fe307f491e66ac72073e4291922d,0.05241935483870968
2749955752ab11ce8bf9347a1b12e7b4,0.0020161290322580645
f693b6ea6e67ee85f7b6d0a167103ed0,0.010080645161290322
9bc334040d88337e1f8821a0cd79d8da,0.07358870967741936
b75d05e361f46e33b39ef21d05334744,0.018145161290322582
a287561bd382dc357f15be77fe372269,0.038306451612903226
537e2908816dbfcfa47a4ff767cf425c,0.046370967741935484
138ae8a065c10e0b71f522d8ec55f664,0.04334677419354839
2da29b8096b723fe7393a24c9dc9ddf3,0.1875
597726dd4e67f13009125c7f2af279a4,0.1280241935483871
6d83d9ab3e0a08ed6c24372252d65ad3,0.014112903225806451
c941ec364893833ff1504c2a2247066c,0.04133064516129032
ff88a3ff3ed651f80384b3440acb21d5,0.10181451612903226
3dbd8a60efc6cc82a4c908141fcaf65b,0.011088709677419355
832e6210c0410af8e0356bea5ec39c80,0.03024193548387097
f7c26a09ea71c6fb2f4bc654ad7b0205,0.04032258064516129
240a1c612d82c7e9d68aff5b13f0a84a,0.14717741935483872
a0a64c71d21b4ca6c86857f711368b37,0.0030241935483870967
52c5d4853dd7c2a35a40383f51083afe,0.010080645161290322
b55cbbabe2c2c1e24b4fa31ce6ffba31,0.04939516129032258
9200941c6c9aa7c4f1edca5967af1559,0.007056451612903226
960849594689dc82a4c4075b6b47fe48,0.004032258064516129
ebda826fb4655e8070b182777b04a4cb,0.0030241935483870967
56ee355c38716f93a8a85bc213772c0b,0.005040322580645161
539c656b9710b0099a96a678b3023299,0.025201612903225805
963b89f6e91655b06fd4e373f024f941,0.017137096774193547
59677fba0973de98301c80ecd3d0c487,0.05241935483870968
5267f2542eca90c844f3350362b952c9,0.09778225806451613
f2766443f2524bd7bd43048f3ddcb1b8,0.04133064516129032
446d28fa996dbf87e81df20d803696ef,0.0010080645161290322
ce9373c97fddd0808dbbc8320702ec37,0.006048387096774193
f31aab4ff2dba1e72d9ea251e447844d,0.004032258064516129
29af4e6ff081da2d6026d4577f9bae74,0.010080645161290322
57049eff8fe4eb3097dbefed7f2410e3,0.01310483870967742
e91e1bdee06266ae48ebf996fe02bcc4,0.0030241935483870967
d9cb935bc9b842a294ff0ec5cd34db38,0.029233870967741934
c5738ce9afb67ce36cf6b775c61da3a8,0.009072580645161291
c1437883bd77070041bdf06ac2ef2559,0.017137096774193547
e7bf1f39244880ad0a3285b001586b3a,0.009072580645161291
4a9a8ecb94fea1bd9df9c2ac60668a92,0.0010080645161290322
ad3f740e064e539fa261812b33064be4,0.01310483870967742
be5ec20066b51c1ec1e80fd9a92da26f,0.06754032258064516
e090103b006c03e85668ad93c6998cd8,0.0010080645161290322
c3d9a058ec16b47f125d1618297354e6,0.0020161290322580645
3d9d7f2921ce950b0382d5feddace1ad,0.0010080645161290322
993ea35e8ad7ff6894e32247dc507e9b,0.07258064516129033
91a2107421c8a978032766f5963cbe97,0.03326612903225806
50760d56d87dc7961ff7955347f21d46,0.005040322580645161
2b49173f734f93b1188ed1ad4968d710,0.025201612903225805
aac27a7c63b584b1f01e2b8266fe5d01,0.019153225806451613
971007290610f5093684544e5dba7791,0.0010080645161290322
27dfadfaf5d7549c340c4549970914bd,0.02721774193548387
256dfc4293b26052a25efb75d0fb6720,0.11391129032258064
5c438ec81f80d9b34f108aaf1a8f8e77,0.010080645161290322
05fcb3487734e7f9d6f13188a726b20b,0.025201612903225805
e60b013ffdac87b3d8bef405546dfda7,0.008064516129032258
b89075e3356afd5634655288c5a3d1b8,0.055443548387096774
91b88aa295fe09a255b2f321d9d2b12b,0.11995967741935484
6c0f005b575663e24182b2e3773cb1ad,0.0020161290322580645
c53063f1b9c1f444ccb9e5284b16f756,0.0030241935483870967
f1da0f084f3e5b7957d11d01abe7013d,0.11391129032258064
deb4397013707ec2437c1c9f0447ec39,0.06048387096774194
8c22e493bd92b5cf3ef3beff41b84128,0.0010080645161290322
e0694aae618f85b75e2db292610dfb0a,0.0020161290322580645
8b523df6b56d11e8918adb343601d6f9,0.0020161290322580645
3a65d8572f478d13914d039b8775a2cc,0.03225806451612903
b8c169947861c2b6b9d865759e0f1fc1,0.0010080645161290322
f7cf9a79ff1b066d0323cea98a72aa4b,0.03931451612903226
81e00d9718d7324ab540d28c2a20208a,0.012096774193548387
e4f1783821d6099217decc0c5d4cb56f,0.009072580645161291
c2cd19f77efced924e3eccd8bc6750be,0.11491935483870967
7b4fb8c2fc7ebf6a3f3a279fecc4e051,0.016129032258064516
16e837a32065b99262152bbbf58ae14f,0.15423387096774194
6ca1a15f62bbbecc31c9f959626afd67,0.03528225806451613
696d8d68db37ba55faec1a0b9f2fc3e5,0.04032258064516129
d208cad7c585049e04076ac7df960e7f,0.04838709677419355
50d3c6caa5d6ffd5137df4f5db5f677a,0.03326612903225806
7ce470a3f833253f6d667fa6830abe07,0.13407258064516128
2a9cf581b123ffdd8496e408bc43dee6,0.006048387096774193
87c7d5ec889363165a7e8a8ecb1e9944,0.029233870967741934
58a6a5594e4cf0aa734759c4494f0755,0.0030241935483870967
51615bf62b080e5f70fc2f914b6e89c6,0.0010080645161290322
d9e7e852bdfd9c1e23ad1c53793817d2,0.0010080645161290322
4265945959482393f3aff3583cade9ce,0.0967741935483871
6c8eb254e4842b7343684ed7179870be,0.0020161290322580645
3d133ae309359f8174669de9193a0aff,0.03125
95c283b2a0714f896bae81cef8f04f41,0.028225806451612902
934544394135bfe48f9e93d8708c423f,0.016129032258064516
3a70edaf9c37a351df9f2961f7efe5de,0.0010080645161290322
4c1fa9c55152b1285ec155970799f9df,0.016129032258064516
b6985598d3f4a9b830bbe1c6a665f5fe,0.021169354838709676
d74fc2673586b01a690680261be81b22,0.018145161290322582
f48a1f611db9718c81bbfbd38ab655f3,0.019153225806451613
a78485e8e5399789d5808f03845030b1,0.14717741935483872
f83bc32e60e9c7bddf53a52937cc7ab6,0.012096774193548387
23c5bd40fae86d1d1a5aca06c2f8408a,0.047379032258064516
17c9015e099b19be01a23289c61fbacd,0.009072580645161291
3098ee4e595175076514b00a8a20c291,0.19153225806451613
48db843bdaea80377900ff2720362c0b,0.0020161290322580645
5cfc01ddf8c35d323f1455624546ab3d,0.007056451612903226
57e77761c7d4464a3968f059b4a9afcc,0.13709677419354838
ba6cea5b55cfaf5d1fe95a65f4128ff6,0.06048387096774194
9e8e56f06c0615130e1e2f459bd4052a,0.0625
e23f12bce5b084f3a25fe2c8b945790f,0.11189516129032258
e4943ab897e346008ccedc1d5700439a,0.13306451612903225
3d53ac02713d01c1d74aeff5afcb91c2,0.0010080645161290322
8f1207a04f909ce61b05e72d8e062204,0.0010080645161290322
8281f15d9ee8bbd14a6126c0530d6ad3,0.06451612903225806
6f2d118b884e44148a1454d3d6a6b3d0,0.036290322580645164
e13f672e4073f482fa6e7c67db80421e,0.0010080645161290322
e098de3f558b23af2c7b98f448a2ee01,0.015120967741935484
7f2972edc5448f2be8ae712b08ffaaa0,0.005040322580645161
282391728101e881b6183caeb870fabd,0.021169354838709676
5e151aa3f416a2fa6f0a1d8985282783,0.046370967741935484
c1dd10ff181c3f982875eac6ee6dd199,0.023185483870967742
a4acbc39f441eddac9398d4fd7506a14,0.024193548387096774
2f297c39eca8f71d1bdba4ac397e6971,0.012096774193548387
4795b21d00fae5acb65e81482bf4ac16,0.0020161290322580645
c6646973b39ef486ceccdf437dcd8c46,0.014112903225806451
0fbaa4b15fcb6a2603a1fbb4f2f4afbc,0.07963709677419355
2d2c89e8f084dfea995627909116ecd4,0.008064516129032258
a3492e6c21cb2aa086e091ddca3f6fe4,0.005040322580645161
de05f60d167f498cc1269ed76a0f65ce,0.10786290322580645
37f90bc45f005699bca850a9a4a13c26,0.0715725806451613
f822f6417521e518a2031fbddcb935ab,0.012096774193548387
582136754ad6e0542dda62efa645fe2f,0.012096774193548387
3f73d89808e27af71c87aadf3a0b63d0,0.0715725806451613
713b41fcdd6b4998a50e7790909b1f87,0.010080645161290322
fb57da38c2852095e23fbbd11a50d61d,0.007056451612903226
eae370d3ec984a6cfeddd07ad21558af,0.0030241935483870967
64791377bf256cdfda2a3314266f0525,0.024193548387096774
5a957eaa0ccb6d688c88ef1581665d8e,0.07358870967741936
d2f9811d35e146a206548c7b4f2e098c,0.1905241935483871
8d0afbdbd6cc0d4c0792a95203088a05,0.006048387096774193
dbeb15e9c61c3ef5380bd0709c94c774,0.0010080645161290322
6e5bd18fe31d84fddf1b158b591a1ecb,0.03326612903225806
f4dfc85e21650ac92461b146ea6fba2c,0.023185483870967742
0a760bf1520d59a92be8f51e3f547c58,0.021169354838709676
d740af6d459555790bf38c292eef25d3,0.0010080645161290322
d4ccc75e4cfaeaed9b56de15ef5e4f76,0.06955645161290322
5f39af4a6b4b59d1509f041485d83356,0.01310483870967742
ac5d01c4beeb96a1738afb6507791c14,0.059475806451612906
c51b854788ec97e00fbbfd5a6b9bab02,0.029233870967741934
99638860e7ec10ae72f6683d64c33692,0.014112903225806451
b1e7d09f3e36eb03103df39fa3f1525a,0.03528225806451613
99751672fc939b1192651d485c121bec,0.024193548387096774
65578d227f1def014d69da76fa2afbeb,0.024193548387096774
608c1c9eaf8271e0098887e51f44973d,0.02217741935483871
2cb661790626d122efe07ec21b045883,0.0010080645161290322
eb25d1d0b195591685cb02e49d0b67aa,0.1693548387096774
98a4b39fdfde75d956d5f68b835a03a2,0.015120967741935484
e62c24834d404588672775d2705a4017,0.010080645161290322
adab39c80998d5e7787770c5e2d7e66f,0.07056451612903226
869e03fde146ca294974ffd75f311f13,0.0010080645161290322
93a9affe525a4ddda933fce27518d7ce,0.1028225806451613
1390ee1b3cf365e0aa12ffc8f6e9566d,0.015120967741935484
d93dfe29130fd71bd30fcdeefea2862b,0.16129032258064516
4af9a7f9c97084391a206b3c12768c12,0.009072580645161291
c368d99bcf92a84184c298933c255676,0.0030241935483870967
feef8f9efffb7d9ddec62bcf17f12e0f,0.06451612903225806
04d5e31c09ad80f0b0c2a560f7062cc1,0.005040322580645161
6755ccdc01a64c55f61d56d798f434c8,0.07358870967741936
4c0ef45d5841d19ea446d43094da0a15,0.0010080645161290322
f5eeebc67e28fc2cf0b75e4e8ea38647,0.04939516129032258
142e992310e659cb6b21809eeb7c4a07,0.06854838709677419
14ceb50dffe9fa1ad31b5d83e24961cb,0.04233870967741935
01f0828177166fa8f66e2c446853205f,0.007056451612903226
c3c46a3aad522d2bbd856dd825085359,0.03528225806451613
7a9d0c855c2375b26747f82965afc821,0.018145161290322582
a52e7105e795919dae83ec7fc2dcc522,0.05141129032258065
2bd47b4da4496d3c8f1c4f9956fd839d,0.008064516129032258
425f941a5b1d205fa36ad3638f0abd1a,0.012096774193548387
29766d5fb7dfc725656fad3bc3b67b56,0.03024193548387097
4176e2d9a26ce134babf22792d1c6c22,0.02217741935483871
907ceab78e867d765fa360527608efa1,0.0020161290322580645
b2e91e0c50a018fadfd339dabe40070b,0.016129032258064516
f9d1f915d2e7705c87570261c7d0abe1,0.02721774193548387
60066dd3eb5d7ee466c52c83f45f6aba,0.015120967741935484
8c3d73d357d96932dd62734cbeaf69a1,0.021169354838709676
f88a025599c87d903bc4852acf9394f5,0.005040322580645161
ac78506ce0fc1308c9037296a9aa5304,0.038306451612903226
227d71f0b08bac79a8270c2f14937208,0.021169354838709676
9d06d216f61c71373350de763fd9ac6d,0.018145161290322582
c826543e2445a542dc01e53bb855b5d9,0.014112903225806451
54544227cc8aa9b8364b707efc7eec30,0.10685483870967742
75e9b0971b5f78056434c53b2c41bd10,0.06955645161290322
eb967a3ab2bae0104aeed5e1d89b9380,0.007056451612903226
3b45dcfb02429ebbe8c9864c2db7b76d,0.004032258064516129
c4567a437a2a2047198f4d80a04d7c97,0.03528225806451613
e76b7fdf225426476778f2bdd4a5d027,0.04133064516129032
fe5a0e8da8f6fdea0f4b9c97b3c54cc5,0.037298387096774195
f9ddd2ab6d2ff1ddd980be89beb381ae,0.021169354838709676
2fc83579388cc9de70b76ff8fdb6ca37,0.1350806451612903
b07c59f0a77b2d598dca2bfa7573995c,0.0010080645161290322
7da994b751a1b204be91e2114803e773,0.0010080645161290322
fe62c3f0e91ec98c360eeb53500a3b96,0.007056451612903226
87826219f02bdace97680b2d371d6016,0.018145161290322582
08fe9dad435157041fcab696b5a44cc6,0.0655241935483871
10fc847ce3749e70b9a3dea5ee92c4ff,0.01310483870967742
b8615c8e04ff7d38a46e55edf690a6f2,0.004032258064516129
8d181137c9febeb212a7e98974633215,0.12600806451612903
2bd1428d91d08e966652069c434d8b09,0.09778225806451613
9167e80eabb96a052002ccbafbd29257,0.004032258064516129
ebc6ccbee879587e1e07760df5286372,0.012096774193548387
28ac003cbd43f6d64a0c7a52da65acc9,0.012096774193548387
a495b7c8b63841582c3db03bb9db49c1,0.004032258064516129
a9940374da32a315eb5962bca53298c6,0.009072580645161291
698862fbff78c7fc3cd7a9f4958bdadb,0.055443548387096774
9938c8f22908861f780f8719b75dc0b2,0.019153225806451613
32fb3546a9595bdb8306cfc0303a7cea,0.005040322580645161
a9e1acfa6cc2678b1fcc40f49007d4c5,0.007056451612903226
f47f8e690205be8c0572db3c32829f43,0.08770161290322581
e4552459644b4a8de0dc7bd76233783b,0.0020161290322580645
5cbbf9790ba7ef27253bd7b971251823,0.005040322580645161
aa3e1196c0fc3a40a466ce6fe614ef2e,0.0020161290322580645
39b872cde2a5f3c27c3bd83ad06ed61c,0.0020161290322580645
78181b09974607c527b5ee380438c7bf,0.006048387096774193
5ca08331424a26ac092fbe999056a213,0.010080645161290322
5c3e4422374120cd00d41557946e5c6f,0.04233870967741935
197607842d7a6512dcae4b2c23ccf84a,0.06048387096774194
144274a73c092e30324fdd48aefacbf2,0.0010080645161290322
31d7e2cd5119235ba1c0164a48a6fa2d,0.007056451612903226
7b5ceca930dc3852e6ee9619f2238bcf,0.004032258064516129
5b564e686e5e0a568b95dd9a3bce87cc,0.0030241935483870967
a5a931e7bec10c19f0aa478fc4e88abd,0.004032258064516129
42fe4c241269d5348a686c41649659a3,0.008064516129032258
6d4300926ce8b09ca5b171aa5d7dc838,0.020161290322580645
0681937d15d01090c93f3fb99998d90c,0.17540322580645162
5c730287e8b4e9cb396b646b6d06f81d,0.017137096774193547
edbf7f6589deb72806f042ec4185d195,0.23487903225806453
902c0a7dd5a911a8fbf9e34e49f72297,0.13004032258064516
2777762d53d46321ae8759027879814f,0.04032258064516129
4245b228c2a1c7b6a57a668088e4f702,0.0010080645161290322
806c2b453e79685517b78364330c6aa8,0.0030241935483870967
8d2a3be424d8765ea5cb0a3e88689f86,0.0020161290322580645
56e84c183b6b38461fbf53aa45918882,0.007056451612903226
d18df27158162fd066c409e08f0daebf,0.22580645161290322
791736ce06ee892bac801afb4a7ba040,0.08366935483870967
1e4a18521a203a085f2ba70ad3ecf521,0.018145161290322582
34e921961ff340dcef204bef4db6dbcf,0.04838709677419355
4bbb679636f8fc658fcb283359c25ae6,0.05846774193548387
5e6e8d3442b372ca746d5bcbef9796ad,0.12096774193548387
16a0655d9f2d6d566a02c341b32a9f7d,0.004032258064516129
da2b9bf36002238e376a20d97a1a9474,0.0030241935483870967
606b815d9ae395e0c2f47479776637ca,0.0030241935483870967
b5199edc6b2957c794d3d901e51b9830,0.0846774193548387
7b2217b6aedf2fabfbcb7e64548d65de,0.028225806451612902
7e789b8ee7dec0bd5b035dac89934a0e,0.005040322580645161
6971435f73dbc98edf3ab8fd02a22bbe,0.006048387096774193
3d8cbc0072c44e3874da2999d1475ea7,0.007056451612903226
dcb3c409e29185666e2ab220dd456516,0.05342741935483871
cc6548dbd37caa61e872dcf140658aaf,0.015120967741935484
f47c67f993344aa505fb308b9e7a8cf5,0.14516129032258066
6e0f1333a8c1fefe810a59931014779e,0.037298387096774195
2e621516b0e1622a1b38e5421f8f8260,0.1028225806451613
6c32989369514130c6e71d3837829e41,0.007056451612903226
29e53aaab03b86749d3941da8ea5b59c,0.028225806451612902
3d1a3d383ea834c5f61ec20c2a8c1148,0.004032258064516129
6bdd4dbfc257b963adc1fc46116fc2b4,0.07560483870967742
e48ef389203426f3554fb0158a77240c,0.007056451612903226
a1bb8958d3b15e64322cafe635c0d663,0.038306451612903226
9243bc972fdab1984bf6cda1de6f259e,0.0010080645161290322
cf44d2acee81615d899810b80489dec8,0.006048387096774193
e463d7c2b9370ca2f1be3247ccc74bfc,0.015120967741935484
3a22022ed917c3f3fed369e2e5d48981,0.0010080645161290322
6840b2aa48288dc1d090a36a691c0932,0.0010080645161290322
5862997f1e99183805e7f7d98d9775f0,0.0020161290322580645
68cdabd0dfec78e234cf5c730cf2a7f8,0.014112903225806451
fd92db4dee3f7951516d163ac439f62a,0.018145161290322582
73dce1e24e948a7ae6757f69b2d1adac,0.0010080645161290322
c25a531a8cca2ccbb48b23deb62ac6ee,0.0010080645161290322
e4029bfaac01a93d2b67a848f6c349dc,0.05241935483870968
b1ee9d203b06f89be1df3b1d2d95f464,0.004032258064516129
3c4b32d9111577245ca65b14b1f2cd27,0.0030241935483870967
ad0797d005586d168fa3eaeda0036139,0.005040322580645161
e7130cf91f8a8117557abcdb0d757d54,0.0020161290322580645
41d206c537095b912463733022efa533,0.038306451612903226
ea11e46c48b6bfd2356d47387aafa70a,0.0020161290322580645
00d5448e147c85fa4de83b9f9ec17c90,0.017137096774193547
6b2d07e53487754db05194f702d6e54b,0.010080645161290322
fbdee237902131bd0bfef64c100677bd,0.005040322580645161
4bbdb74ae1db297c6aaf9073c714e3e8,0.02721774193548387
b41a7aaed124e6603420e36173b4b45f,0.007056451612903226
2f3b51e3f7acc3c9f66f1552b67a0209,0.03024193548387097
181ba727369cd369c3db60837d85008b,0.0030241935483870967
7187710ed85b8f151ffdc6c9840726cf,0.007056451612903226
880c8aca1f0d0e6b938db4a9c8b1ceeb,0.0020161290322580645
4762cf7ec7c41cd9e42349a7e2966a10,0.0030241935483870967
4f46dcfc54a443a4f4bee97c868de710,0.03326612903225806
374b2824d29f8bb07bc5fffb64edb22f,0.0010080645161290322
f976b52d2e5855a9b107b1551b3b6be8,0.015120967741935484
9b6d52ce40302709ec784ae992c27ec1,0.015120967741935484
8e8fdb14ca1aca28997d4dd0f5bc9267,0.012096774193548387
fb42bede369a99be309e94e6d0317e50,0.0020161290322580645
8ca3d745b72095f41ddcd3e41066f7fc,0.0030241935483870967
0c119572414a50616c8341268eb7b7ff,0.0020161290322580645
989c31c4b70af4f1601620c06b0809ca,0.03931451612903226
f80bc1a29e1b5e1395b7e39f554e6e32,0.034274193548387094
a97378ba1e48aa3094431c4c5eb4a180,0.012096774193548387
aefebb12de43ae191f602c04eaad12f0,0.019153225806451613
46f4033b5acc4bba6b4b82593a51f28d,0.006048387096774193
544622ad43ec272cabc13aa3f0f92877,0.03326612903225806
8c59942ab2b866bed91311e10ee2b003,0.03326612903225806
138ec29935dfa39bf9c33440115d4a84,0.008064516129032258
8928c13a470a9251a2ddb4d3a23b69c1,0.011088709677419355
a6a904a3fac6c33b9589b548dea7282d,0.0010080645161290322
3482dae3f6267f085ffa1fe87746e07c,0.004032258064516129
5da46155054ba7bf05246fb94681324c,0.06350806451612903
5ee8b4e93f51ea2daaa13ef56d4047a2,0.05040322580645161
60ed3ad7a69022ddc89d3f4762206781,0.016129032258064516
8177085ff4fb95dd607c9d104007b58a,0.006048387096774193
09e651563f2df23a89e039d8a5827d2c,0.024193548387096774
86c13749200740ddd9a907577811e716,0.0010080645161290322
f185b9837e9bdbc41de027b720687cdb,0.0030241935483870967
f5dd3f079f8866010ff9e1ce86dea070,0.04536290322580645
8753254039242e47c8a160528d40a76f,0.020161290322580645
685860d9309679f3e94bd98c996ad0e3,0.0010080645161290322
b151fbf52e3c196ce4ffe9b4a3e9af14,0.034274193548387094
01d629d8949bac2ab6ecd20a0ddabda2,0.03024193548387097
7693eab431ff977e8b3e9ba137b3c591,0.02620967741935484
2e3c75c28bfd30a1e975951e8a4d586d,0.005040322580645161
55f1f1255cd37e8f8ab3408b6ff781ee,0.016129032258064516
7ccab5689f20aa21e23c9f04df415774,0.036290322580645164
9865f7d8747c940795f37d48e31f25f0,0.06048387096774194
bcd589a53e2c67439e0188a694584d96,0.09274193548387097
9478530fe286b6839b11fde9c2b0f9a0,0.011088709677419355
54046dcc77899e040a16ada9782973bb,0.0010080645161290322
8c36be8d8559cd10ff4bdb6388aa5d72,0.02217741935483871
6acff346c844355a864e97745f270a71,0.015120967741935484
edf929516ed8b652ea06dfe077d30c5e,0.02217741935483871
e934683ea38718cc674e8c7f2694cf1b,0.0010080645161290322
b01e64261beff06c591132b8f0cf3099,0.08770161290322581
f1ff4996944c364a33e457077e9257b9,0.011088709677419355
d6bb5703483ac68992e09ce17683c52f,0.0625
4602a5be07c7e7e6011376b06ad31fe6,0.007056451612903226
2c0dc1d51219ff17b7b04041bd71a85e,0.059475806451612906
df21c6cc9e2a5e8f031608b4cfef60f0,0.01310483870967742
40de623aad2dd8a855fab27a15813890,0.046370967741935484
453cd990f7322bead764d602adff2d3f,0.0020161290322580645
20c45a151f5f4177f0e2a2d612e7fde6,0.0020161290322580645
05cb0c38d66ee8a43ae108e68ea25c56,0.0020161290322580645
6fce2be6c746f5b347ed27592b75d804,0.018145161290322582
02c36a18474759f96da44366c7837649,0.021169354838709676
7963efb561b6e98c95b9f0392d819caf,0.018145161290322582
3bc289b9f2e3f5fc8a2f81b433f9c00c,0.017137096774193547
628a8586ca176bd1664c33666e5c9f94,0.03024193548387097
cc85708264f94220425a87297009ab54,0.017137096774193547
d50f817074ca271bb01812d98291d26d,0.1502016129032258
c1c1c7a5ca13ddaffccff1f5c2b5ece8,0.047379032258064516
2b96aedad554d4c3586527f8cf1f0db2,0.014112903225806451
ef840234f7b429144679fee625346a0a,0.04334677419354839
fee353a0349f35b438dbcc3dd01ccbea,0.06451612903225806
c7408e951d6050a4ea360aa404050896,0.04838709677419355
68dcda117dea573af2dfc19bc816c333,0.0020161290322580645
24f35abc38d5f8fa549891f08f1bbcd1,0.0010080645161290322
03543a72968756aa402692fd4e5b1180,0.03931451612903226
5fbed3b6b9c4dcaa141090efd1f100dd,0.02620967741935484
91958768c186981f415355694b67bff2,0.017137096774193547
5243f9cd1aa1794f44559c471cb914f5,0.0010080645161290322
44a36b6738e227582e14a58b9d92a5f5,0.023185483870967742
4ca53113aeac7afa697e8cae58f69855,0.1693548387096774
80fd14aea177425eb5d6a4b388a08a07,0.06653225806451613
d213b9ac523cad0be4b7b3d139e7c976,0.004032258064516129
8a35cd72f75053c325d1d2f95c1fc43f,0.04032258064516129
773443dcfad647ff0d4f2c406f915296,0.055443548387096774
2b18e2d8df4b34caaa02277d8f8242a4,0.059475806451612906
3821f7336b6b173e6852ef74ce8eed73,0.04838709677419355
ba39847f00f7ea2e471002bf2977c118,0.018145161290322582
542fc42e2cd1d139728f7f2eea2a2a83,0.005040322580645161
b43bf48d76a20b5c7852607cc88a11be,0.13608870967741934
703688a0281c5ee25859f04185fa64b2,0.009072580645161291
aa5e8f13e46e98c3f31164531f073186,0.020161290322580645
122593eb9518efec65356e1c77b4cb8b,0.0030241935483870967
d1eb195fb3dedaa1ef6805194fc73566,0.010080645161290322
5a81c6771272da189265479e715d2267,0.036290322580645164
28198ef9dba97b665a863c8b312666db,0.03125
62178b573bad02128d555b3388b06c07,0.006048387096774193
edab50b63230a757f8239517b7ba3671,0.04435483870967742
af09a9ddf43ec3435ab92d3c4d56750e,0.014112903225806451
3c5496fdcfbdd5b2e4f620d44f83414c,0.017137096774193547
5cfc75351a63a887441960d7961069cc,0.029233870967741934
eb5efe85e5bd8a440e1592a78bb8189c,0.0030241935483870967
879ff3ab1d4651332e9070979175b200,0.01310483870967742
da0a9f2c500ce0875aea95749a61cc17,0.017137096774193547
e40851e22de4639a2c4f236717dd503b,0.034274193548387094
05cc6bcae0f219c746a9627db274fbc5,0.04838709677419355
8cf2ae89903ec9df4fa9a9653be7f21f,0.010080645161290322
853d83d300dd87bdf44059f14058409b,0.004032258064516129
22bbde52bbd18742fa3a9eed906520bc,0.017137096774193547
99b2cff732928cd76c6b0bdce3f68eb5,0.056451612903225805
b4aaa531507d8a4b3ebf62a8a8a99f16,0.008064516129032258
d42cbab89c7b488f114ac3f3ddf4e13d,0.0010080645161290322
395c9a662af32273194ed36563bcbdea,0.014112903225806451
3f798d678aa2deaae7359cd39d8afdcf,0.13306451612903225
623dc731c2bdd1f35bd5739704450601,0.01310483870967742
177ee554ff1570ba1ee8bb4a921078a9,0.06149193548387097
df892719b744a6f920e98a444c17a707,0.034274193548387094
003157355c3b83cd4cd0570ee0c6cf32,0.025201612903225805
3c5c8bbe2c3d82e728a731c115073603,0.0846774193548387
76a6a35321d2332753462561d7d4cd3b,0.03125
f97ef8c4915a23edffc2d067a2774c3f,0.0020161290322580645
c79b3d87e705bf6859d8b3a8a57577f9,0.05040322580645161
1562897cb39a17c2e133d1e6714ae10b,0.008064516129032258
2ac5f7c5c4c66f81463866538ff87d30,0.010080645161290322
cd58ec5f98b35861251581874cc21bbf,0.009072580645161291
0e6e9e41a8cf4283bf0ecf36b5ff564d,0.010080645161290322
3a72f2abca3e85ba352067b5cd06c1a1,0.028225806451612902
57807147837163b9b723ef5faad6d37a,0.08971774193548387
b3189804ddaf60e02f38d97b618ac4de,0.0655241935483871
566cc73d4e6bb430d8b0b20150752fc1,0.038306451612903226
42019875482bfb1e4ef010ce0cc617b8,0.10181451612903226
f8ea9191cf0d57dc48caad6a2b0a2a4b,0.004032258064516129
4751fb397771278cfe54b0a51666c718,0.08770161290322581
3fe82a1a42c43eb2d7a34bdcd31c1577,0.05141129032258065
446dd1eaac209e5a67251acbc15da551,0.011088709677419355
be219e9f39b25a42b5d3b1c02065f195,0.04334677419354839
25cbbcca8e3a6114967b113a6a896741,0.15725806451612903
13188cf64a3621ee21ee8f508bb45663,0.059475806451612906
312c538e3bbecfc7379c4e2fdc4cc284,0.010080645161290322
3dbd4deb86d5f89cb8e030c1acbba7c8,0.024193548387096774
9d33b7349930e31be451f51ecb312230,0.08669354838709678
26d016f8c563054de2ffdeb95dfb6a4c,0.028225806451612902
0a21364ecab3d266c631849ebdc58c03,0.03125
0f47b17b9b4fb563dc989ad10d5ee11f,0.029233870967741934
06b1c2f8c9370113cc559a3f38944f64,0.0020161290322580645
644c5814a1f5fa4d0db33b8876307981,0.014112903225806451
f36d8dc51175862084b56a5b822203af,0.009072580645161291
77e0603ac31621ebb08ec0a1a585bf12,0.029233870967741934
9828f58eaf910927264c204ace9caeed,0.0715725806451613
b19836ccd0ab70a541ec5627baa93225,0.07459677419354839
0635a6fa3ee82e3082435d8b170fb4a2,0.07862903225806452
3017b131d99a3ccd2da30dd4dffd68d3,0.04334677419354839
b41e59600aba83d2b2846722bdf75f9f,0.06149193548387097
0ef773cf73ec177bbacc95211a0bb481,0.0010080645161290322
6193e2414cb3c22410a6d9abc7826ae7,0.059475806451612906
131bb7c17c86799a8f2ee1df1260d63c,0.12096774193548387
5010334724a1b648676a6b2b25c97fbd,0.06048387096774194
8f872198d67a5d06e41b03ca55eb3048,0.0010080645161290322
9a5108b27b1d2e5d5e65ce3782c34117,0.004032258064516129
69a88215d500dddc575168a7d3a2f9c7,0.004032258064516129
7d479eec3c07806ed0fa3c88ea30142a,0.021169354838709676
bd2050a518f50aefdc2c982223856d34,0.004032258064516129
7696986a6aaff60166f5aa47d67f02d8,0.05040322580645161
0ff0611430e6d7f5786d9b84232c035a,0.0030241935483870967
9d413f81d2363e82fae708d0d115c628,0.03931451612903226
644c7e41a634b2284f57f1b2d0ccaceb,0.021169354838709676
846209d7b8ad2fd0fb0d0e0b39a9f947,0.020161290322580645
591d764e867d25c382270bf31cbc976e,0.0010080645161290322
c7da236005c0fc9208ce6bc16fd29205,0.0020161290322580645
c97fb0d078e8e0a1db210b80a4e42ecb,0.037298387096774195
2dc7517ad863fbdfd38ef439de3ed6b4,0.009072580645161291
d5220e16d5ec7f97b89b52dabe3a7dc1,0.009072580645161291
19f41bdfe799564c681dce4dcf8234a4,0.018145161290322582
07bf22aeda5a7b593e994b548cd28035,0.017137096774193547
df1356ab4c6bdfb8a094c3e0acf4d41e,0.017137096774193547
216ed7d400d264d649ca7f611d11402d,0.055443548387096774
82a1a4aba10e0dd5233f5503c7f88bc0,0.019153225806451613
e91c86d822f39916a0d090cdc5f22b42,0.08669354838709678
4768dfc1e7be86f3bfa1fe1402858be0,0.0010080645161290322
9edfaddefdcbbd0023a8400b6ca53f19,0.004032258064516129
077e7b0c801797870d9a558f3b49eb07,0.007056451612903226
8d0632e8d7a9dd29edcb0d839b330f93,0.025201612903225805
506b81a6b0c213bad187ed926266961e,0.03024193548387097
87d32d8e72856c4336c536bbf79dc1e5,0.036290322580645164
19abd4e216db85bbe4db1cd488be64e8,0.046370967741935484
2cdc43f966dc5ada60a91b443dfed6b9,0.02721774193548387
ca026dacffd70ad17ad4cfcfc18e7684,0.11794354838709678
07f82c6e20727966832f2db88994cb97,0.005040322580645161
7c31d38421beb254a5e0ba85cb4703b5,0.017137096774193547
2c74ae287490b3d382be26425513df84,0.009072580645161291
9f4224f49419587f6a3e2d825fcc8cba,0.004032258064516129
169e5e6e7abf2d9021a1dce186f3e7e2,0.011088709677419355
bae0d49b5eb22b0dfaecbcbf39a52265,0.04838709677419355
c2248f10ef113447e1c953f9ca15b7c1,0.03024193548387097
dea55b45bd7e50317f43abfca3b30d76,0.0020161290322580645
6d411558b6d19e866c25ab86ef68901a,0.0020161290322580645
94f9ed95d5ac91660625024c2e125d29,0.016129032258064516
f8b956cfbe4a72a0d0703ff48ca594a1,0.007056451612903226
49580fcf96a70339cd5c49d4b3a9c8ea,0.024193548387096774
335003e2c98aba3bd7e91022b14749d1,0.038306451612903226
2805c0689803470ea1047f57dc5ec117,0.05342741935483871
f46519d48581f38a23419d7a53b6f93c,0.010080645161290322
f8ed179420e7a5cfb8e1d8a28572c773,0.0907258064516129
2d71b50392a382395aac9661d986f04a,0.04133064516129032
0522c974a14a65bb6eec4e83895fd712,0.012096774193548387
47dcc1cf2faea0ab5e358e7a349cd560,0.01310483870967742
01c656b52ddaf40e9effe387b527e26a,0.046370967741935484
2a424d3c5360e3eb63cd2e416f35851f,0.0010080645161290322
eb6fa47c326d046c1f7a6500ac36d1b2,0.09879032258064516
9df138d646240a62e2fe4fc127117b0e,0.0020161290322580645
a8be31504790c59ce590063e602dd0d7,0.005040322580645161
35a49c87b845f511a2e8efefb5af699a,0.05141129032258065
9eb29a161200ce6abc81964e707e0825,0.006048387096774193
6b065c750519b1b67145bac1a7fbcf4b,0.004032258064516129
69717e39f419d3e490a35344b6407935,0.0030241935483870967
89f9668dc02b1f2bf7136ee092594333,0.012096774193548387
6c20f0675ad266906a6d03c46fa85d29,0.037298387096774195
07f183edd4e4d8aef1dcb2ab24dd7745,0.03528225806451613
b8fce6e727383d1005d1d16bb1f6c4f1,0.0030241935483870967
6909f1c74f4f491e2613b930709c9ae9,0.02620967741935484
15af5c43fe9a64476fa7b4ad4bf78ee7,0.016129032258064516
f1249efd49cca2b27ec0474ca96f71de,0.1028225806451613
4f0dc4950af105e6c1d30931753dc642,0.0010080645161290322
dda0324e9d4ebabfe4fe89724aaf60b0,0.009072580645161291
3c755bc9937aedfb7e44928702f2d5ed,0.004032258064516129
d8fd7d2265870e9542b7fc5fbe1243cb,0.004032258064516129
fa4580177f6fbb6d227755a9dc8807cf,0.05141129032258065
b44546d670cead74492763e24ad87b34,0.006048387096774193
809943588cd87eb7a8076e0e45f97a81,0.008064516129032258
677003107911135908079a14e279d46a,0.05443548387096774
8bc4eff5ee8b6ed61f0cade672fd6521,0.007056451612903226
b9b8c0ca3b092a8e13ceac44c5aae5db,0.021169354838709676
e8f2d4c3673e942e354956918801d28b,0.010080645161290322
40c6b3512e81dd7ea162574d57a6836c,0.029233870967741934
f69f5407390a58b5ae7ff394183a0d5a,0.04032258064516129
596975dde88b8e80ccb97a26065e0b3e,0.019153225806451613
05d7a3c5e2fb5941993ce9c3941f37cd,0.007056451612903226
83aaaac41d604215eb73ea225ca2b5dc,0.017137096774193547
4e99cc7bebc760c4ce382f7451f0d013,0.05342741935483871
b286e434d9293a1ae9ed14b7f60c7312,0.02217741935483871
77eb66ce51f640d5a723d08da88a5cce,0.020161290322580645
efd135541c178b687dce74c0f914a94c,0.011088709677419355
a41f50dd8a9388dc77bde27d841dbe54,0.0020161290322580645
d0f2c9c349d13137be046853c4769265,0.019153225806451613
5afd9dcddc9a8dd392b72dcb72f8da2a,0.029233870967741934
278e2cde1831f26adf7ced78012604d1,0.0010080645161290322
8b3d895b6a8e0615caf0244003cbdb25,0.01310483870967742
69aec5919be79198511e2e14e658e8a9,0.07056451612903226
6215f2ca2104744d9937f129650b36c5,0.03326612903225806
60ce43bfcf795e997e3c969938262dab,0.008064516129032258
48d9883fd871b82d9bbc89cb0447be8c,0.11491935483870967
2b056fee3609a6b0d5123eb87007e59c,0.0010080645161290322
b397ee372ad8e6e956443f650cba85fa,0.08366935483870967
62494726aa8b571cbdea4e0675d36775,0.06955645161290322
886c0e37d086ea7786b562839c945c7a,0.006048387096774193
94a699e62982fe59b7725f1b7271972a,0.034274193548387094
cf74fb3289ccde29cc05772718b2d073,0.0010080645161290322
a9c83d92789c4ad5e82376483637bf6a,0.057459677419354836
16c8b882572a32115ff6f1cc0edfac72,0.0020161290322580645
6f67b46f7e90cd60237f483a12d8fd2a,0.018145161290322582
8daef6915e88808c1bd0a00cd55bb2eb,0.0010080645161290322
e2130a7505672d90deadca35fd526702,0.02217741935483871
092d9275f9de4e0e029ea5c754d633ab,0.0030241935483870967
24a1ba0256dd913fcf1f39cc9436a279,0.009072580645161291
158074c0a91b0523320cc6877a2b3376,0.0020161290322580645
1a86c3631d1b152844957ae3757334c7,0.015120967741935484
a39cbccce6f0f875122a5616c0a943b2,0.010080645161290322
4ee28a178b2cd9aa035e2eeb2e3d5c93,0.02217741935483871
e2a46b845ea47704636334cbe2771fc0,0.006048387096774193
b07fd14adecf0dc6a623dea1f6c95199,0.014112903225806451
e92c18fe040d77ecc7dda2ab798893a6,0.0020161290322580645
ef9406417c512a510e361b61ef1048d2,0.023185483870967742
1f0f2781ed77258dbf7028e9193c4a05,0.06451612903225806
0ae52bc68ccd042895daeb0d390f8145,0.012096774193548387
6425a1b20590da5d96746217ea3fe698,0.01310483870967742
e56aff2928773e4f9d4646bebe35123c,0.01310483870967742
55e77e8f84aad687f03509742dcf4df9,0.012096774193548387
35cef3bd340d89336b05862c2f1cac6a,0.019153225806451613
ee965cec471a61b2b8218f85c44cf504,0.036290322580645164
de4450356390131e9b23464709b8d38e,0.004032258064516129
faf838d4ccee7426f26c8f8d77d8a669,0.03125
e67616b6194496dce3a3d0b15934a5a7,0.0020161290322580645
9880f88e8b3ccbd61164e0e2e75addee,0.008064516129032258
ee20b6aa9a115afbc0e6732ba7094392,0.0020161290322580645
c45697e0beb149f2f84a2917669d6691,0.007056451612903226
aca499b0c302f1545a25e0f99227d11a,0.011088709677419355
f03eea18ae1e90ad2fe19c1e9c477274,0.019153225806451613
64618afa3a07dcab19ba87629333ab84,0.024193548387096774
8dcf7276e9b7fbf05c4c9923707ba4eb,0.0020161290322580645
140dac92c4fc866c3532b40072f5bc48,0.18044354838709678
7d45ef75e10accb326cbfdbe8cf0abc0,0.0010080645161290322
5e6be6c63dbd8c34c8fad1d59abb18fd,0.0010080645161290322
30db67e2bed7177154fc67a930456cb6,0.0010080645161290322
12acedef28e3fcf7b35a3f2da3a2a038,0.009072580645161291
b91ce7096c41f4f945847fa758e9f5b1,0.03528225806451613
c7caf74c28a89988e62900db338a0708,0.021169354838709676
72bee54ab489dee86a7ebdc680038d05,0.0020161290322580645
421b2daac9425eb9df7b724b93a9ade0,0.005040322580645161
8ce931b0c99ad5ed648c25483c1ca492,0.17237903225806453
c53f61d5ed90003488d2c9e7b59ef177,0.0010080645161290322
e8cff5dd9314935749206c1d83214d77,0.008064516129032258
2272105216fe0b7ca3c386a966541de7,0.0010080645161290322
9886d89016c5dfd08cdb3aed3c966cb6,0.016129032258064516
4fe9d74119d6bf79403961458da3b84c,0.0030241935483870967
5e56d8f987582fc48abcfd3102629252,0.024193548387096774
b3fef1e26b7b6ac20847ede4da68547a,0.017137096774193547
e387726022ad508ab1fc08e2df054a5f,0.0010080645161290322
745559285a05ec47a3a85c3e35c6ea8b,0.012096774193548387
d8c2923bfc5be7351e0f9e0347445780,0.0020161290322580645
3954768fea70139e0ca5a86363f4e0ad,0.006048387096774193
c18afe570abfe82d2f746ecc6e291bab,0.16431451612903225
cca22a273fa140d50cc3cdce9f539f73,0.007056451612903226
dc92897ae65716d40ff3b2746a2a6527,0.019153225806451613
d7672c7b18b1a51d350cb05d86ef7954,0.0020161290322580645
558acd17a2e790bbb05bd187585a9c58,0.05141129032258065
fd1f139259c53276619476db0cc81913,0.08366935483870967
7d36891e8159e6488b05d11667e287d9,0.034274193548387094
c60de71c74f6fa6c8ab65ce57c16f4a9,0.008064516129032258
b9c477454f4b1c35e2ece01b65f0bcd8,0.0030241935483870967
75696eef55fc8c45955651d752c58643,0.028225806451612902
f39683c1d5c23abd1d91f83c224acfc0,0.014112903225806451
6029afb7c989cac6ebdb60dcee7c0085,0.0020161290322580645
731c34bcbbe67f8f74eccbf644410433,0.024193548387096774
e788d109a82f218babace41804c108f4,0.0655241935483871
c57069396d7c4f8f3a957766c3a5c588,0.0010080645161290322
0d69754929eb3dd1a5b256b43f1c05d7,0.1381048387096774
c3acb31a1dec597c937ee161d7b9bb16,0.0020161290322580645
a26028de289a75f11b32cc14663aea0e,0.008064516129032258
0e9c847e025cf498cd3869283871bf83,0.0010080645161290322
bf0b8b27c119092a4dcfc4d78d019ae1,0.0010080645161290322
22a9426d0cca7d0ad5441c0652b234f6,0.055443548387096774
c180bbae185e82b1294b714aaa7fc3a3,0.004032258064516129
47ad35356a9bfec68416d32e4f039021,0.04939516129032258
17b40dc99e486663e3d9dae7e9164cbe,0.004032258064516129
d19feeca28082ad2cbbd80962abc41b7,0.006048387096774193
b3fd0671cb96a765326bfee9114985fd,0.006048387096774193
2e719af88bfcd8e25218266a6f7964d0,0.07560483870967742
fa6aacfaa894248eae0db0fa67161c63,0.025201612903225805
483eee5094eecacaf07c5ec501070e22,0.04939516129032258
4e9b40b46e4e10e50e10b0d599e7b67d,0.04939516129032258
2d4e3a1252cdc01a9b66e1a16743a6b6,0.019153225806451613
74c3408d70193c785927c4fbe92668fc,0.02721774193548387
34e21a623fbdf09376735eb1e3edd37e,0.028225806451612902
370ea14e789fefeb27a87a96fb3f0fc3,0.015120967741935484
196f1174b9f242c98137b97a34bdc779,0.008064516129032258
3c15d517ba7b79ff4eab88e71709929d,0.034274193548387094
6d5edbc5cdf6b798c8c8eabd493d1337,0.0010080645161290322
1b6541dca38f88b9be834bc81a0f2b33,0.04032258064516129
5acb0b754fd4db0801bd099d86dc6aac,0.0010080645161290322
0fad9aa284dee27ff0ef4d7562c2d76b,0.015120967741935484
1059d86e2ed3ae16cc9f2d83b59756c0,0.08366935483870967
6ae1530efd751ffa64e347cc190add79,0.019153225806451613
869eace69a2ba4bba7f386a1c026fccf,0.010080645161290322
4255b208f7fd31a85392c28423730fb4,0.04334677419354839
04cf55ca51883bf19bca35e8ab225def,0.0715725806451613
e0e8356d65027a3fc1f6f9a76988f891,0.005040322580645161
71f77ac31723edd8edd7f968d193da48,0.029233870967741934
951bd92fb17f36cb82d0ae8e4223e2b8,0.0010080645161290322
edcb2ba2b19451b4ecaf6e752b2c3b3c,0.0010080645161290322
2432fade23ac3c47a54b3b151db6c878,0.0010080645161290322
4a609796fceb59a04c8cc068514d25f3,0.0030241935483870967
3a68e0b260b122d09269b89ce27b433f,0.0020161290322580645
663f855b355e138255183340dd34dbf1,0.0020161290322580645
3a4c7fbcb1ad299b5fe990b36c197edd,0.0010080645161290322
f237ee05fef9ffb869c2af9acada60f8,0.004032258064516129
d34887a684a1acc690b8f3644cb11c12,0.11693548387096774
2702b41776ba1673d60f81279dc81144,0.0010080645161290322
4736e19c9be18df1194a5230bec1b98f,0.0010080645161290322
316675c1393b028ee10c667a7394b431,0.04536290322580645
17c53d1d3dbf3504464a98d9e05a2a93,0.0010080645161290322
99254ec1508c327633a3c92274f36766,0.007056451612903226
b971533964dfd69444d2353af4b45ceb,0.021169354838709676
a2e5601c3ceb2b5af25d9a8ac596aad8,0.03326612903225806
830932289444e28d4ab0ac9cdabfe977,0.009072580645161291
d1591eaa1f4975a26ba4a02e963c46db,0.0010080645161290322
fa71c8409cbcaad5dd98b8d80a46b07b,0.04133064516129032
93beee9a35f4206a58d383f4aa591c98,0.0010080645161290322
7f0b57a752fa888a8abe41cfe45a0fa7,0.005040322580645161
e846935aec56cfd17dd0feba02a3e144,0.009072580645161291
90a17ccadf1d544be84fc688dd686f99,0.0020161290322580645
5a21785c07d7cc123256f09d00deec29,0.07358870967741936
3972c3ff3fa70ac7ab0ed81deab34896,0.007056451612903226
3e6f34af20cfac029e9995ba784b38dd,0.019153225806451613
5e0267c629caaec20b8664520212a997,0.0625
40542cd5e7733ee8dbeff9e13a66175f,0.005040322580645161
6bcadb3e7b8f1a5a04c16b2c6e6e4fce,0.0010080645161290322
881f306fe20e7d496b9925868b39272e,0.020161290322580645
5f71981aeb8cd87fafc5cd272464c5c9,0.006048387096774193
ff2d836558be3cbbab1114385723a606,0.04536290322580645
9363ff81380f2d87441e2d9630994d71,0.046370967741935484
6b1914d102340365ecf94a18a7398449,0.05040322580645161
af859cb6f717c987036857708444d295,0.09576612903225806
5911fc3900ce03f44fa229fdbf48d150,0.0010080645161290322
0ebf045de2bc3a0459bfb62f1aadd1f0,0.018145161290322582
5c469d10e27fa3021a67579608850ebb,0.015120967741935484
e45879f7a7f78114055657a8b329c459,0.010080645161290322
d34ee7bec830de999a17bb167b28f372,0.010080645161290322
32e37483d3ada660a01faeeb7b8e8db9,0.017137096774193547
21d92a1e71eeadaeec2fd51f41249446,0.037298387096774195
aebf2a74a3aa9e5876c479b1db88985f,0.0030241935483870967
b6cd7b31040aa2ae6fb860a1ad5aad72,0.07762096774193548
ca5b38f92987671538ac4f8f5b4ee95d,0.014112903225806451
491b3186afff56094c2dae4d6f963970,0.034274193548387094
a4c1b7a831bb0b4cfc2e36d643b3f573,0.0020161290322580645
d019694b54d3d6558cc641c973c07c12,0.03326612903225806
0758bda049cf8dd55cfe652da4e6c767,0.0010080645161290322
1af1f47ae3411f5fa338fac064b319b2,0.009072580645161291
bf552ee703d39ee9aabb09688de13312,0.005040322580645161
f41291db83a626e25105dccfd1bc9b7c,0.0010080645161290322
6664a544ead2079dadbf24ce75f2cbe1,0.016129032258064516
424613c7d3d2daf5c715d1356a972381,0.028225806451612902
5b5bc4feb6b996434d504dd842888f4d,0.004032258064516129
b7084533a047ca21856276a1624287d9,0.029233870967741934
1f215468d45bde99514c57bbe12cf22e,0.025201612903225805
3b17bc4edbddbe11a9a573e5eebf8d66,0.011088709677419355
eebab9920660ebcaf24dfb39ab585ced,0.0010080645161290322
79dea2c7cf7e9f4dba97a73cfdb686cf,0.038306451612903226
a1e8d842671a63a6308ad119bb8cddab,0.0030241935483870967
7e7232b09c6c8366ddba60646fac049c,0.11491935483870967
1fd1d25ee49aa95adc02b78c1f39e914,0.0030241935483870967
89f12155e4b113e6751829487d9e7a7f,0.011088709677419355
f849fceb111f8ea18f5ab81a13ac880d,0.029233870967741934
7f745af361a031de724821aaa66639cc,0.04233870967741935
90f6797ab511d5024787b39ee7167d05,0.009072580645161291
cb074a52b1eafba03aaf26ef72fcc7cc,0.010080645161290322
20f1d1ec1e46a011ff889bde3d1d57e7,0.008064516129032258
f0351d0cc7415bb96abdfdfb38993cb3,0.007056451612903226
1e0c1f9a7ab0f5f35199602763217798,0.0010080645161290322
975c7efda1ebbb5942cc657ee9610387,0.007056451612903226
dbafa56b51222960c6058ac9ab6f2c28,0.06048387096774194
c4b28302dba020a58dbae9c4db392f01,0.047379032258064516
ae20a368f39b8e94f3028f7659daf4a1,0.010080645161290322
43c417414ff37a37b64efdf217cef819,0.03326612903225806
ad1827bc2bf35f14fa74ed3e4fe53ba7,0.012096774193548387
7670e90eeb9513f1a081750590876046,0.02721774193548387
f131a5ba01b97958ab22c037092f6011,0.0010080645161290322
69d8c19f20ef37c2188e993dd698f20d,0.02217741935483871
59fdea64b53fe0dd56d3f8ee3ab0b8ab,0.05846774193548387
e4d915abc009819b3d89468b935271de,0.012096774193548387
5a1d18a363a4c6532d58dcc9a62330e8,0.005040322580645161
699d4b4de178e2d52195830debfc3b1f,0.06451612903225806
43d1527cc4550a4b74eaa25bd073ca9e,0.0010080645161290322
eab57800f157d5b37824960b099dc652,0.004032258064516129
844f16e65bb30bdccc18f99f0a41c85f,0.024193548387096774
349ce228e9176d7368b6299e1a8533bb,0.02620967741935484
b8315874f4341a59e8e3ed317406ab09,0.038306451612903226
f09ca081a69806aca5de24d404ad4c6c,0.07560483870967742
5c5f77bea4f83032890b870b93166888,0.005040322580645161
a1ca48bbbee4bc3bfe970443a209df26,0.07963709677419355
f7338ff6540d8de84e694b6a3cfa90d6,0.018145161290322582
389040dc9c32069f503474294e8930c9,0.028225806451612902
238c9f9dd19f673467f75ae6c1b55531,0.07358870967741936
b4cb539c45ffbb7bc9c1cfd8472662c5,0.0020161290322580645
58df89090206b56c52bfffa4b97f4d5d,0.08770161290322581
072e34a84d91434872c86621fbbbb533,0.024193548387096774
89a4c49ac3c0c7c5725302ef581cc3ed,0.03225806451612903
1d92749090eb7dcd9f20f8af88fbb805,0.0030241935483870967
8d4ff143d7a7c156b97239fc733de61a,0.007056451612903226
90901f5e6cad6af0d60cccab278872c9,0.0010080645161290322
5794a2808682b173372ab49d28c1fdd7,0.004032258064516129
c84746e50f10d9c14b2431fccbaf1518,0.02620967741935484
fddae567fcf6d3af18a1d946d850c233,0.0010080645161290322
0a36e01fbd7fb3d11dfb9738fb369d14,0.03528225806451613
00b7076031a25373f03969dde4e57d5f,0.0020161290322580645
289761e51ee4d11cf75adf997b7d9b6d,0.014112903225806451
5a42c7855ad783e4c0b5bff983e1c01b,0.004032258064516129
4d8ba8221d3f3184de8fd9cc6bfe3198,0.04032258064516129
5d2e906fac8fcf63c81e09a8aba81da9,0.0010080645161290322
9eadb65dc540c390d417669169854e69,0.023185483870967742
687e852a507f7eae99f9cc9a1c99cca0,0.0010080645161290322
62aae939e482bf41a36c7117af8aab1a,0.025201612903225805
43847834c0b1e9dcfe3e9cd912d7ab20,0.025201612903225805
67cd78854a06d6e3867c28745e509ad9,0.007056451612903226
3b9f254526305a2f77d8cefe38ed8cde,0.005040322580645161
f7f2cea1e0c0bd317de3ae516a7994a7,0.02721774193548387
21d71c8092f37050028ccce2c7629aa5,0.024193548387096774
676143cbe25c5ece6eec14137d0e3dc9,0.0030241935483870967
77a0ad94418e7c8473f1a12b89b0ac0d,0.0625
5c0bfdceec23e0e5ae2b99fdc09bc6f7,0.009072580645161291
632c8c337871b561e33090902b75f6ce,0.03528225806451613
d9294a924ce5ef9df6e464b4ef2f9db2,0.09778225806451613
e92b049f09fbd46b1a2502bafab4a1f4,0.0010080645161290322
d80577ef414771d8e7b7fadab2f4c044,0.008064516129032258
02b30c4a6fa7857352ccd61092a5002a,0.07661290322580645
f0b6d36d652891fa7a277faa895cb269,0.0030241935483870967
f7194c7d552bfeb75c8552c7c7041721,0.004032258064516129
ca104788c3a5e43fd244c21cfd147375,0.05342741935483871
3e6b3dcd353ed54ab64166041329badd,0.0010080645161290322
541a8b89b3d961c7a39a6ac00d962e03,0.0030241935483870967
69080124b13c2a26c19bcfc3cb6eae16,0.004032258064516129
d8740ea137f8d6ea1ecb2bd29ac3930f,0.009072580645161291
3e75ea201a1853b0202e6239a77263f4,0.02620967741935484
232b64069d007a59afcddcfdea00ca36,0.0010080645161290322
e20c6cbbc5aefd7785248dec24393460,0.04233870967741935
f8000a94d405169f38df61e7cf1cd286,0.03528225806451613
365ed2d6aaac8d04a317b7ea33d13aa6,0.007056451612903226
8371d586eba6ec055f490825b53f6b4f,0.021169354838709676
6379dc656242048599296adee894e990,0.036290322580645164
edf5fdc393d7c1874bd76697adbe904f,0.005040322580645161
d2e9a3be0214d540bd75b2fc6f790253,0.06350806451612903
0c336b876b379dc729ffcc2a1340f670,0.05141129032258065
6342a0af0c6b50c43df28d3322976c88,0.025201612903225805
bbf6501eacdfe3586e8cea034a8174f8,0.005040322580645161
6b5a03e9ad7fba65eb89218058ab82ce,0.03931451612903226
667e98a096b2982c0498295d5ebbcbe4,0.018145161290322582
1136461c3518dae2310bc10545f30dd9,0.021169354838709676
8f672edc9b158fe480f2d58fd541d33b,0.021169354838709676
dcf6baf05fd750720597f3310785662a,0.04233870967741935
83869bc5503fb7a00f395297a94b8e97,0.012096774193548387
b7620e3b9a2034dd47d61a2cc2f16d1c,0.036290322580645164
4186df6f802c66c862aad042ce0ba80a,0.036290322580645164
23c48ccfd5a5ac426770ae4a961a686c,0.0030241935483870967
64dd3a8a08a5e2376769bcb41a6c2dc7,0.04838709677419355
4da2552d0e0a557400ddcb102607826b,0.02721774193548387
3a60d2b619735f0785034dad7c478e0e,0.011088709677419355
6ae1b2171644cfcf0eb603480b5d7ee4,0.10181451612903226
da558c970beb9aa18718fc915803b541,0.011088709677419355
e3332402de18f33a4d715913d9f0a799,0.03024193548387097
b2a131c899543b528d0c43d6b40ef23a,0.034274193548387094
0c4073d76c54874b9b5ea2cf13d7aefc,0.0010080645161290322
0a9c7fbf08c98d69c9d311f8bfb1fe3e,0.08266129032258064
b72805279c7b551f5252ed838dd9fdad,0.0020161290322580645
91875cfe6153abfb77f0fc594376cd43,0.034274193548387094
16eac3a6007314de9b833ca43bce90d1,0.037298387096774195
97b8685f8e2400cb2244bfea28f813e9,0.01310483870967742
b99937273b0ec1c230dd50796880bf43,0.02217741935483871
06610587baeb4b861e590c9c8fc2e936,0.004032258064516129
8e3a6cb98967b98426336716a42e9828,0.007056451612903226
04eb8d7dbdae1221f0eb51a98ddc35fa,0.004032258064516129
b9ba6e18a5ca6a7482589e462a178cb3,0.014112903225806451
a2de3fc7ec0d79135bd2bdf3df9106cf,0.008064516129032258
81e1265db3ddc2033b99ca180f8d71e5,0.034274193548387094
cbe56f5ebff58fcba252b8fc876afe5f,0.0020161290322580645
aecefe5f61532b47fbaf65c0526a5275,0.005040322580645161
b020e398f2928bc4f311a615beccdacf,0.008064516129032258
ec288ca0cdb4dd1750cbc1d6957a2d53,0.04032258064516129
e636beba293d2358d2555fe76c158abc,0.0010080645161290322
e0ee31674d5a8df51029c1eaafda82bd,0.06350806451612903
b3ba13cd69e755e4df0d9ff24f5e07a1,0.0020161290322580645
6bd6126f8b5ad5e1ed329d29789dc107,0.009072580645161291
0378562cb5efa40d62e3c8ed9d8bd16e,0.0020161290322580645
a0b7b557aac6ab635cbc7704e642e11f,0.0020161290322580645
cd6d1e4d6210203a01fea8a02bb08a9d,0.010080645161290322
4d5bb4bd1c59411094826c3fc7cca4ba,0.0010080645161290322
ada85ea79666bce780693d3893d349cd,0.05846774193548387
b18467f836188eb2b79f6d8946e94e49,0.0010080645161290322
088ec59cc80a6b8a6dab17a156e6000c,0.02620967741935484
e5c67d4a73757253e743eb1cc11aa761,0.05846774193548387
d5debed95ac7188381c442cc2b9f6965,0.004032258064516129
0183487927f6e1ad022398deac99d61f,0.007056451612903226
35490fc3f1df00616b36406ee1c5e413,0.01310483870967742
0fcc4a31c0f50689d484ae414d7de9bd,0.04233870967741935
a60510c7af5d7468a9bedfc94fb0de4a,0.009072580645161291
d780f9d98701c8ab19b4488869bd5be6,0.025201612903225805
fd1b5e89fadb0a3aa246d07b807da691,0.0010080645161290322
fcfa83c944f6eb8c57487ca818100bc1,0.015120967741935484
4a553025b4ab4801fa33642ce407d347,0.009072580645161291
453d30dc46d93f83fa67241bf45dfee2,0.0020161290322580645
f9cab927928f0d69378f5c2bde6786ac,0.029233870967741934
eddfdf09ede8bd071b78a9005b1fc28c,0.0010080645161290322
61fef5385df0f1883e66dee1a26a6ef0,0.0010080645161290322
7aa5f1a297f742af0c6a061d9557cd64,0.007056451612903226
bf0f6da0e571d2c600923637b312ec06,0.0030241935483870967
7f2fe02aee2e8219fb142cd0652cd4e1,0.0030241935483870967
ec982aeb101e284da230455b6606a74b,0.01310483870967742
9f9acc70e951edc73641593329daaa9f,0.009072580645161291
ff69275cd9a5adb6f2cb22e3600cba0d,0.012096774193548387
227e6bbecbcde83f8e5d7067b5e6bcb7,0.0010080645161290322
72e4584a2773a16650699c34440c8a21,0.006048387096774193
a6106ebb74b0f6335cc5426bad1509d2,0.0010080645161290322
98ff86e6230d9cd938d9488c06268fb8,0.0020161290322580645
8d86aa6442337384508dc35772fd8bc8,0.0030241935483870967
d08306663049500852d9eb0c66fbbc11,0.03528225806451613
79ad44dd97e3794bd501d78a4e515fcf,0.0010080645161290322
dae00cad70796a86437e232f7f452ecd,0.012096774193548387
27d980378ae5844d90b496c93bf068bd,0.0020161290322580645
0bac8a8e8ff726bc10093851ace94264,0.014112903225806451
3223712fe16ff997c8cd61064d25247f,0.0010080645161290322
64789a67ee3a8a6750139716c90f5a9f,0.0010080645161290322
715cf818044dbd21b005b05bfa32c025,0.018145161290322582
8d36a3ca77c8d3c27ace89fbbcf32d8f,0.018145161290322582
04a2504462183fac88ba880d2744059b,0.012096774193548387
04c4376cab4dafe623e35ae78cd93805,0.0030241935483870967
f9bcceaf67316bbbc2cb011750f79d93,0.0020161290322580645
c7f3966081d34ca38d5cc6086e066636,0.0020161290322580645
abd9912e1dca8464e11f3c38294de47f,0.017137096774193547
5d141d74c8bd046171ec64835c4864b2,0.02217741935483871
28329b73367aa92006cb94d1a8f4bbeb,0.0010080645161290322
4eaac942a40f5d12120ca9e97853318d,0.008064516129032258
2c795dbe6b5eded6980a3712dbe3aa3d,0.0020161290322580645
7d587263d4cc3076fecfc04722f35a41,0.0030241935483870967
876e82b54c1611b8af688781eed5ab35,0.03225806451612903
c5c8411df6c67816edc2355223e057da,0.04838709677419355
5ed76d3b804aedc78650376ce8b54d9b,0.018145161290322582
69ae7165c2c08f291f38a2eaa2bb6f0f,0.008064516129032258
3fe36a033b059ec2e378994d0eb1bae5,0.0010080645161290322
b8f31d76338abf2cf6930534a537920b,0.014112903225806451
29e2be3d04dc588f6f5f4fe0dc669374,0.025201612903225805
0422a40085b84173a522a4fa89531cd3,0.020161290322580645
256e412f02e4008ef0468d1e4efd4f8d,0.006048387096774193
e6c2c5fb1e483d11b31e52867fe07f00,0.0010080645161290322
461bb31c25de4cdd947c3cfea56fb112,0.0010080645161290322
6de7ab7b9ff5c2b6963880699dbf7037,0.004032258064516129
eb409f497637d2d9e6b238fd71c38672,0.009072580645161291
b749309cfeb2e3e36d8eed1387986b03,0.02217741935483871
9479b04f08b0535fbbf16ab74e46c851,0.0010080645161290322
692d02553dd7be4801be5484447a2c6e,0.0030241935483870967
8e1c69dc9a692ce4b7e93c8cb728b7a6,0.05846774193548387
fefc7999a7e316dfa98bb6b63d6cfda9,0.03024193548387097
d1db812bbaacc2cd9eb44b4b018dcca7,0.0030241935483870967
6fbce46463ccb2e2b0ba4a37d7e6eac2,0.0010080645161290322
2fee36ac3b841b7c63b377f87cd57634,0.057459677419354836
e9ad37efa7108a5e1911d86b287c1038,0.015120967741935484
dcc829dcef4fcc65e89b4fbff73259c8,0.02721774193548387
aae5a06d94e3e4cfba15ec83d2978a3d,0.007056451612903226
12f643a06a1b4ad19faf6affce999d0e,0.0030241935483870967
228a2548bfe64f0daf654631e780982f,0.021169354838709676
e9c73fbac5dd73dd5e3ada5664ae95fb,0.007056451612903226
e06b667b4aea20d024d458ffcfcca944,0.0020161290322580645
e456e6099cc5ca22a927c1dea613ee64,0.0010080645161290322
b956b93725bc36a41b386ba90b772dc4,0.004032258064516129
5ed61a153b9a6d0dca484cc5ba696382,0.04838709677419355
3934e29b93121c9d9e79b21234340faa,0.018145161290322582
c4813fcda800594c7522057e49d1587a,0.01310483870967742
147e08753c0c32354e69746256220ca8,0.009072580645161291
eb7e2b16e0978545c6436782e56175a9,0.005040322580645161
731d2b31a8ea04dc04bd4319a13714e1,0.0010080645161290322
954f244280781f0339631a6eee679e1e,0.03225806451612903
620b8211c970a80ae82fcf0802e873ac,0.0010080645161290322
114d9872512b1e585f2c9e9f491fa5a8,0.02217741935483871
2b7eb3887f1c32c098410653ea19a0da,0.0020161290322580645
d989d53aeea3dc81ca9263f0395cb536,0.023185483870967742
27e2b4d90af384f798d2cdb2c97a51eb,0.012096774193548387
6bfaf6d9df8e0307fdbe1182d59f9907,0.03528225806451613
422733ea41936e962320e483d15bc054,0.0010080645161290322
b696a6a2ff1f6de34e946662a88c6a24,0.04536290322580645
a6479ec6ce4e3dbc88af0ac278845b1d,0.0020161290322580645
edbb829f146cbbf35488aedb358a00b8,0.008064516129032258
ce3c1fe7504c10d93bab58e56a66805a,0.008064516129032258
ebcf29262510fa88536f7d19b1382646,0.004032258064516129
228ac5252e6a762ac7ae2ca4e32b0670,0.028225806451612902
7bfbbe1830d2a31b38ea41a6eb966325,0.008064516129032258
cd3e8c8db72d7848c905a61f21be75a1,0.03125
499354c58c9c5677b81dcfc9331d5113,0.0010080645161290322
72bfcbbb255ccafa972c9659a6d5a767,0.0010080645161290322
8047de65f300558651c9ecd44654afb9,0.020161290322580645
7a9b8a445106c192b0e8af293a5cba00,0.0030241935483870967
3c35aa9ab22ac9ced41c4b21af92a62a,0.012096774193548387
88e891778c92710a09c7f14652435679,0.01310483870967742
2534c2d6394a06a20af69cbf7023eb5f,0.004032258064516129
97cbd506f7422c999fdee8cec4316838,0.0010080645161290322
e17e75f4e47a51bb715de444f6a855a4,0.0010080645161290322
f11e35080b6624c5d8a2b920910b71a6,0.025201612903225805
f625d94ff039013006009feb2acacd0d,0.0030241935483870967
b5903d1ec2f39361106ff79d4ea8ce5f,0.04133064516129032
958827975033f44f944ed5469fb3f0e2,0.0020161290322580645
12c51e80429aeb15968cd9268deb4be5,0.029233870967741934
be4a2b56e5ff4382ae86d7ab956ceef1,0.009072580645161291
a0d3a9ebc3a1f5e680d74e823526997b,0.010080645161290322
8c99ca4cfdab3be730f45fc4d1fa689b,0.02217741935483871
7c69f415da2a5883df3cdb7af3d5a6fb,0.04334677419354839
d4cb40a376233b7f4fdf68aa95b55654,0.014112903225806451
ff0ad11230c950c29604ad0168261f85,0.05040322580645161
77b1cf2d064484624b188ce8ec213f0c,0.0010080645161290322
cba7d6dc45ddcec0454146a1e50e333f,0.020161290322580645
9d6b46e08788105bb9202c79615fe3da,0.0010080645161290322
4e835d5e4210deff9d61edd174937352,0.0010080645161290322
79a06fdd62f97d1d3f8c59d7bd206cf7,0.006048387096774193
0597559adde9f062f79b2b6b7d791896,0.023185483870967742
0ad3c87f09e3cf3dae46e9af69a5c814,0.0010080645161290322
4dbb5a4961286e4f59af6c5f49ab7302,0.0010080645161290322
b8965aa651dca4c452d644898467ea59,0.008064516129032258
072d590574b78a482221ae0d58b0bfd7,0.01310483870967742
a1e387f2d693dd2ad5bf3d0f7f88a942,0.008064516129032258
7993df1011eaa113ddf430978312a04e,0.0030241935483870967
72e0abb7c7d63515cadc73acbda0ddf6,0.0010080645161290322
6a4cf81c1ad9337741f223075bd0ffa9,0.006048387096774193
c8ca0038cd0f8c24ec64538a9170cfbc,0.0030241935483870967
9394fc161450bb54f353a682412eb2e6,0.01310483870967742
524748cc8a4ad7c2999f1e1b69fc3395,0.010080645161290322
904f7b1ae29e6a78ff83eacd9ef9cda7,0.03528225806451613
c35d1f1f3d50df003421348173374f6c,0.01310483870967742
472fdac60e3e84d97b1e131bc388156d,0.014112903225806451
8a06ee3283c25909b62fa92c77446ef9,0.009072580645161291
bf0cac3cabb8fbfe8feffba975d3d450,0.0010080645161290322
3a7a2b376ca5b74d056ff21d9edb8306,0.009072580645161291
fbde6948b168ac67d57fad3af2738d2d,0.03931451612903226
832fd777a62ea50c5c34a8c2efb5c5e2,0.018145161290322582
05c7b93e7108169540b2f07084111dba,0.02721774193548387
e32312cd998ec760b9ecd4003f91ccba,0.0010080645161290322
1f86e39954088f85a88bd626e8842db6,0.03125
fefd75cc358bbdeec744412ac2373c92,0.014112903225806451
dc5ad6476316caf0fad3c226eb0518d3,0.07358870967741936
e95a9dcb1d2b02e8a3ccb47a6400ae31,0.029233870967741934
7ea0f227d534f15eecfb16e01f2f5ddd,0.006048387096774193
0e7be154d128e3ce2b9b05e3e64a679e,0.015120967741935484
7344710e437ea9c19429e92e7c721e34,0.008064516129032258
a3b7d9ab180313729a020f33871e9133,0.004032258064516129
99a6fb954634f899ce919c0e129c35f6,0.0020161290322580645
4617c4c7f7d2cf6c2d813be5c59ad558,0.016129032258064516
090a9718763403828fb5abefb358d8f1,0.0010080645161290322
b87435ddd0a4dee49b17a7d62e374a76,0.0030241935483870967
8d89ee75fdeac54f5ebb1ef3edf80e73,0.07056451612903226
9634249b39d36c20b7c0f39662b6867f,0.015120967741935484
65e7e87e22746eef653458cefd83c225,0.004032258064516129
4a23f2ac748f05cfc3e38dadc04f5f1a,0.005040322580645161
cfaa2fa32fee7a7ae5057ff9050be4b6,0.0010080645161290322
89420255d343a8dd2bc40bdad0739ab6,0.0010080645161290322
50395cc464173d732c073bc840d5e32c,0.006048387096774193
3cb3514dd7db8d7720477ab5759b970e,0.0020161290322580645
28b0ce5d462d1ed3878d2125f3b7a534,0.04536290322580645
3266f96f9098dc5d610470f51f3e5adb,0.006048387096774193
579cb832beb42fbebac3c162d54dfa67,0.0020161290322580645
8fbc1e3fdf021421a313d7cd08f22e76,0.02721774193548387
ea2094215f7957ef9bce1465cca02ce9,0.037298387096774195
9d7b3b61ddf0d6f7aa36bf6a9e36c14a,0.011088709677419355
c7300973b22e4c415e52e39c0a39be1a,0.0020161290322580645
ca29b0e5151064dac9f26a59fa292f80,0.004032258064516129
40ac4aac9d5398e433dde4d84d41d257,0.014112903225806451
07bfddb8e62098a85afc8fd68ebc308c,0.028225806451612902
680d9c964d4159d9e9abf8e732f7b50e,0.0010080645161290322
e368c42f3b0b96a075d80c9b9886d376,0.0020161290322580645
3cc5dd27cb9e6e749833cc27971c4053,0.005040322580645161
0e45961c9f388dbb9ae2cc4adc57ddf1,0.004032258064516129
f47f19086cb8098e77af3267ad1bebb3,0.0010080645161290322
05cd3f275075b23cd2cde17638adfb08,0.0020161290322580645
6de60cba3827a51255050e16b33e7da9,0.0030241935483870967
eba37c3bdf25f400eba6e53ccf728183,0.05342741935483871
9c9210d344e78f933f4aa6da483f6683,0.0030241935483870967
15e83328c490f9048329a6e21aee2f1c,0.006048387096774193
c073b0aff444d91e7236921eb82850e4,0.014112903225806451
a8f37bc030c0179810ac4fccb9a6e6da,0.04334677419354839
e5e4cb71df97999f281666f9752047a9,0.0010080645161290322
e44897772cc4ff357931d64248c42e68,0.04435483870967742
432a6802fdefa3f0da323422253d8027,0.0020161290322580645
e0e4ee362870d2e5b52e2f6a1f16994b,0.009072580645161291
2d6c346e08ae6ac4d238d029e3bbfd38,0.012096774193548387
ee5c4bf663b722fc809746f322a4f6f4,0.03225806451612903
6592d1d0bac6d728acecc47f4e8980e6,0.024193548387096774
07f10d8105712f5a9c1db90ac4699054,0.057459677419354836
ff57f99076be864bb495d76bf3b6b915,0.0030241935483870967
1617e907cccc7e3bd08a04f8f36bcabe,0.005040322580645161
48bd751fcbcb7cb827deacf2ab387c9d,0.0020161290322580645
5c518983dc4dedbf4eee089509dc2ac0,0.06149193548387097
a9ed1d7125f10544a2e16cd7b56a9335,0.0020161290322580645
0e85622eb76bad263e9893137b991ff7,0.024193548387096774
ece1af985b63ebccd2833e9b5f0432e3,0.02721774193548387
20581fe2c4c08e3e8c945bfff15a3405,0.021169354838709676
8e57ab412439bab05c471c6bc70adf85,0.0020161290322580645
fb63b68d6e643c70f7fed3452e8b3e25,0.0010080645161290322
b7456e149c850cda36b44c10a2aad912,0.020161290322580645
30e75eac31692b6f218b21fc39bbb0d7,0.010080645161290322
0d31738f736f76e24c84f379d86a7c95,0.015120967741935484
7a28adbc65ace46e60d5438a3917fb3e,0.008064516129032258
3ba93ebb0e114f46ecf3179576b82add,0.036290322580645164
c63a5d54ff35b22c2eaa630139a74967,0.012096774193548387
be9eb1777013fd57069f6cfd38ba2d14,0.034274193548387094
4f8b346c52de7c452fe4156327feac00,0.010080645161290322
8a1d2d95f070249473742af70506cdf8,0.0655241935483871
1f0ae738472d91009bcad0793ef226b2,0.012096774193548387
ec1ba68b5b991bb1794bc6bb09a9b999,0.04233870967741935
cee2a198d1f8fce258e8e2d28c536da7,0.016129032258064516
502306ec867a61818e41b22d12d1f377,0.0010080645161290322
d87255f39a0af10c680c3424b4fe07e8,0.006048387096774193
bce7437555c40d481e799abf304a6d0e,0.03326612903225806
1170bb65d839de9f3d770e11cb18466b,0.009072580645161291
eb424c2df9e7ad3702847b88330a3919,0.02721774193548387
cfb240a504cbe6fb462d1ddbbb4945af,0.037298387096774195
217336dcf325fd917450c89608546911,0.0010080645161290322
77059ff3bed3175dd87911304a8f80a4,0.0020161290322580645
6fc370918756d1e5cdb1abc5707b892e,0.0010080645161290322
3e3ad15a12911a8718157d68988edabe,0.0030241935483870967
6e02c7c6e675da09249a8ccaa095d141,0.0010080645161290322
f9d926960b19a975dd16ca93a97ee956,0.02620967741935484
13956c58e498bc1b58f4e3681a6d949c,0.0010080645161290322
d9e7a2013a2b6863cae05c51be41848b,0.01310483870967742
3ccd9b32a9a7dc4a75ab7d88f35665df,0.03931451612903226
704d0070549f26fe1f99eb736cdc4c34,0.057459677419354836
183f446fbf76d7851f64dd915e3a406c,0.0020161290322580645
2c1f52f87ba1e0e127639a9e0763e239,0.008064516129032258
3a46743f2000d6117cf9c39f5f8043b3,0.0010080645161290322
b6624a3019329d31b9af9f9402332d5e,0.0010080645161290322
f16c6a2c14329c43e7dd4922f63dc1b1,0.0010080645161290322
d918cf323b2a683e511da8400f78d61f,0.0010080645161290322
d31f7f8d9b4d201c9a76021555c78b46,0.028225806451612902
1d85502774016ced4e0bcb25ef98d4f6,0.03931451612903226
5fcb511d4858e16a7fe14a56c9d9e219,0.005040322580645161
f22eabb1d283b51bf57a2b5896c8bcf9,0.03024193548387097
5286ee93133965504bbd9c6ab62cc53c,0.009072580645161291
f0a5619543e1d044c9b97eeeafd52d98,0.0030241935483870967
388cd0740189533c6fd4a34fef46709d,0.025201612903225805
71d32936afbf6c7745a6083e7b09dff3,0.018145161290322582
656326d89791c753746563843909ebf2,0.01310483870967742
330b6fa220b88e87ac7c5ed39ec276dc,0.06653225806451613
d0f35485b91be1ed6f4a0ae171746526,0.012096774193548387
225101db6aecb8db73eba1af65b35574,0.01310483870967742
04d6d8d3b1996704e7848205b0621647,0.009072580645161291
51504c8bcaafef694c7f7e4fe1c6a0e0,0.0020161290322580645
55a32c04bb8197044641df373e61a775,0.0020161290322580645
786d537d79046b4c9ee0f2825fe838be,0.0010080645161290322
e3cf2805500143c86e22be81f9c14820,0.021169354838709676
8a195e8910628c67a0ad34afd2a1a103,0.0030241935483870967
a2862d6bc6a3a4af0c4371bab91afc3d,0.0010080645161290322
bbb72be1b33e95d889210dea2c2785e5,0.0020161290322580645
c9f4f761e623da97f8aaa9a55a72615a,0.02217741935483871
cb75dad391a8aa07635bf114e577cd9f,0.0030241935483870967
eec60f042f3c476c9795d5aa75092288,0.0010080645161290322
fbbc62846a13b0aa13694bb513ff13b9,0.0020161290322580645
75e3a9185962b18e8e6517e440c4d64f,0.005040322580645161
78e2d7f265e221e0e3c1f24b25af17d4,0.07358870967741936
214f5fec1bb1e26508601cd1b846c16f,0.0010080645161290322
6e26826796f3d0b64dffb9d3f4cfb23f,0.0030241935483870967
1841ad59031e671ee5c5ac935d35c1a8,0.0010080645161290322
57639bba933f53b032a441b474a27a8b,0.023185483870967742
d9df1d96b8fa2e777549bf788867b2f4,0.004032258064516129
3f55a8ca784ae7190790023a30cd859c,0.15826612903225806
601acaeda85aa88da16d85b34d25dead,0.007056451612903226
aa528044fe4bacd83438d804758648c4,0.008064516129032258
6cb9999a799a7aaf63ab921e1c89eb93,0.0010080645161290322
e9396b4d9f46e6290e4d3fb57a630ebd,0.0010080645161290322
e45b86432c7578dffa6aa7a2c8742b1a,0.03024193548387097
45bccbf5c31a10235051c0c824d1977c,0.007056451612903226
18f2b0a4a89d278294daecb39fe6c39b,0.023185483870967742
4f1a3b7d6b7c40f8d78559760fe66c9a,0.01310483870967742
18ec94eafc6a9e0e4bbf1c35f88d512d,0.02217741935483871
88598657875b0982d6acf7cad05a9cdc,0.019153225806451613
87e0917b60427488a712ab1cfe90fc05,0.011088709677419355
503e633e082d9161c66685b4051b0bf3,0.0010080645161290322
33362e16875d49fe8cf400b833541e3c,0.0030241935483870967
c8ae16a39fbfa227aadd2e6d5a63da7e,0.01310483870967742
515808420cf3bb340cbcefc403070e8b,0.009072580645161291
0550a92d2e1e15136084e85881efbdea,0.01310483870967742
e9a86ba8663db9c218b5999062a64b1e,0.005040322580645161
afd5b1f41d90205b2873e20a3745a803,0.012096774193548387
a1c3660ab6d6121919684261f5579a6c,0.006048387096774193
4876f9f75bf2f1f4a3641b629835ad6c,0.0030241935483870967
26bd76e13d0deee3b8055e68f19d8ffd,0.0010080645161290322
67ec5c8d397bcd64b2e336a60eef437c,0.03326612903225806
33be9c9e0a5b612e4b0633d85dab25b6,0.0010080645161290322
0c9b4e6081488341eff842884c8d631f,0.004032258064516129
e69a0c6c45f7ea365444dac83c2e2489,0.01310483870967742
cb39b2f39a80ba95fc1f41d8f6328ecd,0.0010080645161290322
f45817c283127902ac2cddbe1388071f,0.008064516129032258
c3c0c0a3fc124c6622e2fac0889d27a9,0.029233870967741934
34c02dde092b9f10e8011d8a8e16c0df,0.0020161290322580645
b59dc7a74d9c4920f1f5fc6ef19a658d,0.04939516129032258
6fa86919dee1f89a1a8a2c50a3ecbfd0,0.02620967741935484
b6856d8ff710a8af02420dcbfb853965,0.03528225806451613
1860f45f57549bdd41bb75b88bdd99f5,0.0020161290322580645
4fc1be8bc8560c46d291d629972ff4a2,0.018145161290322582
7a9469ff27dc7afffdb7238976da0a6e,0.01310483870967742
ecb1ef9083d5c2da3c14c49c0d9b7caa,0.037298387096774195
c99439de752be24cb464b7733d70b989,0.0020161290322580645
83259613a71d2efa6c8940019ce45f81,0.004032258064516129
f17da930f47afcf47835f815a01859f4,0.005040322580645161
83b1e2870df20f4e2957cecf317ead7e,0.004032258064516129
c6eec71571c450002fd8859255874e44,0.007056451612903226
f73160a94abee0441ab5a573877744d2,0.01310483870967742
248959057033d35cb4dc184d1bd02e41,0.04133064516129032
d13a7d17dccf7f4994190bc3705ed893,0.008064516129032258
4a2e5557d92986cb2d452950207ebe62,0.0010080645161290322
c30022d3a9e7f66ca371c2d50014277d,0.012096774193548387
1dc782a2f33a5839c6fe47cb5751de15,0.010080645161290322
7979b6229134d2651ff9aaadc52418da,0.0010080645161290322
07aa2fe944b0ffc2edca4fb5c4d8a599,0.016129032258064516
b9eda6ee9389fb9c3cb26733f0f95db5,0.006048387096774193
5d25b47fe3329fde1ec0d741252370df,0.006048387096774193
1c5299c49e290d54c61ac02e2e107da2,0.010080645161290322
a5a48a5341ce2533a601ca747b9c94e4,0.008064516129032258
c77bbea5a9006e80d7b572b8ca7af90f,0.01310483870967742
5c456cb91297af1f1647ece887b33cbc,0.005040322580645161
e6f747cd89d512cf187e8472cfb250a1,0.03225806451612903
6eb5bfb715b7dfcd5c86b9a21dbb1217,0.11693548387096774
90dd37137cfac54abcaebc7048fe77c9,0.0655241935483871
d73c014c9a033812619aa44e9cae934f,0.020161290322580645
1b3534fa80396e8a0e4baaa99e4b76fa,0.0010080645161290322
8a44f2957ed8dc36487bbc26e1ffa3e3,0.0010080645161290322
7207bc9c725fe07f0db80798f31e01aa,0.012096774193548387
a1eb6910cc7112a32a0f3b75a12f6b5f,0.05443548387096774
82fce56861618ef0d6734621b4060734,0.024193548387096774
576c2135e8ddf9d0a3674a5937d2466d,0.01310483870967742
75a8551ef9d9eaf0cd3aa9a0c0fb7c0a,0.005040322580645161
0ae0be308568d07e0434434b14b8d565,0.011088709677419355
9652fe9317abb3d68fbff20a693d1706,0.008064516129032258
44ad5abc52a30f609b97d8e29d398a84,0.06350806451612903
9cfc86d840b1e793c0da225fff7f54d3,0.005040322580645161
a9885b165c646ede99029942d8c5bf47,0.0030241935483870967
6099ed9c056e94d87c943cde8affd4c2,0.0010080645161290322
6f03cdaca7cfece0d1f731675bc22f57,0.005040322580645161
94c0d472d3af5e7a59df5959ae35d158,0.0020161290322580645
f114a65e7582ba806417816cc980cbbd,0.034274193548387094
3d2ba8e9f30c3d24c7e832b5c6f121f6,0.034274193548387094
465e1e2f64911bc0aeda1d8ff16c2c0c,0.005040322580645161
e39afe36d7ae97bb055abd7844b4babb,0.006048387096774193
b20c9ef1013050995b7bf052ccbb294f,0.0010080645161290322
8bd349f94eeb531e0e629921230cbb11,0.0010080645161290322
2ea79eaaa0b23b2a7d2cf470cbaf72ea,0.0010080645161290322
18ed5ed49d97b8a9851343e3e4c0ccad,0.0010080645161290322
f631d758c7d0e1bbaaede9c68b2f95f2,0.03528225806451613
86c964f207023719c21eab6dc36b13f8,0.017137096774193547
eb2c20804570caf8a3e6682f11266764,0.0020161290322580645
21f4d8787d218509457e86e179bab182,0.014112903225806451
bddc37f70914d60d49e9656493b66568,0.0010080645161290322
635870c9da6f4d2b79180d3a86e9af38,0.006048387096774193
8bebd763ccf0e31facfd2ce904aeff58,0.0030241935483870967
ce8162ce7e30437af68c96184582a270,0.0010080645161290322
72dee8809d718fabb6fe20b4cd2b08f3,0.0010080645161290322
cf9726fcf623aa6f02f30d100144eed9,0.036290322580645164
ab9fdbf6ecdb6a51e06e91c1a18e0a36,0.018145161290322582
63c1cd3a8b447aaab13821358d5e4550,0.010080645161290322
4c3a4068adc4593baea0ae5b8e490e5c,0.021169354838709676
125e64974b09dfa6a89cf11f7e8278aa,0.004032258064516129
385af33a41ae203faa8537a62e83940b,0.021169354838709676
a82cf067b7bbe81935dc6addf84109e5,0.014112903225806451
1bd6580554b66e5de4cb6142a5417817,0.0010080645161290322
032279f7b8b97baa6ce46954cf49fbba,0.005040322580645161
e259db2bb70420fb286dd1ead19aaa3e,0.0010080645161290322
8a218222188cba97195128a2d1b0ffe4,0.0030241935483870967
5878fa6d041a0da4d636d0ddf23c2137,0.024193548387096774
79c46ed26d35fce2ff7040c763328721,0.0020161290322580645
fa6b8f06cfc77cbba3f442a76e21d4cc,0.009072580645161291
ef14ab39911ae97619ffbc711eb83efb,0.007056451612903226
ab8ed9e40a5889243577049d32fcf582,0.017137096774193547
2097f05bb2fcfc3d823d38a4e52802df,0.018145161290322582
b43b39fb429942bc8600306bce640ebd,0.0020161290322580645
57ca1555c6ac0aa871f335e7e9cc9b8a,0.012096774193548387
708297aa1507f7c3650fa8f4d058d213,0.0020161290322580645
fa09b814b417561651db81db34860ea5,0.01310483870967742
0032e55ec5ca8f9574419564be366d85,0.005040322580645161
6f9f61629814ebbdbd6827cfed57dd84,0.06955645161290322
defe90e96e16a6365869fbb7bf304983,0.03225806451612903
0475129b5ba551e870f89da12c1d53b4,0.0030241935483870967
5fc2d6232c4f46ac2b187f78b01611aa,0.06048387096774194
88cb28cfa1f10a9fc410cb37098fbd1a,0.005040322580645161
81ae56e261613fb19af2befe2f43ca55,0.0010080645161290322
7a1963de01cf4eb1817695702dfbda22,0.034274193548387094
6a3e33257a2703af59b0066659f35a12,0.0020161290322580645
6da492ed6b882d03fc753968364b614e,0.0010080645161290322
244aca00a58e3a1a13821c3056db81c7,0.0010080645161290322
e7cc2315723760e9c264f0aec580a1d0,0.047379032258064516
b1c06ae081f00eba20cb353e90c2b9c9,0.0030241935483870967
44029c828f4966c1a3fb81de8832d1eb,0.03528225806451613
6d988a8d8076c964abd513d28e865591,0.009072580645161291
0c3f267cef317f7d71015849370f1f6d,0.004032258064516129
c4a644de9f10c66fc5787c0e2d7be1c3,0.036290322580645164
7d4c4817855069ba388d26bed324dfae,0.0020161290322580645
cc417608c203263c0b4ddfb5a20a95d0,0.017137096774193547
5cc53c84d1adf23fc998006a164975b9,0.0010080645161290322
d1f52ecb54f22a9294da89af40a6d6f2,0.03024193548387097
6767366a77a86b5316936e54fa0e3eee,0.0030241935483870967
81ca655bd99221520fbad44858fe2533,0.07056451612903226
6f2356a630d4683e270b97688663b59f,0.006048387096774193
65f91bc8f4ff48afdb105509d0c74195,0.0010080645161290322
7fa20e39e785020504d8b4cbdaf9602b,0.009072580645161291
3196cb45b6d30dbf8390c74eef21a2b9,0.01310483870967742
286acb0387c57c4cc9dd2f5017ef880b,0.005040322580645161
83b748b741cdd2528761fc2a70af4d4a,0.006048387096774193
ddd32e04e89fc1571dd9376836090141,0.007056451612903226
7bf44b407d117d2ea9ef604c11c81075,0.011088709677419355
9e5f10976f88efd2eee14cfd28b7f207,0.017137096774193547
15eae2ee07db3662c13aa01051591f0e,0.006048387096774193
062f42a82447df88351a95e99ca7b07a,0.0030241935483870967
62ed3cf300c71fbc996645ab1ba64e99,0.012096774193548387
7b74e499ff11be0139bd84c01c15704d,0.010080645161290322
11554c6c5e032cb6ab1718efd41f0ed8,0.028225806451612902
f0c91273df5ec27545f9e22a51aecc29,0.021169354838709676
daf26cc340ea60dd6409d3d6a8117555,0.012096774193548387
59a394e3f23024ec40b4643a8a7af862,0.0030241935483870967
408701c421bd4c5c98f68b7a87f65546,0.0010080645161290322
32ebb69544acaf3162b5e828d05a5f84,0.01310483870967742
d9ef9c1fd69f0b398b331c428991204b,0.011088709677419355
9785b3c4cf6d401149f169f64fa783de,0.009072580645161291
f3b9619b167cd0ec5f9c55a7dd6c7ee6,0.017137096774193547
0b5b80cc8e78a9f91d34d461ff69cf40,0.005040322580645161
cd8b101f380730b3a4aaa60d007da2de,0.004032258064516129
6e06c699c4ee4962eeb5ad2f110be655,0.0010080645161290322
7c375d9c672996b053b3cca63c73edeb,0.0020161290322580645
fee42c1f16e813aeb321d93b1c7608fb,0.0010080645161290322
0d04f14c8950942c1dc34817c8651aa1,0.0010080645161290322
18bc4619b1c8c883c043a30b002865aa,0.005040322580645161
b191940006ab4caa1eced93f50ba286f,0.0010080645161290322
8afe846761877716631e177477714a3e,0.0010080645161290322
8d0d16a59d362a6307e81f475f96e8d1,0.0010080645161290322
3136ba09659831ef752f4adca16f8adc,0.0030241935483870967
912048738295d455684f70b481dcb1f9,0.047379032258064516
b6f8bc89eebc234c1ca84a950e23f673,0.0010080645161290322
d7b261e967cb56e94d0c71466583c2eb,0.0010080645161290322
2d7ec1772bd5453504c3f050f24182c5,0.0010080645161290322
02bb471cb1ec7b2fd5bb40bfbc8f0377,0.0020161290322580645
6e203c95b959a026b05e1436b91a6073,0.02620967741935484
38d80a3e6df5030d49ca4280df3e56a2,0.0010080645161290322
3cd0ca959dc956c7e3420057c6f6cd25,0.005040322580645161
db3d97ee60acb760c0772e603264f0ed,0.0010080645161290322
e9e96915fb392abcfc1c37bee7976fe9,0.016129032258064516
505d4ae70d1aeef02e6b42411272251e,0.005040322580645161
6affc73152ff2d4a5cedd4b06c746e99,0.005040322580645161
1b00b9434dbb5317e55b63e20d9f9aca,0.0010080645161290322
bb20dcd65904b15c25fc900e6bbad57a,0.0010080645161290322
d1973b0fa7789c7ab74d0e1f38e6f14a,0.006048387096774193
b6654b8ccf1c21d9e1ee34fa755f6123,0.028225806451612902
170438dfc96b513eea45a60209a073a0,0.0030241935483870967
4f6f2afb7adf1bb487b6a86b13022445,0.038306451612903226
3ecb4ec3db98a570e41d4a444b956153,0.0020161290322580645
d446744dc733c71ba2346de469e4efbe,0.05040322580645161
4a54124359afa8e9b0a92f2113234d98,0.0030241935483870967
23f60c6232ff6bc53ff7e461a108934a,0.0020161290322580645
e1f93c061a67add90892bbbc194c28bc,0.016129032258064516
08a62d972f6bf2ca4dd9291bc2cc9f63,0.012096774193548387
65ba44626ac1859d8445597eff76b66c,0.021169354838709676
da5362d4fccc94e58789487114eb333b,0.0030241935483870967
15f1aaeb77821db6dca09a2ff946e148,0.007056451612903226
d7beb863ab83b42dbdef4e9ca17f3028,0.03326612903225806
1b75816e0c578dfb8341dcc1ff200e42,0.006048387096774193
03ad938c9d8c05a08b4ba224f416d5d4,0.05040322580645161
ce1a12f73b71c3990fe187207142f4bd,0.014112903225806451
3fe1deefee3186d6a511264732516f8b,0.005040322580645161
f22e5e934a9eaad59c208a0893e293be,0.008064516129032258
0f72aae8e22e0f46de464127bc45e448,0.0030241935483870967
61f64d8de28f0bfcc9d62cb9698089aa,0.007056451612903226
a3ca986f1cd982c412a6c01ca3b4480b,0.004032258064516129
64706c5a68f1886140910e0360275e8e,0.0020161290322580645
7db9e303fcb701c068de9bc881955d81,0.009072580645161291
d55ef38e1f8374fe37ef949962779bb6,0.009072580645161291
1218d892015cd1c0efd71ad0e9295ead,0.019153225806451613
59811858f8cd946530579b47d44006fe,0.0010080645161290322
84507d83ac3607345c4b1abce2ace2dc,0.021169354838709676
0ec71c972577d7561b8165c111ebf893,0.004032258064516129
21250bd63987d48bd8e04601882d6a7f,0.024193548387096774
e42f44f76ef3096fa83253af784d8523,0.0020161290322580645
6da1a300f7ed5e0b62fe99414ceb88cf,0.0020161290322580645
0c6a4cc06d1131ceef3ed171b3cd7c17,0.017137096774193547
3b9c32044538d844f115b33df4df8969,0.0010080645161290322
fb1b41a4de27297d9b43472dc0e71a08,0.008064516129032258
70fe1ffdce3f01f1bc0ac155ccb9fb47,0.0030241935483870967
28d37303ef47f77df7448e1c02600232,0.005040322580645161
7b0c3a3d819c78f12b54d413e361bb71,0.0030241935483870967
19772ee6663a035754b94c91154519f4,0.0020161290322580645
1d38092efbe082957625ba58b05f6b4a,0.0010080645161290322
82234f3b7177493134676dac2fa7511b,0.0020161290322580645
4ef391d638bf500957995e50f75dc9ef,0.0010080645161290322
2f020684571d0b7193941a67832d7a46,0.005040322580645161
628a44c637e99429e3ac4c39227c6c9d,0.0010080645161290322
158dcaa77e2c863021a5126e75c50cde,0.0020161290322580645
697c3c4e044f930aadf6ba0272543be4,0.011088709677419355
8548e0783cacd2fcbee0f52a5f2ad69a,0.004032258064516129
9de9c6a39532f37e0b2ff2c4265b73f3,0.0010080645161290322
9ea688a6846b9cc3401498971e918b25,0.0020161290322580645
c3cb5f0be6d5e3a4761a78606c1e4113,0.012096774193548387
16fe54c43e1b23026cca0633a20c4068,0.0030241935483870967
a03c62f26f97754e78c19010b46ae0a5,0.03326612903225806
eb5992d011913c9ccace6017c7847d89,0.017137096774193547
7281d8476d29dd24b3e674ce9cd9e3b0,0.02721774193548387
c1a96b8befedd6d858580af93ec11fbe,0.004032258064516129
bdac0376991d0b071ae6a4cba027ce34,0.014112903225806451
bad499ad731a9c1e99a8de6e82f7b660,0.0030241935483870967
b95d4906a694e3b5f47ee93ff171c9f0,0.015120967741935484
3e24e7c72142b37c718066d69269d884,0.009072580645161291
2a88592fee0f9006fafac5cd84d04aab,0.024193548387096774
797c645cfd8b9c3d36d3ef8549022cb2,0.0010080645161290322
28eb1990dd2b89f0130246992662a610,0.005040322580645161
3a40f5f36fa9d8eec3f6fb009a04d9f3,0.004032258064516129
bdf5b50fd6f3f2736d188d0c988fc48f,0.008064516129032258
08ce7c6b46d75f3533cbdfd76c17141d,0.011088709677419355
40daa03ebc2f3b5b4ff9eaf8645ea7fc,0.004032258064516129
8d35287537a068755fbb2ab74b30e3ca,0.014112903225806451
afbd143732ee7a0eb172cb11dadd2f9a,0.015120967741935484
8bc08651d2f3fb5ac8592f1ddf4a0e83,0.028225806451612902
fcaa277683651411a491f3c0f6fe63d3,0.004032258064516129
15e3c1b4175c6a7c81880b1d8a7a6d08,0.019153225806451613
b98782d55c678b8a33d674a5b150b702,0.005040322580645161
85346ae81de7c92bcda88b9eda345d9f,0.004032258064516129
1cd459a2b58e27bdcadc9bb6b5cef435,0.0020161290322580645
70a5ec22ca7654f727ed6cda9403b00c,0.005040322580645161
ef26fc7efb355fb9a0b8222a9f1c7b17,0.0020161290322580645
d4fa98710b50c2324c7aa7c0a1d81d0d,0.019153225806451613
4a2158db20dcc367ba58711c232770c7,0.009072580645161291
42e3bcf74ddd0bfddd4b7138ba1cf376,0.0030241935483870967
97f2dc759ac2f32682160ab9daf0e60d,0.011088709677419355
58716e8332a9c9437a05ee7a35e5a6d6,0.006048387096774193
f57a8ed7fa7818bb08528c4b198af4ca,0.01310483870967742
a1681f86a6c92ee027464865caccebe3,0.0020161290322580645
1a16c1131cb0a90cd58828afa1369d97,0.010080645161290322
ad3f6b4072fd4f2284028b3eb8734115,0.008064516129032258
b51ec5a3af7004b4d9bb2a6596afff10,0.0010080645161290322
4f58366640d22a2981f6d75287220166,0.04536290322580645
8a63b1f28f21ca6e80f6af6731f31a24,0.007056451612903226
e18a49cd2f86b59beddfd57a80dad45e,0.0020161290322580645
ad689a29574a09c604cd36cf41732e13,0.011088709677419355
c936431ab7a77c5828a3da971da51acd,0.012096774193548387
29563c7286b7e6fb2a04a80236aa28b0,0.015120967741935484
96af7925f467c4453632268599ca3877,0.004032258064516129
b396d4c82ea873e3f0d38aa42059509f,0.025201612903225805
9d74b6c2399c160079d489c21b1cece7,0.012096774193548387
b8af04015042528472e20e43efed3598,0.0010080645161290322
571b244eff03ed36b8710514db5503e4,0.017137096774193547
8fcc2157aa50b3d589f8f5ea13e24df4,0.0010080645161290322
f6962d8bf2a26985fb286bdca2da0130,0.005040322580645161
be1ac52a4ccb625a0bdb1b80769cfeb5,0.0010080645161290322
875d70786af831bc634b914be23c6041,0.047379032258064516
a67585cac4e79adfcc4286c24ec18778,0.0010080645161290322
f1cbc8c6c5b3d6196a74da88f711dcc3,0.056451612903225805
17319daf121da9b72837e68d8005ff03,0.023185483870967742
bd3d06f26b942443f0499638a2ada3de,0.015120967741935484
5019b8d9ed83ad7a5b9d3367a37dfe1a,0.02217741935483871
2cd726f32fcced0b772e45f8232b10ae,0.0020161290322580645
3128202dc253311c8d882f5d7246bd37,0.007056451612903226
99a5c52bbdffabfaa3491b502e1729e0,0.0010080645161290322
8c541ec0805c984a7b2b03081dc22945,0.01310483870967742
e570a1464dbdeaec646797d31c550f31,0.0010080645161290322
fd8cc2ec2e11078f3635cdc7fb477823,0.0010080645161290322
6045a1b3be95e4747c0dc56a4ce2d606,0.018145161290322582
1f92a859575916f9b23899f09c0dd14e,0.015120967741935484
6f9e180fbc9b52b7368db9b805bc179f,0.0020161290322580645
7c6f9210d1cfe25695fc64cda3e61caf,0.005040322580645161
36b6f66354f7f490f563f42b96baedf2,0.0010080645161290322
17ec7d595d60ecc32169968f1927cf99,0.0010080645161290322
2e2d0fa4750d5237b6482207ac4009ad,0.014112903225806451
ed29fa3405db2c0c4de6e396faa797d6,0.0010080645161290322
24187f26fa61b40441a6dd876183d133,0.004032258064516129
1dff35322444de5bde8f2462a5b73a7a,0.010080645161290322
febc21765967822f2107a3aa0927a294,0.0010080645161290322
3ad7da49c52ec79eb228067d25d2f2a7,0.005040322580645161
f4241834c312ba532b4fe81fc18d92cc,0.03225806451612903
4d492dd24dfda5873289ca879ed70d61,0.005040322580645161
350ddd737bf2b585d2dde69c244dfc26,0.010080645161290322
7a1144e3e5689e67eb04e1a00e49c45c,0.004032258064516129
a765441df9f96c9e8a1baf9645528616,0.009072580645161291
0fbc0dbcffa7090d1fab67b5001cba07,0.0030241935483870967
c1f04ba7032338263b8a832af6f4c937,0.005040322580645161
6e0adb64e054404f08fb1ccf2effd35f,0.01310483870967742
d5fd7a5127cf23a33416e8cbe3ad4a3d,0.021169354838709676
844afa2cd927f5442d2df683472520aa,0.036290322580645164
725fdfea2b3febcb879645c31117af2c,0.01310483870967742
3813504fcf215d108fa826866be37b89,0.018145161290322582
ba32589ffd0ba5c70103607504fa19a2,0.004032258064516129
1ae432cac07e183da43841aecbe7ba2b,0.006048387096774193
08c64a0ac16fcea5177c59cc7ed5b497,0.05443548387096774
a89c2338bae91e77240674295b10eb98,0.01310483870967742
3bf70e143d251723825e87a492010601,0.0010080645161290322
1bab5472b7ec90e6dd45b95342020b74,0.009072580645161291
5b31527f1b28c37035a08b3642d61ece,0.006048387096774193
8a127f8ea7a230cdbbaab502bc4853d4,0.016129032258064516
1ad289cd8f44e109fd95de0382c5b252,0.07762096774193548
9ad9ae0965064d37e0b4edb9d7f8774a,0.015120967741935484
381adc6379f2bf0907d9d7a12aaaf37b,0.007056451612903226
7fe54dfcd634c587d619d55f63ec6e24,0.024193548387096774
ee41b2201102d120e0ceff1eb49ba6cf,0.004032258064516129
22417b624bd0d72fb70b241413319746,0.015120967741935484
f4f58d9741b0b87bfac2191d5252295b,0.0020161290322580645
34cddd9fe152c24d78924ef25927d67c,0.07560483870967742
c5b95a83a06195f219b0edd9ab18fb1d,0.014112903225806451
70a3d8de6195371116630d6c7861ff5f,0.02217741935483871
deab1c25da0c27ce58f299ad9d19f78c,0.0010080645161290322
e1636d6adca75b7459629ae7c24821b3,0.0010080645161290322
91b046d950c0f73dd77c807d70e119f8,0.011088709677419355
3f59f5f260d17345ce9601049924bef1,0.010080645161290322
f72fa91e3b0474989d92ed551d202639,0.011088709677419355
651794369aeb3db83839b81fe49c8b4e,0.017137096774193547
d1cfe79a0fcfb0ec274720d7a218240c,0.0020161290322580645
38049d3a278edb50fc3709a722456336,0.055443548387096774
b4a1944a26e31239f5d96da499391767,0.0020161290322580645
4c9d421eeabccea0b2afcd542e02bcb6,0.0020161290322580645
bc23d2ee539bf2f52faf789289af7879,0.021169354838709676
a2b6dee883472986714db8057cf6e89d,0.0030241935483870967
c5c857b61ad951b54efbf3d12fd1c71e,0.007056451612903226
60fba52e52749745914ffea38126f75d,0.0010080645161290322
b8c685d6d691d57d63a05b0eaf5a669b,0.01310483870967742
b3f44c89c452d14c6eb37624fce00fd7,0.0020161290322580645
17bfbf97eb0605087f0a637085947aaf,0.006048387096774193
8d746ba4eda1404e59eb0c7d05f65ae2,0.0010080645161290322
b2ab597a902ff227a5ba76030cd6002e,0.02620967741935484
870b1fcef8bd29314c494bee53ff3f5a,0.007056451612903226
9fc2e6bf9d6bc1b189ba40710302dd16,0.01310483870967742
548c845aa8725932826eae41c4adca69,0.0030241935483870967
56ff4faf4171877415a94cc33a8c9d90,0.0010080645161290322
969b627a000894295e5c435e50758b57,0.0020161290322580645
d7bd3a151c49b42462dfe3867293ca42,0.02721774193548387
713f46681bd8d48c3a657de5470cbb01,0.0020161290322580645
ed5226c00632dae514744af122f49ffd,0.0010080645161290322
987a275a84d0479ac28bbd46d40256e9,0.007056451612903226
fd73af6a2ee5124133233647e3825981,0.0020161290322580645
e3a2bb1210e8e7b206d46f2d79d227e1,0.007056451612903226
0a57669c8749155490617519c8dd9411,0.016129032258064516
c3c6cc0978b1d7b987c0ff24b5b76fea,0.012096774193548387
4625a780352f2bf280154620f3a8376f,0.011088709677419355
637103d46b7b01880c9da07519ba4518,0.0030241935483870967
7bf71f9619ca4a2e181a584fb3ff28e6,0.0010080645161290322
8aee876310b0eadf57dc7ad9e03d3c8c,0.019153225806451613
63d3fe5012cf735a307df52efb1b844d,0.0010080645161290322
1047a09b4cc73a730fde2579c458f544,0.004032258064516129
86c1d625be65befeb0a4e20e47a46cec,0.09274193548387097
12a1bec06307d12f0f3a144439ae3836,0.0030241935483870967
ada9955d9b9f038887c0d5518a6504b9,0.0030241935483870967
a6b6ff297adb553f067ae3466fb110df,0.0010080645161290322
da77576137e7b61b025ae686c2fdafe3,0.0010080645161290322
99ee61b6d1a218db6d240da0c2167011,0.015120967741935484
3898ddc56eb3e1ca26dcf8e39f83e5ad,0.01310483870967742
8dba41073e8e2650e099cda3fd3a0630,0.04838709677419355
0bb67ba82280b8d8e21a0f385e0497e8,0.0020161290322580645
7212fe837f6f09bd16ed2c9b2c58e557,0.0030241935483870967
d593c6dd7fd00c6156d499baa3655cfa,0.0020161290322580645
c17e1aa8e164ab00ab23f75648cb5e72,0.0010080645161290322
c23d72faa5b2dfee7e8ef70344eed024,0.0010080645161290322
cf8eb2fb3d885d1919ba916bc0975347,0.056451612903225805
0eaed7fa41ad5187401d7f5d4b26ca1a,0.0010080645161290322
b8fd19d6f6396a5112efc60e3b39a076,0.02620967741935484
51b7a85da142065f2611d396d4e5f033,0.006048387096774193
13f2d9f2136aea95d969db571bab5793,0.008064516129032258
b6fe3daf27dfd3746eee8b41182de5d7,0.010080645161290322
484435384544fe98726fb6fc44c67fcf,0.007056451612903226
037c25708ea340baab54be25957d0784,0.0010080645161290322
c2706ec02162e54347a12bd5c2ffdf2d,0.0020161290322580645
93c0822a4dfe82a8036c1487242f6b76,0.0010080645161290322
93c44745a720ff150268100f6842059b,0.0020161290322580645
c12e2e3ee2313a68f1b3f4b177246e9a,0.0020161290322580645
7ef4facc7f8ec0d418e12f81056fcbd6,0.0010080645161290322
dd49db3b7c6ce451919004cc01cc61d6,0.007056451612903226
5e7b20fc4682c2376d7904bf2f1fcbaa,0.0020161290322580645
b530b7e30201ef8c36dc97e999e01c74,0.04133064516129032
126a2f4997f730a418cbe91cf4d2fe99,0.0010080645161290322
aeaeccca8c1869f3124df9fbaff3e712,0.024193548387096774
969c8a356ea8c261f32097717311b9c9,0.012096774193548387
85ff8d1c2134b8a38e4f3e31ed746129,0.025201612903225805
1f4622f6f2015c5d50920938bf003022,0.028225806451612902
1b789b01b7810f2eb7814e43bcff3325,0.010080645161290322
fac3434747d5d92beeff96aaf7ac7764,0.0030241935483870967
8ed73c385a96c886afeda4b7ae1b29b2,0.0030241935483870967
dc557ffdbd738f512919ebef99ee050d,0.0020161290322580645
16ee076a0556b2968d3645ba852250a1,0.0010080645161290322
d68c5fa769321d444a9e661ef0ee7ffa,0.02217741935483871
f6400e6c5e31c0baac2f1fa22eea1575,0.008064516129032258
95f0cac7cb67191beab572915835222e,0.0030241935483870967
7ebe7d73a9a70ae628598bbccfec23f6,0.0010080645161290322
b691db5c64664563760473e82ca9502c,0.017137096774193547
165f666caab7233d5762caba0530ebbd,0.0020161290322580645
44370ea982d2dd6e69a61ec16b8dbf06,0.0020161290322580645
465c45bc4b0ed05e986a5c3737cbc36c,0.012096774193548387
8a099803adb2dbe5ba35aba114f7cc07,0.0010080645161290322
5373bbb677437d3fe299fc3054a75ca5,0.011088709677419355
8846e771ee81b9b26019393037423f69,0.03528225806451613
4b430f2e95a4978acd97cb94483d2261,0.0020161290322580645
c78ef78cda6297c41168f3805d9759a2,0.020161290322580645
a439eea4dfd500e760e88853e355e168,0.004032258064516129
cbace4abf31d6399fe13f5f7805c0b7e,0.01310483870967742
9d7414bffb6f6d3e85b75c784610e533,0.0010080645161290322
dc1316485f9dc28f1dadaa4a9d0f145b,0.05342741935483871
91af61b679a6a632c94ac3ec00917306,0.009072580645161291
38654e63e3a22c661daa14dde813710b,0.0655241935483871
9d7d965e05b85e3f09380ba5a282c911,0.03024193548387097
a4bab9877752aeec3773be60458712bf,0.0010080645161290322
0b6f35771fe75dda704429f4b1a0a6a8,0.028225806451612902
c394ed70b67348cd56ad91ea81af9a99,0.059475806451612906
39ce92af9f1565043c783c9dd8fe4bd9,0.008064516129032258
6ba060384f314ced128a95c0f62b2ec3,0.02217741935483871
7d0b7f4483d21da0d99a312d72b0a05c,0.010080645161290322
b6d2d2bee04b9aa51e359be625267863,0.021169354838709676
d56f3440f5516315b7c17f94bfba345b,0.014112903225806451
020056dcc2b36d185f177d041ed65f44,0.018145161290322582
22da6014ac21cb5fdc6e91e7b7632a07,0.006048387096774193
6d2a6714ab990e75d61e324a5128aa2d,0.015120967741935484
3e999e2782aba171910eeb1cde946520,0.007056451612903226
67fac72af20665a41f95a7b16286c8a9,0.011088709677419355
a574d99a866f19ebf14dbc8a35ca692e,0.029233870967741934
4e7795fb0f02a93ca569a19ea79b31b9,0.006048387096774193
efabe4d9447ea51d48c688d08901bd5b,0.02721774193548387
b55ddaf95d9d2217ea087863a7afbbad,0.019153225806451613
33ea09a66f21454c8670bce2c89bff61,0.047379032258064516
30603b5cce22b4d5c82ee1e31bf8cb7d,0.03931451612903226
8d576cfdbf0766b97ca514afb0ec1464,0.05040322580645161
05992d2befeb4bd87b626698a9694ccc,0.07963709677419355
b4894e47a10de51b5cbece04283b8886,0.008064516129032258
278cb2d2eedc893dcef2c74a0e38f334,0.017137096774193547
02f7d7fd79584377413a478ffb742e6e,0.03225806451612903
e8b40459e212b1785157f45e79703354,0.0010080645161290322
b98dca49c4b6b4d26bed9708bce7010b,0.01310483870967742
cd1fc0b5ef8bb9823eb279222f0d0860,0.0030241935483870967
fe54597fe0c9ca93a8774547211bec68,0.0010080645161290322
9feb5580c6b1a5b1a7485aca674f6d23,0.020161290322580645
3bdbd4fc0afb8e19e2b94a5d85cf46fa,0.04939516129032258
4558370f7776ab6e7c0d33fc8b1c07e1,0.011088709677419355
ace2e86d9e821c832cf4c3dd4b10afb1,0.005040322580645161
b540d31072b7cf3458d21172a57e5534,0.04435483870967742
794bf208101bb761eb1a773af477ac9c,0.0010080645161290322
2f7d94977c875eebfbb9913992d0bd94,0.02217741935483871
f234875d7996e9d93d5cedc262420b6a,0.023185483870967742
3a3e562a61e57ea1ff4f24857a1e79da,0.017137096774193547
5d5fbd858ff08d67785def62c1cfdbc3,0.0030241935483870967
470ea24f82fd21a218d1659f4ed06c40,0.02620967741935484
2dbbdfc9889bdf84f5f2e32da320af4f,0.010080645161290322
2153b4c44a6a178482cfbc6a909095aa,0.011088709677419355
8c1932ffb79f68220efe8863f2972856,0.05443548387096774
6d4cdc72bfe6de6deb0548a0557f1a9f,0.004032258064516129
e9ecbf52aca69e3e3e5d6e61c5553297,0.02217741935483871
7207c52e14779c6c197357faf189cf65,0.0020161290322580645
95421c38b7300b6f73860f574dcb8ba2,0.0010080645161290322
14a999ac116871041248e75a737e4362,0.025201612903225805
0569227231e29b84d8f14c67a59d5862,0.0020161290322580645
c98ea813f96e96f25ba321f74703bf6b,0.004032258064516129
296722c1cf060e062e16ea30f1c7a676,0.0030241935483870967
4d8dff3a91dd5cf11737aec5ea90670c,0.0010080645161290322
e18bc4e382d52204f3baf88cef7d7549,0.005040322580645161
76fbc92c7e70d5bc495f678b9a40a828,0.009072580645161291
9a9a64143d4a78d32446a2e93c3da785,0.019153225806451613
de30dbd5dc5c0f9c659d51b4d1c9f890,0.0020161290322580645
718cc2a92336b25ab3b6ed427e759e86,0.01310483870967742
da176e741f1edcbd5be632d650479b22,0.006048387096774193
775f30d032df5f1a21be002b30c4b07e,0.008064516129032258
a68b7636262360f6c9dfa5cee5890b08,0.007056451612903226
1966b7c159a932b2ffc7dde2f0d66d73,0.04536290322580645
688769da67f8e13613e8fa7c2ccb437f,0.015120967741935484
546f880c21cb9d45d0c57f841a75973d,0.0030241935483870967
8fc6d04b39d0bac5234b74a2a03a1b19,0.018145161290322582
4427e8035b8b2cbcf0b3db2d773b2fa7,0.02721774193548387
93233cf6a3f218339c1827767e49ace6,0.0030241935483870967
26d78617adc73ca6ec31f8a1751be4b0,0.007056451612903226
fdf401319448281ba45bfe86ed7d8b1e,0.018145161290322582
0956e1fd54d80d129ea55d9460d8c3ff,0.0010080645161290322
1276e75750b8088464a4275ad0c81579,0.019153225806451613
4901df3c8ebbf5f54678f210a1e89d17,0.004032258064516129
9cd7e4fee155fc79cf175803356e1638,0.019153225806451613
5d25a0dfdd68d8b05a0a33f3eedbd96a,0.006048387096774193
b78d4b724fa03ce05b3a5c1177ae0534,0.0030241935483870967
01b814d234633c00a2c1b59af47737d6,0.0020161290322580645
5b8d893fa35b36b7cf1bdbf7d747fb04,0.012096774193548387
d3788b3be73be434641414cfa8ac885e,0.004032258064516129
93ca5c6ffa43e9d0e32fc1a4d051f282,0.014112903225806451
208d7c004941ebe98cdfa5df8d695135,0.0010080645161290322
38272d48c43469edb17fe03da1ab8250,0.018145161290322582
d2c8aa331460760b2de78677defceb52,0.0030241935483870967
690df543c97f2394f67f7374003b9dfd,0.008064516129032258
bd7d4d52171326447274c59003e5e534,0.005040322580645161
ae793fc8909a69dde3c7757780299e14,0.021169354838709676
c37d4d52a4218d1323d5cc744e53403d,0.0020161290322580645
d6c4e6c91bd5faa479da5d5e5e34ccba,0.020161290322580645
a73877185272ffe2e78f0a5d06d33b1f,0.0010080645161290322
00e0790073d8d86ba9634bff5d261059,0.025201612903225805
019069d669302b635b86208e38e1e673,0.004032258064516129
0af39d1c0f432e52d1696da85d65a5f7,0.024193548387096774
187600be17af8f1a368e0e59f2bccbc1,0.0010080645161290322
3895e0793d357baf495a8df1f031d28b,0.004032258064516129
5337817ff4ffac66d47578726a9b8e63,0.008064516129032258
29a787fd39b9a0f18577a3d964072d2b,0.007056451612903226
f548dbf0a288c3bc849c2aff5daa7403,0.04233870967741935
20fae2de08bc6406a6a99d006e45ef2a,0.0010080645161290322
36247932c78308738fce8e71bb563ca0,0.038306451612903226
42ce63585eaa407ee53b568bdc648be8,0.0010080645161290322
cb6b07b813efe46bbd7db47217261025,0.0030241935483870967
5eb2e7f9a8bb924dbc739bcc6b451f6e,0.004032258064516129
48546c400c8b8d4ac0a93afb75915664,0.0020161290322580645
3b3b2c06399d01b64d6c0aa1e9b3b8ae,0.0030241935483870967
314e5c196fb5e6dedd630aba9d1dcffc,0.008064516129032258
bc0c0be586e2081b0f25f289f03dcd6d,0.004032258064516129
3eba936b8c92df7666545991080d3ab1,0.0030241935483870967
ff9c434484c8b84aecf1370efb677e6e,0.0020161290322580645
308e13fe6a0c688dcf0c2342d91cce1c,0.012096774193548387
c04879d53b5b084096c5f2bdcc38d55a,0.020161290322580645
f73de6ef1e947148c54cf9de2efa7df7,0.0020161290322580645
15dabc0a67b057569204a52f6cd77781,0.0020161290322580645
9cd34864d0b2a1cc31af3d2716b55087,0.004032258064516129
3280accf3f40141649c5b2f20d44d73e,0.004032258064516129
90b56dc937fbb456686419fc0ab6d435,0.0030241935483870967
a14d826ec1c84d508a547576520b8d75,0.005040322580645161
d882443ac299091da0ab9e543dd9249a,0.025201612903225805
e0fbb7ecf09172bd3d249226098173a1,0.019153225806451613
fc2fc508977c9f7fa707240b0c02338d,0.0010080645161290322
e1dc096664df5ee3bac9fbaa8a59d953,0.005040322580645161
6a6d8054e2a7052fb8fd458dccb2f88b,0.0030241935483870967
3bb829cedc2035f1d0abce693ac2cdea,0.0010080645161290322
8f1e40801afb5958a7b4b9bfcc66617f,0.005040322580645161
8c32a1ff8089c6e06a39c5b3d0ada68c,0.007056451612903226
d036347fa41117a4e47d81f7b953ebb4,0.009072580645161291
5e6fba40355df5a0ebb13062406161b5,0.011088709677419355
bb4b15a78ad97da3383f2aad24d32270,0.0010080645161290322
c1c243cec3482d53dba42f75ab429de1,0.020161290322580645
a4ecfb2e708863a17978a0942358ffc3,0.01310483870967742
5425d9b9a7c880df43c765c874128aab,0.010080645161290322
f479b687a36e21c95d3dcab983839a19,0.007056451612903226
2b03466f49b9115a4b1276832aea95ba,0.02721774193548387
5c222eb2aee6000ee077bdf5169b9b3c,0.004032258064516129
05d7055e59370016b41982a06d3010cd,0.0010080645161290322
5b97a6ab9fc4d209b3bc6f4c91de5cbd,0.02620967741935484
14270c9abd0bff46a099622a4fe18f53,0.007056451612903226
e4fbd7927765cc746bbbf00edc1a8437,0.02721774193548387
62567ff29523db5f37406f15498b639e,0.0020161290322580645
52e0a0c0a75ff4a55577f7bc587f86ce,0.037298387096774195
ca943720815c3c82c1b8c7b89274d73c,0.0020161290322580645
51401229722a7f9edafe7663eef24b4b,0.008064516129032258
033a3c2e4094f57f0f3cb7f3e2a3408c,0.020161290322580645
c1a258555598fe55bb9e930306f29c95,0.0010080645161290322
8764ec4ce1c6ca0dc38039e7e1751109,0.03024193548387097
b79bc9c71e5668eaa16b5483ebea0925,0.0010080645161290322
bc4c413aef111e38a421a86cedf6c3ea,0.009072580645161291
ca7ab6fd7c3a79dc21c78dc148bc6d59,0.0010080645161290322
ed2e15ecdb53e1c3444735f86d650226,0.015120967741935484
a27008ecabee8288df0960edff693454,0.023185483870967742
0ffb0bfcffd76780742b5cef0f088de6,0.005040322580645161
064e3a4e42018bd008b3b5407633751c,0.007056451612903226
36fff2294d520d3ca03d40492a599dc8,0.0010080645161290322
3c6fb2fcc2acdb1e2e00d07cbb23a5ee,0.0030241935483870967
422b29ba06a0105ba47730782ee36cd9,0.0010080645161290322
36b9237dc421ac5ef5196c12ffb3d824,0.007056451612903226
f2e3fb2bc5f97f8db9cad096a91a93d7,0.03931451612903226
efce90e630990bcedc4e36b522fd8163,0.006048387096774193
131298504b921cd9fd34dc880b7c5a7d,0.03125
3f15c78977b3911b46258a85d2aeb6ed,0.0010080645161290322
3ea8a195ddade5b4725e9c2394416269,0.0030241935483870967
9c9a84b2e889ddfb2f1c81670c558eab,0.0010080645161290322
eccc4b35e1894cbb8db1f150b17b3198,0.0010080645161290322
a2ec06b1cf13986a3d31ad5ab949dbbc,0.03931451612903226
aa745b638886fc474d8921db40ac0511,0.012096774193548387
138daeaeee1211d2a3d8502b8fe23b2a,0.08669354838709678
1f60c706a2e3a7ff7ea56c017916494c,0.005040322580645161
efb9d50338d52565e5db8e9f0b6bea06,0.019153225806451613
b6ad7376f2b097384f71f003b08022a2,0.024193548387096774
108300b3bc296ff82ce3e940f85f088d,0.0010080645161290322
dcc4ff40b6e9fe16c04de46c942dcdd0,0.02721774193548387
b2436f941c22422fbf143435aee6a1f4,0.0020161290322580645
1748c7cd4b0449fa1777871cbc9c81fb,0.015120967741935484
a6d3e79f38e92c1edbdb32c6922186ae,0.0020161290322580645
5ce4d5071916543da4b48ae96eda7a07,0.0010080645161290322
a4b7efc4ff25e9846e6b9be444b07a9b,0.0010080645161290322
271f3f8d445cebd27adff319666d8cef,0.0020161290322580645
f002632cd6940201e6db2264c6696492,0.0010080645161290322
5c050af6417d33238e8d7cd616505e93,0.009072580645161291
5a0e504418683eaa2f22211be87940e4,0.009072580645161291
8e6181a930a5b243a640e84577b4b6f9,0.024193548387096774
54381126854a856bf7f3ba92505dddb8,0.0010080645161290322
8a51f19eef9f02e8c362afd90a0b7c46,0.02620967741935484
1761ff856c6b5122f085bb47db5e51bd,0.0010080645161290322
932e1f2d3f75eaba13d2b2be2f2f7cb3,0.006048387096774193
425e2664a89d25b47360980e95f4fb3d,0.006048387096774193
8612150a4484d730198bfda5ab170557,0.05141129032258065
72cf1bb3bd03a9b9a12f79da890372aa,0.004032258064516129
8542a802c1b3dac9418bf8b0c84dbbc8,0.0010080645161290322
919bab4f68c986fb31476a7e6e8421d6,0.0010080645161290322
713c31d2378ca6b2f2573471e644801e,0.0010080645161290322
bcc911bae0638de52f20f86841387306,0.04536290322580645
f33942d48252af7977a446ae7f62c6f9,0.012096774193548387
b4e5188950be03e46de213fb9a56ad1d,0.008064516129032258
dc3eef14d14bb77e57609b5b9900c020,0.05443548387096774
d01094c2c6447ed16c173d3761765229,0.010080645161290322
a467070df13ad863cb94cc14f7e1b0f8,0.018145161290322582
ab8c01786122f2c4eaee9ef1e0f587d5,0.006048387096774193
856905bf8069d1cdbcaac48ee3e2e3fb,0.006048387096774193
71f4165d03795de1abc91c8aaee236c5,0.008064516129032258
c318b57079b7b05f9af498e68dbeeb32,0.056451612903225805
43c5a83688e3fa6e1e9ef920c11a09e4,0.019153225806451613
62395c387f1e2697d66b2f906546323d,0.0020161290322580645
d649924c142da068da3399c91e3b479e,0.007056451612903226
a98f682feda916ba9d30cfd25a656c23,0.0030241935483870967
746ca43133779b4298e1d952be8a9fd6,0.005040322580645161
5d254d262adf3f07f5b41eaab1f3d8de,0.016129032258064516
98a9db7ca24b3ac2c475f89b200db363,0.010080645161290322
9cec2e0799ed9f60732c2044cad0e7d0,0.0010080645161290322
08ba0ffdb1ceb1cf44aab9dcca58575b,0.011088709677419355
f0a2ceec2fd9f227e459f86025c0c96f,0.005040322580645161
a8d06238fd0626fcf0d91af5397c8701,0.0030241935483870967
286ee408fc7065988ae47c71f02fc4a7,0.0020161290322580645
11a03a3baaed210d2297e87d4d113e0b,0.009072580645161291
68228118953c647f0ba14d746a2f24ca,0.024193548387096774
540077f8f8eff52d77c9ac0b807b0503,0.017137096774193547
a47ea5b6d2791d1e1cf2727089f6707b,0.006048387096774193
8c0d1d8efa69e07c64b567c3f39516d4,0.0010080645161290322
1aff78f049ec6eac060d34a69a6a0ea4,0.057459677419354836
9a92698a71306fd9e9135061948653de,0.008064516129032258
29a802b4ebc0f4d74e2537de020cc466,0.004032258064516129
746f0bf8d0a08fb4740d1fdeefcde3f8,0.0030241935483870967
6737f686a34feb397e3920d2f1abc615,0.004032258064516129
637b438ddeb709e58c6f0ec5add26258,0.0010080645161290322
c07ba641d7732bf9b9932d85c66e529a,0.0020161290322580645
78209915bdf78d0d540843ee88883528,0.0020161290322580645
90b56798a9abd8360a79627ec3c332d3,0.021169354838709676
b4b41dc7ceee81e5171a18fc599a680b,0.005040322580645161
c6959c6d7f3f2806418eddfeeb3f2d22,0.0020161290322580645
8a39022df3d0c853be0e8c19d2889a54,0.0010080645161290322
dec0c2a4dc4b4257e5befd5b54671e56,0.0020161290322580645
59feda63a1066f2c193cb72db7906cdb,0.0010080645161290322
40318ba967245bbe40813dda25a15afb,0.0030241935483870967
8cb416fb947e6404f1397d8f366b1bfb,0.021169354838709676
4e143d2eb609532aa578d1a8865aeabb,0.0010080645161290322
e423d94deeaeefc1826e1025908ca040,0.0020161290322580645
97793107925674fa95d828f9eba6e07c,0.0020161290322580645
d43642bb228b6bd084483d2e5b48c3ca,0.009072580645161291
bbb8c6539f1c61e4eca803287a56785e,0.012096774193548387
f52b3942d6f8fe0a4fe34a6512937256,0.006048387096774193
ddd8401b4363d0f23927f64baf170409,0.005040322580645161
3748b78ec0577c1641175b135c250011,0.012096774193548387
fac24f827ba7601f59c0de9139160fcd,0.012096774193548387
797940af32a995bfb6dba0ef681d4960,0.006048387096774193
76c5715653483addb56277a29cad6ee5,0.009072580645161291
f3107a0f283c7e849856c8cd3e2d55ba,0.006048387096774193
b9ba4ddf3404a811923784977a7239fe,0.03528225806451613
9ad85a346066727108e231b8bc0bccd4,0.004032258064516129
6f1f777b9777a15e672f6b6dab4488ff,0.016129032258064516
32351abe0903ac62d93f841601ef4c9b,0.02217741935483871
83c9a741b0298edc4b42a85590850c74,0.025201612903225805
37c447b7abed007c089803b6d273111d,0.009072580645161291
b083f3cd1b612e7122bf3d1101a57b82,0.005040322580645161
7ed32ce1a47b29058622cecaa8cdc4d1,0.0030241935483870967
c03c42fcbb403505a8f35ebd18e82d5d,0.03125
9abf0c3cbd6ec7b1a5474b9527b3590e,0.0030241935483870967
5ef6ff688fa07da620c9d9be1e0cb852,0.0030241935483870967
c2a394521a1cf728b227810c929f8a7c,0.014112903225806451
ab95f641f432d7ab139bc7c940ad0826,0.005040322580645161
84229f40e030474d1845b86ee28567c3,0.03326612903225806
4593bc7885ee596edaf90efda8d5fa4a,0.009072580645161291
6b8106dba0801b76ee90c1c3a1be4898,0.006048387096774193
fcba9ab9c622d9572fef251c363b73fe,0.0020161290322580645
372226d6b311ba48ad4cedb25f28b1e7,0.04334677419354839
9e4d129d5a2f7d68978e23873a73dea1,0.018145161290322582
4100e55a3e477bf8a2e1894061c6c7b4,0.012096774193548387
8a50ae22f5e251f0b100aa64df46a9ff,0.01310483870967742
458b9d6c70631070f176ccaab8d630ca,0.005040322580645161
a9e6cd8ac145e9f4d7b09bf7fb719f5c,0.0020161290322580645
89fb1bf356768894bfbcf698b04828dd,0.03024193548387097
4d09f24c6dd728eb35bdb3debbfcc3df,0.017137096774193547
df66ce90b637bf4e27dcc47cdb90f10a,0.0030241935483870967
8658fce4b7c406cec07e3f3090b9228d,0.005040322580645161
e644bcc69bfc0d690e0b9d83660a6493,0.007056451612903226
724a8ed650f86c2b65f20e6ce0762419,0.006048387096774193
b26b70ce8c6093ed4749071a3181a937,0.008064516129032258
3e8cc8eb86b2716073d6094dca1ddd5f,0.005040322580645161
7027ad8de914ce63f33d626d74667a7c,0.0010080645161290322
71b8f597f14d1ce2b8ac4d99ddf9e776,0.006048387096774193
0f810fa62f88d6ba80ea9c5fe2e8a62f,0.0010080645161290322
b0ca18d6c2e73192da51470571012421,0.010080645161290322
4d27e375d03eba07beb5e20ed14e1979,0.010080645161290322
00b11c6cc951a6fb980124be4a1d8d69,0.004032258064516129
df5e9164a8dffe2c77620e1255aa1f4c,0.0010080645161290322
b3cf8f0a9ae7e7d5ad586bd11e6a9933,0.0010080645161290322
f5e3df1a0e12099a698809e70a428356,0.015120967741935484
2be5c8e3a307e6ec9d1e74e22bc37d1b,0.02217741935483871
07b9b273fa7e692ffe025406a4376ef6,0.0030241935483870967
6b86a58aa04fecc7c63059d56f2c269f,0.005040322580645161
c91ecd84edbad4d72965f581d8dcfd18,0.0030241935483870967
6729a9d9b8d5ed07c9567736e6d4975d,0.0020161290322580645
66c3646962b420b820e2a126adcb823b,0.010080645161290322
6f88d7bbde493bdb5ce66f34f7a3e160,0.0020161290322580645
529ea8362a4c52379a01bd1a2f286732,0.012096774193548387
61cc68f427c290517e7082061aa5dbb7,0.008064516129032258
34162c251037a3a37f725686d512cf49,0.019153225806451613
dbf0813bea0c3b3b27736e11e72dbcef,0.010080645161290322
9886236c87102194f49e6604a2d8af46,0.0020161290322580645
3d313b4266f7c54574acd2273bf67528,0.0010080645161290322
559d87e645135d3d5448ebc3bc26d3cd,0.0010080645161290322
b09ae64db2d1f0b21383a2ce9deb36d5,0.0030241935483870967
9aa4cc4f42c93f1d29730047fe9e52be,0.004032258064516129
11d372960ec2b3d1d8aacc1365b969f1,0.0010080645161290322
fa6acd21d46f10237fc922384525bff8,0.0030241935483870967
40fe2cd6768ea7720980442df8caca52,0.006048387096774193
b8a1fe2407dbe48184678b9f2e26bb79,0.009072580645161291
8f2d73d15b81062782e725c3ada785f3,0.0010080645161290322
f0af6b93ded6f311b13e4a97db0a22d7,0.007056451612903226
f1d7057780176a4f9f9e6e3c00bde66d,0.012096774193548387
3352944b25d42369edce69cc4b62a6b3,0.0020161290322580645
993dff1210f26cd70b1e855c37240647,0.0010080645161290322
d7962e6c2fee9bc0685c262c72abac52,0.0030241935483870967
ef9119f23b2a73f49d34223f06dafc2b,0.01310483870967742
5ee8b9f0783903cf51d2d7a1112b7c6d,0.0010080645161290322
051b34b082123ec9eb03e85fb24e1715,0.0030241935483870967
63b065370d2daae62e029d3e21a685d9,0.009072580645161291
6d623591063f7b516984ffd5604d7cff,0.0020161290322580645
a8ba9a79b2223baa5ea30f25d556d141,0.005040322580645161
be9febba3d5693f049d017337e522fa9,0.04032258064516129
b2f30531b54cd3b1a6b57c333bd1ec3c,0.0010080645161290322
0ab7e92b30453904b9e4fad0bd6096ea,0.021169354838709676
2cef7068bbf30dc743610ad39d7fb2d5,0.008064516129032258
1502d4ca4ef85498549abf522200f4cf,0.020161290322580645
96ef4728a301b1b1724d780eba07d0ad,0.004032258064516129
ac7b3e27f7a22fc5c41cb751a2a5cf55,0.006048387096774193
baf4533ae6ced75257e080f65fd8794a,0.0010080645161290322
89a9fa0ffa0d49b3e4da41bf85477215,0.008064516129032258
b6dfb16ce678d8298d524f9cdea78a3b,0.009072580645161291
98d90c0dcecd5c0a684c5231c92bf259,0.008064516129032258
54213f5a3e5c813fc423ca9cb35a5937,0.006048387096774193
3394a11f4fa6cc670c0641b3367ec329,0.018145161290322582
ce0b7b82a562eb9f894a473793b1529f,0.0010080645161290322
23b978a9b49e862ad48aa02d32c23995,0.006048387096774193
84b111e7b1d6dfee55caf60c4fe9f8af,0.004032258064516129
1a5953b01ce4a62e63900be8e8f58952,0.0010080645161290322
a20d62373c09b2df7d512c36b1c51a1c,0.0010080645161290322
dfb34f70f04d379e794a9fa8e139d3d3,0.0020161290322580645
c6f88c87d4c67dca20e26f213d1d2c6b,0.008064516129032258
cf3dcd996b7dd3144e00221e25657067,0.010080645161290322
c47777c58431197016264bee68415d5f,0.016129032258064516
480e68fbbd3aac898a97ecfc7ca471a3,0.005040322580645161
7d725d8d7a2f38b3b4f14cc47d8a4040,0.0010080645161290322
fb7ca1ec1f16e34dcd1e09016c2db9ae,0.0030241935483870967
cad9085f3db6bb25ab7f2978b8aefaa6,0.008064516129032258
d740f9d5f7da96e3bb28cbd81298e0e3,0.019153225806451613
fc8fc6c3601ab763f0169c041b80d994,0.004032258064516129
5ec34f8ea9a1bc1b361cc863664372f5,0.007056451612903226
7427eb703297fe5c4a1bc3350cdbe4a9,0.0030241935483870967
2ddc3fe69e7047b60806a71b1dfec71e,0.0030241935483870967
b1560ef58bcd0d66bf184dd76faea197,0.004032258064516129
4386fbb1326698325bc72a838a7cead0,0.005040322580645161
6ba2b0cc53216fad02432a4445abf05f,0.0020161290322580645
b0b706fb5a84e48aa51c51d568030870,0.0020161290322580645
5e6fa456bdf581dfe3fffb44e5ddc638,0.03931451612903226
75924fd12a32860e3054bbf61523ba28,0.021169354838709676
5c707926751e9eaa10f1b9178817997c,0.024193548387096774
284194fedb46936a28259f38e177a7fb,0.0020161290322580645
41adbacd25dd2d947091b63a91bc93b6,0.012096774193548387
d3444341f6d531f006ae623321e67685,0.004032258064516129
ea5a1e2670018d8fc86e13cf3ebd442d,0.020161290322580645
23c89f532c5b212472168fd8eab76d9c,0.01310483870967742
6ef42f3bcf0e2ff88c4057d871a7d0f9,0.015120967741935484
771cfdba4196b25d76e725acbe9e9d8d,0.0020161290322580645
a6f7dea75b56f86a406eb4e121940c2b,0.0030241935483870967
19c55efb5f056e67961443f4f981c868,0.0010080645161290322
abff81be0d48645fc8bbd75654afd2e6,0.0030241935483870967
e6828c9a7b4ea50fc9058d4e402da4ad,0.0010080645161290322
959f9cb478f1e294a270669bf20cb46e,0.0030241935483870967
d7d3af8205dc59cde351bc100b1b08ad,0.005040322580645161
5f8cdf0d5ff3b5e0d258915995bf88c7,0.005040322580645161
6633c9a550041dcbbc30c61cd4bac2cc,0.0020161290322580645
b6e4ff70d5d21df871d935144b316a21,0.0010080645161290322
ad514ce2f43ab6047517a9d5569d203f,0.008064516129032258
3b9da65d7420581365610ab6004a1e1b,0.0010080645161290322
6fc5b9ec399d3104a5af024ed4447f28,0.0030241935483870967
579e43e12af5ba767a58d218e6b5063d,0.006048387096774193
5a23d40a4de08b3adcbb837d6f7ab3d1,0.0020161290322580645
f5005008d27926365358c971be6e6ae9,0.0010080645161290322
e9750e83987311fa41437dd4685245a4,0.0020161290322580645
6d40e379c5812d977bff0f1dc758a5d0,0.0030241935483870967
11bf8ba52f8caf1ca53e0f1438de6c21,0.011088709677419355
df6a1dbd34417b068878c043bd7a6bcc,0.008064516129032258
e871120c1d5e633b61b9870f774528b5,0.004032258064516129
be516fe2e26f0077a85eb233bb945819,0.0030241935483870967
5fb6670f175b6e2329c78bad4f161d1f,0.0010080645161290322
7f323d6db23992932ec6e097ae09c4c4,0.020161290322580645
39e8d9d3a9736a818df9e7aad2c35f90,0.0010080645161290322
45b11ede445f4295ef7f9a8108fb70a6,0.04838709677419355
4029f74f62ca1ef527a6fbbcf4a3aed9,0.018145161290322582
1ee97c550ed56c7acd0501014daa62b4,0.004032258064516129
9caa12440830e96456250882ad25f89b,0.0020161290322580645
53348b8b6dbc6c54e3eed0fd89b2165b,0.0010080645161290322
8462637c04366ea514271da1b5aeff5d,0.004032258064516129
da7593d6388ce1180bb135dac0d49e43,0.004032258064516129
3685ac05998b06e6031824028df14d08,0.007056451612903226
8c9878f126453d40b4bc7ad76406d42d,0.0030241935483870967
08a1598eb1ea4dca23db1135552cd5a7,0.0010080645161290322
4414ef7705408d0822d8e290c398b2c6,0.029233870967741934
ce73ff3d6d88c03302f23b3d295711b0,0.018145161290322582
2716624f3e8797d99b45a611d4aa1c9b,0.0020161290322580645
3ecbbb3e81182d962ae1ed11ba570271,0.011088709677419355
8fedb65928b3408d3c285c4cd8a4e72f,0.005040322580645161
f8d6808f06593a6e40e07bdb9b1a6174,0.017137096774193547
6a38967775f0e48725dbcc78f0e9ed2b,0.0010080645161290322
90e1253593cc84acfef1a41b57c0732f,0.024193548387096774
8e86465136ed4bcb7eef02845a459177,0.008064516129032258
f881f223c9bded8a1522a32f69cfa5db,0.0030241935483870967
42b085b1f2e72f62d51fc8c0565daa9c,0.009072580645161291
14ddb1f584accbd8a433618f280c0a48,0.0020161290322580645
85330e615fa5137c4db48ae1edbf7ac2,0.0020161290322580645
6e21aa8e4bd1fbe23aa3e987426267c1,0.01310483870967742
cde2ed12f9a91d7d2fcb2eeae5c5f8c5,0.012096774193548387
5a6623f745f11eb82538f315409c70d4,0.0010080645161290322
0a58c594f843f7907aa51ed971294ed5,0.025201612903225805
76fa934e00951391e305e7e9086c0c26,0.011088709677419355
16a32fcbc441e2bbed3afa2f98cd2f64,0.0010080645161290322
81630c78d26a0a6baddd5e662973ee18,0.0020161290322580645
6c21df1670fc5756a50ec23f847a4037,0.008064516129032258
7d06881de47953f1c3379a406d109ad5,0.016129032258064516
51fd9a7d10826f47a46df2bfacefb28a,0.005040322580645161
0ae3707844c63cb546f2696308b4f57c,0.0010080645161290322
9748f8fd448797c11f81c02a835cf408,0.02217741935483871
2f9a438c2c44046432c107d10a649fcd,0.010080645161290322
c076fef5e5e52ade435c989a9bd40ffd,0.03125
2fa5e0d6fb707072ad58c7f3594dfd66,0.0010080645161290322
af0ef9325c765f628599f92a7692b5ff,0.016129032258064516
67775dec1b742538adce25b271eeedc4,0.02217741935483871
a9ea15f544cb2ecb602963a264585697,0.0030241935483870967
e053921db232dfa54179aab54496f5e7,0.0030241935483870967
ccbe175fbadbb20be1fa5fea63bd8e58,0.04032258064516129
76ba6c23f6f9db09449569e862a79c00,0.006048387096774193
a0b60eca21d5ee93176089e70a8e9587,0.007056451612903226
74afeda956c19b54503eb624ccca2e2e,0.0030241935483870967
ef33b7fa1e0346115692798a47b1ba4e,0.0010080645161290322
6695a172bef63ed36952233443f7be14,0.0030241935483870967
6544aa330ec6ca650def4e40ae77daff,0.03125
1ee4ea7f508c3255348c7cce77c889b5,0.037298387096774195
6f5b152ba6291dceea4c629b7a7751c9,0.009072580645161291
e8627f876ad32c5061d18820c7ac4c7b,0.0010080645161290322
a59ef14ef24225469de44a9b34f16dc9,0.008064516129032258
3129e446103ce09189712b3412a31e6c,0.004032258064516129
973c107a41c83b9f4b167398fc0e4047,0.019153225806451613
46a30416766a0dc46b906fc4bf9d43ed,0.03125
ba0b712888881e373e119cbed4316c22,0.0010080645161290322
9f23f5f0c6608e8e7f068d826df5f53d,0.0020161290322580645
c813ec5343265e4a07fb9a9d59f45d0d,0.019153225806451613
291ec55504b7b65dc3c7402f69add4c8,0.005040322580645161
bc7fd2b53b63178bea96f8ce5261692e,0.004032258064516129
cc453a58368f89587f7cfcc9c0788b80,0.014112903225806451
cdd2af34702c62618a9427bcd14c876b,0.015120967741935484
1bf549b6596ad4287ef71a5385b9bc86,0.0030241935483870967
4e5463f602319d435f313b0e9a7219a0,0.004032258064516129
7da5c5a566a1ae0486fe6d08ea05a4e7,0.004032258064516129
5035c8f4b6305480284b81a95a8180ea,0.0010080645161290322
23c255ebc8ee7ade6f683a1bea0add23,0.0010080645161290322
464b2b9f28b321203952c5da00e33f0d,0.0020161290322580645
0294417f1789c3540372564574d000e1,0.010080645161290322
b014da04784e69cffbae15a9122208a1,0.007056451612903226
1d845e2aa2837591cd9d9fe2834078c3,0.0010080645161290322
92fcc9734bc9389ea3cd99a97b3f801e,0.04536290322580645
275411f36f9087dab5b9a575368d4259,0.0030241935483870967
1ef63880407cc5600d8bbd6e23da2b38,0.005040322580645161
85d5c224d9dd8c9b2812527b6048beb0,0.01310483870967742
d4b58b3893e30aa0cbd689eff143a23e,0.008064516129032258
0a9e622b6a6b947b87ce4e0c012bfd49,0.01310483870967742
7b8de3294c1269da05ebf99d7418300a,0.006048387096774193
d25256215d3cdbe718b2883603b369f7,0.011088709677419355
ee0ee1a5cbe02c2068af992af2fa9c0c,0.004032258064516129
ccb7d86288a31283a48e8fbea86d9ccf,0.0010080645161290322
7cc4d6533c1f8aad209aca7dabbc1612,0.03125
edbd90a9a4d6874a1d7821663e5808a2,0.004032258064516129
bc3d0b227a2363b4cf90ceab8737f5ae,0.0030241935483870967
6426a1e30a1ef2b6686ba116e3a9ab35,0.007056451612903226
5fec7e85aab89cb842b052d2783ddd87,0.016129032258064516
ca6af2ecf5aca1d16262fcdc767f59d9,0.004032258064516129
9127ecb3c6adc4df3df5c016fe379054,0.004032258064516129
9533161ee73dd5ddcfe339d0bfb3dc17,0.010080645161290322
ee41a5674fc966638fc5c757d9bd8e43,0.0020161290322580645
a44e29d60dade8d31db449d8acc1e6a1,0.0010080645161290322
cbf2643d3bfe99560f04aa43b5976445,0.011088709677419355
e7b63f9f2ace6927ab85642d3d256f80,0.01310483870967742
5d691dea5bbe92cf12f84184e5811826,0.0030241935483870967
b319914d1c3f94c82e9bfa228ab1e524,0.0030241935483870967
444597aaf991fb5e0db8a51909d991e9,0.0010080645161290322
881b3d507aeedd71c37df770d6f445a5,0.0010080645161290322
1318668bc4a7839a4849d902264c62c5,0.0020161290322580645
d5ed6eed3c6849c723902a05b2a86154,0.0020161290322580645
37ed3ab97f28ca17db77142cc5a2f699,0.0030241935483870967
d0e283595316d4e77adc76654b595046,0.0010080645161290322
5e2ea20eda7a080298f3d58bad2ba951,0.0020161290322580645
701046a7cd816e9b74547594f878e32e,0.0020161290322580645
f3f7d0c5d1afcfdb0adefabad8a5d404,0.04838709677419355
8946bfb8eed3cbc101820f07e9ad563f,0.0010080645161290322
f94cc097cc5a3b09342c28c0ac1cf111,0.011088709677419355
7d53f4b6614a4bba9477e33a392ab454,0.014112903225806451
79b914be707cf84f19e7cc96d89d800e,0.021169354838709676
2b35e8c0c9144deab0d6584d96029f52,0.015120967741935484
90ab0c177556ec26ef4639972c367c5c,0.008064516129032258
94bbf525f25d64a8ef8f9ac03410e62e,0.0010080645161290322
e2d8aa25e511e93ecdffda92130218a6,0.02217741935483871
a7afea19e18742d1f98968e526a4d848,0.009072580645161291
5f5e749a21f7d1345d6b9235feeda1fb,0.0010080645161290322
3fb0983556a2af9d960ce90933431436,0.0010080645161290322
a23482c329af4954f5949383f41952af,0.007056451612903226
ada0cd4335bef30dfe462897f085244f,0.0010080645161290322
a560e987f4982bc9dc0d05b0e9b61659,0.0010080645161290322
b67d46bc1dc9469daeef4d09ac3aa19b,0.010080645161290322
4925bd7adc23abd7bf71b549da4b20b1,0.0010080645161290322
4916c3959d900dd856992bd4b23056f0,0.004032258064516129
37019d05b91157addca00c3ed371a3ed,0.006048387096774193
dcb57adfe6744137098ff426f0a2910d,0.008064516129032258
274c9ee9115f2888acedc777545ea634,0.0020161290322580645
d815c42722ad549edd79701f4b2e4a43,0.0010080645161290322
d68eccce2d3e9ca6e598137b41a0bdd1,0.0010080645161290322
ed00c385e5cf73b6eb3242fd7b2b40bc,0.0020161290322580645
8dd82a43e18f3184a4fe5c1059d9578c,0.0010080645161290322
3b71547663f1a5ab71ccafdd95c7d089,0.0010080645161290322
22d24ed0ab7cbaed5229d0def6ae4ea3,0.0030241935483870967
b7a3819e2d04fd41d72d567d42d948c6,0.010080645161290322
7d1c9e185071b82c735ba6d2d5ff9dbe,0.018145161290322582
48f535c51d5e60c238b9e626170c4df2,0.008064516129032258
5eacfc0b8bf06dfbc3665d464018c456,0.0030241935483870967
fe74365dbce3cf68d3f85a3a7d7b1750,0.015120967741935484
2764a9a2781995a3fc17748786b9d1c5,0.059475806451612906
0fb0f66b7e335cc4480b4f827e958ab3,0.017137096774193547
5689af09e4296d972cfc15f46f29b541,0.014112903225806451
3fc1e9026065d1a617b31068a1b2c7e9,0.021169354838709676
2f4a23ac0033e9857aa452fd6b524e9b,0.028225806451612902
dd2a38af80d2b01be0207ae58699a06a,0.01310483870967742
47bef228ecdac7414639faa890cf779b,0.009072580645161291
ee09e95e52b1b0b00a91de21afbc7b8b,0.01310483870967742
f60cdc7aab497e4182b623913caf72ec,0.01310483870967742
2ed770227cd480e8bf678f8ebab58f83,0.006048387096774193
cd430d115ca3465799568b7abce81e76,0.008064516129032258
8125fe2a8d6be15744c78441c84c6558,0.021169354838709676
4013dd22760837d8c5a9cb08147505e4,0.005040322580645161
9bcd7c35c1498eaad9a585d5f9f79c2d,0.018145161290322582
7eda356f427c7cc1d261609796871c7f,0.0010080645161290322
2abd4a069edfc7b0dae4c3e10ab09d71,0.006048387096774193
788e6a340bb2924f821cbc637c676a2f,0.011088709677419355
37419b33b0a4ca5d8dbbb7259451aed9,0.01310483870967742
dd0ef81a0a76809e4196bc926d2446d9,0.010080645161290322
ca6d333ea6f150f683b7bc9d5abadb07,0.014112903225806451
447e5a7ce59ffc7df04f526b59a44adf,0.0030241935483870967
c2d875820bda3d07a122b0494055cd8e,0.005040322580645161
1375e5ac8887022ce36bd925a95ab455,0.024193548387096774
f86e781b26002a0fef961f73a479d95a,0.02721774193548387
568d73e19e4ea845d8b1482414f81c5e,0.0010080645161290322
c0bdc9e3899cc12b4bd7742ef647e1ed,0.0030241935483870967
84afade973ffd72e8eb0af855580aabe,0.009072580645161291
619a9d6532272312bb7dc2bcc18d7dc2,0.0010080645161290322
af50afb24123c0cb2b04af187445d900,0.023185483870967742
7e98f2e128465ec6076836ed049c9cfd,0.047379032258064516
00a3a439ede3c3b9a6fce48119f30d8c,0.04838709677419355
927595ea47bdf88284a14c749be2e7bb,0.0010080645161290322
f97e224c3946da276440c4768e54c195,0.0010080645161290322
640bd63d9e21e1ede414491df2dda2c0,0.007056451612903226
e4207d118a1ffe33509edaf320ac2a7c,0.025201612903225805
73a1fe07ef2c2b25d6e399facaccb461,0.0010080645161290322
fc1e726754afb0a2a9ec7808072d71cd,0.004032258064516129
b078145e65df532abbf5286f36e6b809,0.004032258064516129
2a60599baa99139da2ab4d5f523c6378,0.0030241935483870967
d8304f618e92258074dc3779513fba45,0.0010080645161290322
eccb294d748e7d9b68ae3fcee9f717a3,0.0030241935483870967
a653a917532eef8d43cd5f0286216001,0.006048387096774193
9bb494242118acb43b114b8ef09f10d1,0.0010080645161290322
1723fd99281be01c2f739cad05e5ee67,0.011088709677419355
15d4527c5e27f5aa80849a0a6db04fbc,0.04939516129032258
a699e4f48406def9609e22155e741ebd,0.0020161290322580645
b4e9f9d426f776b13d30104761a9d586,0.01310483870967742
6c97b4dc4c92f023c76d967873bc34f2,0.0020161290322580645
410fe7ead063a20d1077f75dfd469c6d,0.0030241935483870967
bcb13c2f0c9d16d59a99c81ffa4dd589,0.0020161290322580645
951cb0f58d0460a3b063aa47ea39a456,0.0030241935483870967
a2d41699a23011a73ae827518fcb1f91,0.0010080645161290322
5918856a46c5a3f39d762a37f882e08d,0.004032258064516129
23d393a2efbe01a47abd61fbb603d502,0.005040322580645161
eb4676997ef064251d606e943357da7c,0.006048387096774193
5d6c01e3d892c9cd046868e2c4e4bec0,0.02721774193548387
d7f07beed6e71c7018d1a93bcf87cd6a,0.059475806451612906
2f18d1b9c424a625ad7a8e7ee5675736,0.020161290322580645
c1546dc0a28ca4d2461f311acb1c0099,0.004032258064516129
5d33435f7f0d268b7c20914c3603de3b,0.004032258064516129
ce0d31e2c490e8bd3205fd6bdb5f7462,0.0010080645161290322
faade28196f17c9432a5ac0817ac7aac,0.009072580645161291
23fc74b15cd026a3f16603568d04f055,0.008064516129032258
5b79b88486d3642167e7b79cbf2b0139,0.009072580645161291
500a9d29ccdda88137dd5aa9266139d3,0.0020161290322580645
c528286a01dcb344d8aa79fad90c985d,0.0020161290322580645
2e4f8c5e14c6e1a28bf0639af850cfce,0.016129032258064516
55993950ca597b6dc821765327bbf3b9,0.008064516129032258
9fd299dcacd853e3982e69952d2d73f3,0.017137096774193547
d031cd35ec5aac8a0a6fbdf4d8a06d7d,0.006048387096774193
d08e1ae313db4f2623854f3f8b19123d,0.0010080645161290322
7c25cc75aeff9e480aee09c4bea6ab0b,0.024193548387096774
dabfdcf87d7bac880ba4335c38319319,0.010080645161290322
f6b6a48a1fa5947df1a6a7ad92da9849,0.0010080645161290322
11e441509eb6346f1e9174300a600c47,0.0010080645161290322
3568e44c3f5ae04331c61c6bac63de7a,0.005040322580645161
3364d52fff129d5c133172b8421de6ae,0.0020161290322580645
ac8197d64b5608697396b40f036b3650,0.0010080645161290322
52bbe380059a2ebdd0bb94f3228e5fe8,0.0020161290322580645
7f3f26ad1df9b4a73d04f2366cce7c01,0.006048387096774193
8f37058e20b9abbba761b2ca339912ed,0.0020161290322580645
446ec4331e4894b14be920825fc962a5,0.012096774193548387
16d43ef16d670bf0463cf7e4927a828c,0.0020161290322580645
a2b6eb07b72913118771acc0af3df901,0.0010080645161290322
2ccc468dbb725244fda88fa1414acd92,0.0010080645161290322
b11fd0548675b5007815933be8f8b93d,0.0010080645161290322
2aa6d9da675ad2f9a26b7aa1b3af46b1,0.0030241935483870967
26eec329cfcab877a4e62dc2afbc7069,0.0030241935483870967
62d0f1b877de17946a536c7ec8b063f2,0.0020161290322580645
8a7673bc2180ffc0ad7c36ebf76dc0f3,0.008064516129032258
5cc75e53a75e67de4437c03c31258e18,0.017137096774193547
a58111a5f839637941c4ac23d20f86e1,0.019153225806451613
545625274b5f8372ba7693081b71aacc,0.0010080645161290322
561ae6ec7a87c0294452e82315c6f2cf,0.024193548387096774
e6bea1daa8f4a8776a50865d036c1b3c,0.020161290322580645
bdfe9a7dd9660d9bd50897da6847b3e5,0.0020161290322580645
a2c9070e6eb959e8e38de6c22bf86572,0.0010080645161290322
72ba0762fdf5308b06933fc577fcd7d6,0.018145161290322582
ccb615e124ff935f98cfb2a8637b2572,0.0020161290322580645
2462e9a22b18a02ac0cb7e14320dc517,0.04838709677419355
0034f1d298db54e35f24f8c838a2ba7d,0.006048387096774193
0fba7cbbbcf0b5233e13e70dc8434b0e,0.007056451612903226
d4e931fa13374eb113a0498341df4669,0.010080645161290322
aa0396e5257cb773a9cd86e4c78d9582,0.010080645161290322
2b01771d2c6e64cdac4fcf53d9745660,0.0010080645161290322
cfebfbfbfe0aa912722dfc3cd9eb7142,0.0020161290322580645
0fbcbb980b096339fd37ec0f18c87610,0.004032258064516129
3e3e43471907bb703bee577541a48c97,0.024193548387096774
0f4c0c8f5b94d285bc6f29f8e42595c2,0.007056451612903226
7c003d303ee08fe9cff6f34062312187,0.019153225806451613
9aa938782b5a785029bc12d4b3ec43b5,0.007056451612903226
051bdc93ee4445c49b6ea450b1f12238,0.0020161290322580645
affa69e8f473ace16ec813d6ce14ed17,0.0030241935483870967
883a45ded316426bd8363606e404eaef,0.006048387096774193
9957a4bc4407d2c3b297b6cd41f26a2a,0.018145161290322582
4435ab32aee57b940fe7f6ea3323044b,0.0030241935483870967
3d830c500f9523025ce14d0768142d34,0.0010080645161290322
2fb016d70ff5112379697847d8183f7a,0.011088709677419355
dffd92fa9d3782230d7a8b4b4507fbbc,0.004032258064516129
ed251ce449ad03751f1ce72c967db109,0.008064516129032258
bbbf68291cded77b8718afb106cbaedf,0.0010080645161290322
963a743ae3c730e1290a19e0887df0a0,0.015120967741935484
dd50a9ec9dc96bf6b0d9a87317cad69e,0.0010080645161290322
f40057e24fc669ca315074cd79b709d9,0.0020161290322580645
603a1525bc7604c4d6d94afa73300964,0.007056451612903226
170640d4f05399b5a44dd17fc5cbad94,0.009072580645161291
88baeca44f8da40f8087d200a835f6c1,0.018145161290322582
754bbf8a2a97f28ee4742749868af041,0.007056451612903226
6a746ad77d1024ef4458e5ae3e93b74f,0.004032258064516129
bc9aec26c7b72fadb13f0351df54eef5,0.0030241935483870967
96425cebc16c261119ce94676c24d34c,0.0020161290322580645
3071bb8a770601c3d06e78b53d86f123,0.0020161290322580645
c169e37b4b3d0c5a3ef9787349c1579e,0.03931451612903226
2558eb65ecd76e7935ea591b1da56f0c,0.02217741935483871
136dd8ad5273567aa900a6cb77730b71,0.046370967741935484
3949884728255889c0bfe2a6128f3264,0.004032258064516129
387157e1dffb414bbb8d39d89f01cec7,0.0010080645161290322
cc6195e6299bfc616d2439cd5efe1809,0.0020161290322580645
6156b491cc8405124bb2fe405868575e,0.034274193548387094
b5becc4e24e8bbbb0f9d219afa658494,0.0030241935483870967
d2eeeb5a82a58ab24d5c783426bbc7f9,0.0030241935483870967
53609d8db4e52b4f03beab3bc44ad5ba,0.0010080645161290322
a50c137bcef8084d5377b98d56adcafc,0.0020161290322580645
01ad82ebba7693e186af124d083365c4,0.04334677419354839
69b30c163abd30eff5b2b8c815c03fb1,0.0010080645161290322
9459df3cee2f46f4298731dd27ab5e8b,0.0010080645161290322
9f895937e3d7c7e380896ee09f0d8149,0.023185483870967742
e8e31329f2ad27412d09353299b5d877,0.0010080645161290322
029874a3619f65267e7209d20dd1cdf9,0.0030241935483870967
28d939280064f0042d43d4839f6f4982,0.01310483870967742
0b714db6caaf0919a003092f306f456e,0.0010080645161290322
041d6dba3af0b8c9c1a422ed942ee16c,0.019153225806451613
7fa68c46b87cb8fc334456fc14dfdf23,0.01310483870967742
9a87eb6dd2388a78ca914d0c109f2433,0.0010080645161290322
162c7ae1dc684b1769ffa348d920947b,0.029233870967741934
349c06404bca622dad8a8ac56dea6aca,0.009072580645161291
6422ce7e8c729a87fe2ccda6a21f7b30,0.006048387096774193
27af48701cc70a341088665869e7fe62,0.005040322580645161
cd02677412fd4b4311b3452fd13761db,0.016129032258064516
1ca5d5031906d3d71afc729853f0662d,0.004032258064516129
df1a7c40dc4b2b7e4736a7e9c5734d9f,0.014112903225806451
de02bcb75cac0ba7bf1766b35af72b2d,0.006048387096774193
ed795d6d7d871934f4eb046db72f471b,0.005040322580645161
e459236dfda422f24e34b9b22087f22c,0.004032258064516129
566b8476974ba5fec5a2d5e0c9c07b3c,0.0020161290322580645
cd7ecbd97aae8d47d4281452e8631e7a,0.0030241935483870967
84803382404cf89f6d2ba624e6075b9e,0.007056451612903226
aecf8c02ec57a5176570cdd339311462,0.015120967741935484
57cb4453c07b4e4489e7bba4aaeb3359,0.006048387096774193
0c7ad54e2024a41c5e413dd917e11071,0.008064516129032258
8b82629c4a9f73732541b3383c9caa65,0.008064516129032258
a8f23a3104a27df5d65e10bd749656bf,0.004032258064516129
5fe77cb629051265e7114bbc00df180c,0.009072580645161291
218d3fed8d4949cfb1364509c74507d6,0.007056451612903226
c5adecb440a6bac201ab573ccd2d6dda,0.006048387096774193
e9bb650a19721c5514985ca543ab98cf,0.006048387096774193
33b601a7a8295e7a6c8f413504129220,0.005040322580645161
5f931ffa88704abb89fe78e55bb1488f,0.008064516129032258
f106058c419733cd0cf9687b906d502f,0.008064516129032258
24cbb0da5567574041385f5d5b05ac77,0.014112903225806451
ad2b5f1472f378ea7ffb571a3313af53,0.0010080645161290322
870926ee9ecd0e11bc82fb685cb38b38,0.005040322580645161
c9a8781ce4e0f40ecf5ddb308c529edb,0.0010080645161290322
db225248f5bb5db59bf0d382e580e1e2,0.0010080645161290322
08b3f89a89a42d4c677dac217e882e4c,0.012096774193548387
7ddf93ed9c9a60f175c9ee0b51d2e1ce,0.0030241935483870967
f8c1561118c2915ccf4feb455bf31acb,0.0010080645161290322
f5a728f5896d099e90408a9af6abd2b5,0.008064516129032258
387aec75c89b4ba26828354fceed6948,0.034274193548387094
4d4a971a5b70de2dcd843cd10beb1418,0.0010080645161290322
3d9838f12f6ff5591dbadeb427a855f1,0.028225806451612902
298d7d38b904e03d6438bb7e73935c40,0.004032258064516129
655ce0c872e923991340697b796d17f9,0.0010080645161290322
860457fa7e246f796d161d5843febe1f,0.0020161290322580645
7298deeb7228422d7c7d0e3c99b1ab98,0.0010080645161290322
032ff9a430a7eb73f65af63a3afc407b,0.012096774193548387
e4d030d3d46305a11c36b9c46a62a6e2,0.021169354838709676
e0231dfc02a9fdb193be44ade954ada2,0.0010080645161290322
d68b871943115cd0287f58f3c67877df,0.006048387096774193
3fcd48167e4987f78bce5fdb0daf2fa4,0.018145161290322582
415f9b3d9bb777a1733eeb28842aa9b5,0.0030241935483870967
0df25c1dc3e0b9a1a313632792029cfe,0.006048387096774193
8bee5350ad0db83a606ae0f51909ef34,0.0020161290322580645
98eb02e03bdc5378287839c2bd7f4f7d,0.004032258064516129
4b87942673b5fff0254af5157ad75d99,0.0030241935483870967
72841719c2b003e3b8bfa9ac917a731f,0.006048387096774193
a244b29b95bea170c2e8a5ebff6d0a09,0.008064516129032258
7e0263265cd60f0244e3a45b50133fbe,0.0030241935483870967
6aff69d399768a3d59661a3f406cc9bd,0.024193548387096774
72274b20ca24e286cfaf2e3d3781ca91,0.004032258064516129
07cc4abd75f37379ab82859f241884da,0.0010080645161290322
2a10bf4ed04c4ed9b352b3edde7f8675,0.0020161290322580645
d526513a0a67b0c7518ccbd261890169,0.021169354838709676
d41d78388c43087f5d51c72a60b2a368,0.01310483870967742
60b03115c917d8b4d2249017c21a2042,0.01310483870967742
8152fbd363ac4f2ae93f45a47bd66233,0.0010080645161290322
46228be32f519888bb8a3ae5a29e18c8,0.0030241935483870967
5a152e0b34d9bf3b41fe4767e902f5dd,0.009072580645161291
fb1a3f3e7d2e8d87041734ddc32ff85a,0.0030241935483870967
b06f04e536a35006e317b8a92047e1a2,0.0010080645161290322
14deebbc9f4e928dbc629b500a7b070d,0.0020161290322580645
7ade692ceda2160de33faa3b3b4c7126,0.007056451612903226
ec4de54ef0f133833736bbe7efe7a868,0.009072580645161291
c4b11e3e5340bdf421aeb4ba0aff0269,0.005040322580645161
fbc37031383240dcfeafe2d40b613f83,0.010080645161290322
919cfcad5db9b8e2f780d5d8bde4c145,0.009072580645161291
eaea5d7b84c08fdef5d8ab40f707e37e,0.008064516129032258
bcb6fcc8c7b4a4b12502ee2263af987d,0.0020161290322580645
695d82dbd832ffe52b47dda5f71d9ec3,0.0010080645161290322
67ec49399c4e7ee0fde9ffa6fc80f5a7,0.008064516129032258
a91bba45d5b801829efa6803989cce46,0.0020161290322580645
84c098e02ab0f307be47bd7f75fee4a9,0.0010080645161290322
549ee024fd109b9f919ccfcd90380083,0.0030241935483870967
a6fbec2901a2c5e18122dcdbd43ac2aa,0.005040322580645161
6733c777bf484168fd9a4094700bee38,0.018145161290322582
a374ea82a2cd9112b79a492d2d440eae,0.011088709677419355
fd90256df4969e8d5d50e537c24cb8c6,0.004032258064516129
5700208bc7932f5c0a4ed2cd487d2e53,0.004032258064516129
82d25f4f1e217030ce609c5c03ba0868,0.004032258064516129
b684bb83a0522c6f404984bb7315aee6,0.037298387096774195
63132ffe64fe5b52e1f12eff04ea8ca3,0.0020161290322580645
b99d532b5e1bfef780ca08b9aeb269f8,0.011088709677419355
b63c4b9daf2190d9bbcf13906956fcdb,0.0030241935483870967
6aa771cae0d889a4093b036e801c6ce5,0.004032258064516129
8c978334853d838c8ae8d818388b5ed1,0.004032258064516129
767339eca2a46ec060bbeed8dcf4d52d,0.0010080645161290322
8dbed067da06601dd8f15457a9b6cc23,0.006048387096774193
d9e2da2e3df671722e21f593314f885a,0.019153225806451613
103a5ae762a04c510ec9a45c57798294,0.0010080645161290322
0a5ecb714cfe0cffa38d9ce40748c5e5,0.011088709677419355
1f772e7a54ef24a6579c5f8178612712,0.0020161290322580645
15a3596052cdc800ee47330e0793b78b,0.0020161290322580645
f94eeb84a8ab5049e8e0cbcc078de30c,0.007056451612903226
86b6c01ce757084b0e5d11c8ab7f129e,0.008064516129032258
c38ba56ce87d37cf8f02740afb765f87,0.004032258064516129
509652607173b2660d9b8ba35462cc79,0.005040322580645161
32d9ab84e859d48f487b790c58e98234,0.037298387096774195
efda9f709086f23c4932f34450fdada9,0.02620967741935484
ae75fb3c49ef852c22b935c9c06aaffa,0.0010080645161290322
8418d3280d9e592b65715d92532446c9,0.0010080645161290322
7be07ddc566bf34509d50620b28aa76b,0.004032258064516129
4ccd27a611750a28873d0bf80abc7037,0.0020161290322580645
3174bb65e522a0b7b1e9530c6af6b506,0.007056451612903226
c7dcc9bde17e90336e5a0ec62a022af3,0.0010080645161290322
9a75764782a384ce3b83e019c8b2dd94,0.02620967741935484
e2bf5a8c1878477d542ef764b910e5a2,0.018145161290322582
48197b96d0b62ce3b9379206eed0f6a6,0.0010080645161290322
b0d556c24ada687394616ebb37ee04b1,0.017137096774193547
93466a2921e988ef1f9e9494ce074574,0.0010080645161290322
d509d2437b88020dde71e76cd3326e00,0.015120967741935484
e85d78b14341f89c215852546c56d34a,0.01310483870967742
642869b814a341c72d220e6b485485e5,0.038306451612903226
dd60c38bd70abf49b85471de6317bcd4,0.004032258064516129
bf1396edf82991b9bf52261622d17abb,0.020161290322580645
d53761167a40c21cb2790981d6550e8c,0.006048387096774193
747b12987b4806ac425d87828f61056a,0.004032258064516129
e0136d33f415960cac7aa439fe522aa3,0.006048387096774193
a6a087efa06dbdadeddf4524492faf06,0.0030241935483870967
2befcf90d6fcf037ae4aef87839a653e,0.0030241935483870967
20ad82385d93939209020556a55a2b24,0.0020161290322580645
d4adbe4d070424b677f9b942b12b82f0,0.0010080645161290322
388d85ab231573c7dc774163e987b372,0.0010080645161290322
122473c2de901eda306bd7f30057e7a0,0.01310483870967742
5a783f40ba296a84171e409d5a76f016,0.006048387096774193
8f0220db68d0afb9d0759d4c0522be22,0.0010080645161290322
3f9681bc6b6b8e238041c0d16644bb4a,0.010080645161290322
2db93a2e748ad35bcdcb10279c29536b,0.014112903225806451
a05380f8f16f753fea50a264e86a6e01,0.008064516129032258
711569744bfad768d46952d62d4cc4d9,0.009072580645161291
8d032888e6190437e2d2e859ccb72e56,0.012096774193548387
b415e27c1e6ddf84262cef4e186f8534,0.0010080645161290322
275fbbe0d323941bf2a71979cd2b9d0b,0.0030241935483870967
2ebf256fc18675addc9bd82c50f8c28f,0.007056451612903226
74a1edeb9395aa30946482291cd1a81e,0.0030241935483870967
7749b705b86fd8b6431579daa33a8a42,0.023185483870967742
9bcbe273447bb9708adc10f97c80722f,0.0010080645161290322
c5f3e82f4f6521426dfeb43baf7230f6,0.004032258064516129
13e9c9eb38750529c3ebebfc18bda1e2,0.005040322580645161
8715c6d7a0f54c497d42b15b60b22a62,0.007056451612903226
44ee7b193df241d45bf31c7cc3de714f,0.04233870967741935
1c78d2953f28ae3182509e490e2d04b4,0.011088709677419355
d88163354d7ff14b2a8570aad036e34b,0.015120967741935484
3ab478dc774698160752d65d58e108ca,0.012096774193548387
a9de01cf1b7f7f992350249b3d048183,0.0010080645161290322
feb25ce582b38c9266f32d0f725b0364,0.025201612903225805
73c7bfcb93c50caeb0d5cbbf5d748b5c,0.008064516129032258
9c6e271c7b479d5b2a810beffb57fb9d,0.010080645161290322
3e161f41a3993565258bd537f8fd64df,0.0020161290322580645
34ff315d92aa5e6b8a171c24154bc0e9,0.0010080645161290322
c8acb8dbf1ebdd469009a4ca843a85bf,0.015120967741935484
9309e20e4e6c8df41208cc1c72c69088,0.012096774193548387
eb41cc1f12c254c235592538b3607f1a,0.0030241935483870967
914bbc723b54f97197e6c62d3ed5bebd,0.0030241935483870967
5b800709d1f6d05add4cf60e786e26be,0.023185483870967742
bedd82dde86f1f7b57b6f3e7e7bcd8c6,0.009072580645161291
2bf558a8ac40b8c5e65d2a59eb3702c5,0.0030241935483870967
833e254695bfead9e18463391f15e1be,0.006048387096774193
16c38058af03aebaa769f2592c43cf8d,0.01310483870967742
65bd2dfc9e729042b47ea564a0f1baa7,0.0020161290322580645
daf8e12aa387ffc518759564d6bfdb76,0.006048387096774193
6f762751b6f15b17f58fcdb2b583f885,0.0020161290322580645
8a2790c0f86504a3da40dc88c77df0ca,0.008064516129032258
bf850bdc922b7dc8b7d02d06405a91aa,0.0030241935483870967
bb2c7a333876b71ab76a84e3d817c8e4,0.0030241935483870967
a826d2894dcfc0e6ecde62f86c2d272e,0.0030241935483870967
4bffeb9d1d9fdb001a8a7e14d00d70ef,0.0020161290322580645
2c48978bae3377282a14f41b6e0f9fc2,0.014112903225806451
6f7f20274fa9f85c1abadac453e6e926,0.015120967741935484
e5aee2abe8013a29bb6fb9c9f5c6362c,0.010080645161290322
433b84d5b391a2dae53b37731985904f,0.0030241935483870967
f66f4c24234250313c7d03b543f6a173,0.0010080645161290322
f73a3b39cbb4a3851366fe496b980a2c,0.012096774193548387
b9a85e50011e2235ca16585dba07a08e,0.0010080645161290322
e8880f90dee91e37cde08f83bb703532,0.0010080645161290322
457286253840337cc12ca4ccbb633cab,0.006048387096774193
9223acd9fc9fab672530b3488792dcda,0.010080645161290322
bbb0d2a64613dd65c7d2a631c3fce403,0.008064516129032258
10a9a0887483597b71cffa08dcda40de,0.01310483870967742
5337c2b23d5094b998d2499c2ed82385,0.0010080645161290322
93626d403fa77b19f6e39e4b855bdb7c,0.004032258064516129
8b18d99b5eab757c2616052b408a915e,0.0010080645161290322
edd77298581b62d074b0076761638438,0.004032258064516129
d57e63d5195e0a2edef3bb5bbe0de08c,0.0020161290322580645
786ae84ece040b4b93caf19d49e72d62,0.005040322580645161
7cb923e0db96c1e7006d5d2829e5189a,0.0010080645161290322
632cbd7d0393457fbe3a57ec385b9699,0.006048387096774193
3364f2c75ac8617bf29de0f726edd917,0.0010080645161290322
b0ff7894c53307195cf31c93542e9193,0.015120967741935484
60cd5fa3a91c88fe8acc52278b8417db,0.011088709677419355
590db7701a5a10d64d8865819c66bea0,0.0010080645161290322
d595ee444e3532d3272a43f86442c7f6,0.004032258064516129
a6fbd8694a98e692c45565a94bd111f4,0.0010080645161290322
2d1a30cafcfe787de05c787e93152c1f,0.011088709677419355
75e094b19bb66f0a27a5f8ed46f6c37c,0.019153225806451613
7828334d4d839d77949da166b9e70326,0.0010080645161290322
3b4ad44bde5baa4dec62ebe1a6c189ae,0.0010080645161290322
34480c4d5e1261a1e8d0ed1193a04458,0.009072580645161291
0e6c9358ada25fe3eb3105faa63677fb,0.007056451612903226
8e6e925baa81466352ff781a289e188d,0.012096774193548387
27a65719a06ee27a18b8a682aaee611c,0.01310483870967742
4a88fca20e540b7a5f812b45a09034bb,0.004032258064516129
00b36c8aadb089fe58224b4d70bf22a0,0.006048387096774193
82436212fb0ae51f0aac5cedb2686ea7,0.0010080645161290322
caa3f3255e8ae46880b3ef499f8c7ffd,0.0010080645161290322
b464910937c81317527774d9a4117ec1,0.0030241935483870967
a264ac7b74a7f831703b9f8a47ee6270,0.015120967741935484
8a00e4c37fce141e24e9e2a54cbc89d1,0.0010080645161290322
273d91b67b50ce76fd6f90b7287a7669,0.0010080645161290322
e98044b765b55f64eaa9ef9884655f84,0.0020161290322580645
671c0b2cf40d8a494ec314b473f5e1c9,0.005040322580645161
273d1b2943563aa0df62c4b017699d82,0.0020161290322580645
3dea562b9b2628cc82ca21df87dfedf7,0.0010080645161290322
679662406f8c0b348d2521e66d19d3ef,0.0030241935483870967
1b6ffce30e2d3ca6832bf279aa33194f,0.0020161290322580645
d6105bdc80d5744fbdb4d07fa7233078,0.004032258064516129
aba754e3db2503800c17f89e7317ee57,0.007056451612903226
53f8fcf1214e832b837aebf2c20b3d6c,0.0010080645161290322
1119edbde89b2630173b916ad545a42d,0.0010080645161290322
7148a78cc94624210b995bd6974cfda8,0.0010080645161290322
153d64b01b70d02962787f0c70f6c778,0.007056451612903226
0223084b43c838332fb08fd337b1c690,0.0030241935483870967
3e4d8e36150e165963127273f388ef92,0.014112903225806451
3738c4f0aeafdf85ffae8de3ebc84ada,0.005040322580645161
80e9b975f070545ea0022b3cc8e47bf3,0.004032258064516129
c248987940b90e48f2ecce99e5f38fec,0.0030241935483870967
1488a7a8f0d1f68f6d957d0405bcd4c5,0.010080645161290322
c1d0a1a84be7cdef6dde89d2d769c765,0.0010080645161290322
bb6fb80ca1fab012d5b184ecf16e5939,0.0010080645161290322
64a58201846f36a4bd97953290431329,0.006048387096774193
0a45f34a5b175a95da24653c6e1429e6,0.0010080645161290322
f433108ebd41703f56168b86d4c8afed,0.0020161290322580645
be2cd1a91d0122bb95859b5639780352,0.0020161290322580645
f2ddc9897705a6c1e7e5e5d0811f53d2,0.01310483870967742
da0e3dea57d111e09b18063dd85e2484,0.0010080645161290322
dc6eb4c0a6f13a8c4635e14e69012019,0.017137096774193547
97172156a307a221c45f1028b4a28afc,0.0010080645161290322
51525810a933e2970021c47d8e6e035b,0.0030241935483870967
f8578bee81f8530a6b43bbbfbbf5182b,0.004032258064516129
d54a358d2eac5967f244cd66aea81864,0.008064516129032258
fd4d5e104a3e12ef85dce0fc6dae3ff6,0.006048387096774193
e92d2c22a444e91213cda6e6ccf9e71d,0.0010080645161290322
3743aeb66d9bef4078d6b05a7caa2767,0.0030241935483870967
f78d90282f01056a3a57122b19d52e67,0.0010080645161290322
5a143168af8bc41b7040870bcd05f879,0.0010080645161290322
63da1f7c92dc707005d429b4e6087f63,0.011088709677419355
679084c32b287c953b87f7405d248e28,0.006048387096774193
4c657cbeed1e1dcbb68d63c3409bbe5a,0.006048387096774193
fbb7800e7d1c58fb50dea463b32c2bd4,0.0010080645161290322
168b91189b2e8a40fa2d5926d7d48b66,0.0010080645161290322
ac31f84dd0b668baa1e719e6358d67ca,0.006048387096774193
619bcac63b9a3b4069123bd4129d8a25,0.0030241935483870967
85ec58013e9394bb75a86fadf593a92c,0.006048387096774193
e444554519d8bad7d71506b14265b2d0,0.008064516129032258
48ca1cf6e1bfeaf343725f8b0bba4633,0.0020161290322580645
8d06ef46f96f6d86edf20c1a2a5ccaca,0.006048387096774193
4fa744715eb33645143724d7520c143f,0.04133064516129032
78f8ff82f3549db65c6145c0fc811104,0.004032258064516129
47c322b9d6230ee4f8f84f88ab1aefeb,0.004032258064516129
b411f141f5453f39a7751da255d44163,0.017137096774193547
4f67f02f29b484f0601c8e48ba173ebc,0.011088709677419355
871a9cb81a17370c4996b151d222d23c,0.0010080645161290322
3974f4204385c3dc7a53fb8fb8cb9eaa,0.009072580645161291
3304df7ba976852d65ab2b3bc265e6cc,0.0010080645161290322
32f5b10e06e8e51e601b4923340b818b,0.0010080645161290322
3cd62a8eb70b9fd2d002ada1c37b561f,0.0020161290322580645
c84f387825c3c1026fe1fe6e992d569f,0.0010080645161290322
ab48f92b20a15e9ae250a144c7788297,0.0030241935483870967
dcbb873e109b64ca2f6dbc8bac302127,0.005040322580645161
80af9503b8b5343a19e5e95f8234551b,0.015120967741935484
68330c72652028767642bc28c29bb0b3,0.0030241935483870967
6bd6d7eb325a0775e95f3f1aa1c319fb,0.0010080645161290322
899c988a4ea503d20c03c9462156a97a,0.0020161290322580645
6aa30f7a30fb840f06149cc750202597,0.010080645161290322
77dd71acfd170a9a75ec88d777517241,0.0010080645161290322
a0e2fd703e513bd38d420942dbe62a7d,0.0020161290322580645
9e84c3686d86fc84b2dfd0081183bb9d,0.015120967741935484
5b4dc2423a0685e398d9b52510895fc3,0.0010080645161290322
80674654345078c4f8353e6287badc34,0.017137096774193547
62a4c52fe7272204244b981cc67cf837,0.005040322580645161
e4d186174d59fb5788658f76fc9b7761,0.0020161290322580645
8b4ba37efcde1808f6574ad20a855d14,0.0030241935483870967
ea798f6ed4758e65298a7de300fa5f43,0.0030241935483870967
5a9afb42ea92048a228e47140f71e841,0.0020161290322580645
d0358b50f26b3b3651d4d101485f0976,0.009072580645161291
233b5a8467b620e3c5a31595dd748ff4,0.010080645161290322
1f39ab3683da23b6fe2baff315b4d193,0.0030241935483870967
fb7c2f3fe6b1e6e9bc8a7a1d715418eb,0.0030241935483870967
a51334db748f9d52b97ff2445266c21b,0.0020161290322580645
389bd6284a73a7952f37b2032231f544,0.0020161290322580645
477b7e4d29236b275a11233a893ccf53,0.0020161290322580645
478ee9a8626b10a57774b81c443cdacd,0.0010080645161290322
4c032a0081226fea622912b09393f3d0,0.0010080645161290322
4aa7c6ea01b60e640358820081a01edd,0.0010080645161290322
aee20037f5ce834436015ce692667828,0.0010080645161290322
668fc258ff09ddbbb139bed85ab1951d,0.0010080645161290322
492c9e92acdb93369fc7f09acdb53f34,0.0010080645161290322
6581db2be788cdf91d72e70049bd4ac4,0.025201612903225805
999575da58ab2b985506e6d9e4817a3f,0.0030241935483870967
4befb80c339cb0654d4ea1b632bf5a0e,0.006048387096774193
2c363f902079bcdf38f86ed80570ed49,0.011088709677419355
c2afd208cf3d68d0fcefec860984e37c,0.0030241935483870967
07b0ea066ff0c7fc158a0e3bca5b45ec,0.0010080645161290322
486bb6ec98b4d703d6c189f9b59c6891,0.0010080645161290322
739467779a9103ccbfb2eebdb32549f0,0.0010080645161290322
a41805dcad0a885bfdfee6cd8e899c7c,0.004032258064516129
87ef4b55077a5093f48aec00a8a4f483,0.0020161290322580645
10b8dfc474e286202f9b1954c99325a7,0.0010080645161290322
98525b51f61996be52c2ca60d3a34d6d,0.007056451612903226
4dd733896363dcbed73e590472990adb,0.015120967741935484
5c1fd33532572d491d96640cb1becefa,0.0010080645161290322
cebd1b49e8ad0a6ad08f4e1df9971c29,0.020161290322580645
a22eed0ee1d6f2bd081ca6c6b7d13450,0.0010080645161290322
264ad8ca4ed1d6f580e01034ce33d0b3,0.006048387096774193
3d594b1673158adf82095866a5d9633b,0.006048387096774193
c492de42a100746b833a7d4b69cff7ca,0.01310483870967742
3be122745740c55b7bf21b6c0814a215,0.005040322580645161
0dd7a6812295833ae4431bffd0f014da,0.0010080645161290322
4c80972ac38df8a936a9b49598b7044b,0.023185483870967742
832eda2cc8fd2fbdc64b6310495dcaa3,0.014112903225806451
85c078800eb963e50730a859ce9b2377,0.004032258064516129
cd2d49613acbc32cab2aa14313571730,0.0010080645161290322
f537f320f196c0f0ca347cc4b9ebaf1c,0.0020161290322580645
f68ce8477db7397291d0e43450670297,0.015120967741935484
42ebf6c9db359117459fd53ad8487311,0.015120967741935484
0b5933c882a8f24029fa2f7b2d1c11b9,0.0010080645161290322
cf8ae98023c40594699df21685a0244f,0.006048387096774193
5be422497bd55a36632eb46b1a461c27,0.0020161290322580645
e0f9580f067e4439c07d2fc9c48f1974,0.012096774193548387
55ee738290bcbcddaf6079b137e8e8b8,0.0020161290322580645
275d28fb956937a3b63eb13adb44259c,0.004032258064516129
852377f413a803b012bb599cfcd7b693,0.0010080645161290322
493a585ecf0cc967671ff0621cb6bb10,0.023185483870967742
af6c4a40d5db483c2eb6d02c552ff0f7,0.004032258064516129
398fcb7395db32c5e81e19d8b53d53f7,0.018145161290322582
66b2cc7a1d96e549059c5a5b59eb9e6d,0.0010080645161290322
810adde45d343803dd2b77c30e6b528f,0.0020161290322580645
0bf5de6ccde4c5fcf68d8b5553cc775a,0.005040322580645161
f97fd3a578b970a58faf71ae53fa32db,0.0020161290322580645
2255dafc8973e387d1ce15ffb7558a05,0.007056451612903226
68f937e3f3718426e21ff046db6822a5,0.023185483870967742
bbeb7c9cfe3092c6945ee34e169371ae,0.0010080645161290322
f5ede5d1eac0ed2243ed8ed62d67a75d,0.0030241935483870967
070a06464a5cb116d3ba62cfd6777f1e,0.004032258064516129
08fec1d4b777d1deaf0e3fb2e79327fc,0.0010080645161290322
923995951d175c39be2b7ca5b785d7c6,0.0010080645161290322
3d24d6f7af4a1fff712df0ce1a099346,0.0010080645161290322
ba64435fa4cba2ddf83d74c0a2e5a288,0.0020161290322580645
72df3af64c288d1e9643fee74c3ed82b,0.0030241935483870967
dbcc9daf3880e3510499b4b0b5c350c1,0.0010080645161290322
6477dcee5441d04c6726ecef30a77c23,0.0010080645161290322
840c80dc4fffc7ec1963856bfdea30d0,0.0010080645161290322
f31ac04c4b89a126b2406e811dff97fa,0.015120967741935484
372f60f78b3018593f05a9a6c30275af,0.02721774193548387
596993adb084f96f55c7386f85ab2234,0.0010080645161290322
6b9011434a3f8caae8297da4718aae7d,0.0020161290322580645
ee0ee17c0a48929adf71aa5d76411ca8,0.0010080645161290322
a5664ad16586345171d4d3f7a717bc10,0.0010080645161290322
1fa7accff890a09dc1cdebbff4085870,0.004032258064516129
e7e74960c5ee1984f2e60f99081a368b,0.02217741935483871
c736e171272d638fc5f9021eb914549d,0.0020161290322580645
ad137a6bbe54246091b32a9b3d908b73,0.004032258064516129
c3f2bba2844dc095e5a1f04fe4bd080b,0.0010080645161290322
f3f1e26565b513d11d898a9a99c9ca35,0.007056451612903226
a1ea3d4d10b7f90469191e7899ce3f04,0.005040322580645161
3344aa675272178827f397961794ff35,0.007056451612903226
44aa75e283ca919ed573e50c846a4ca1,0.018145161290322582
37d748b0279fd55ccd64b148d0d9035e,0.006048387096774193
62778db4d3d1b2baf8e37427460c5af3,0.015120967741935484
26146a740c35509578909ad7870d4803,0.005040322580645161
3ecaf3fcc6c61e8634c802cb9fb9eea6,0.016129032258064516
97884b5acbeeda80194c32d80d6e73f1,0.009072580645161291
6a45fb952d4f9c2216a286f84ff16b7a,0.03326612903225806
12519e9e730ad6d19ae706f06281344a,0.0010080645161290322
e3f27442ec3c0dcdce8eb9456e45d964,0.006048387096774193
0c6284e6d2f3cc38028e91316cf593bb,0.0020161290322580645
f20b849125c3ba195ef200b996e813e5,0.004032258064516129
067b2879909476e98fc23788341cc7e2,0.0010080645161290322
11f5279701d480ca716cf2714bdc4b76,0.0010080645161290322
78f10d6452b5f1ee0ca8613486706b91,0.019153225806451613
dbb255422bf61ad5400905ee1044e88f,0.0010080645161290322
a186a80c63b47782ee13e97ff34a388d,0.0030241935483870967
8f5aaf75c27d5b959e094550349122a4,0.0010080645161290322
53668ab088d92c4856914e433447af5a,0.0030241935483870967
f85bc18cf6b77b972ceb5d19cf574fd9,0.010080645161290322
c449005601abb8820005c7905aa8b3dd,0.0010080645161290322
9dc257a1ba2666f6ec4dac72fc454f4a,0.0020161290322580645
f6fff14f51af5d9aa25e29871d0687bd,0.0010080645161290322
adcc0a07cb16ca7dee83714007e71205,0.016129032258064516
b7d161ba662e5044f7904ff37eb40d38,0.0010080645161290322
f201008c3b43c1ddb6065beca1500557,0.038306451612903226
6981ef29cf7e6d1ad4ed371304eb27cb,0.0030241935483870967
acc1f3d4bea1ebab78262e0c55607159,0.009072580645161291
88a886792f3f870b165423ea168f5e2f,0.0010080645161290322
635bc6635f43817597fcf6edf9cd75da,0.0030241935483870967
411892a8cab4f38ff090506362744ec6,0.02217741935483871
4260a8289f41b7c46d44feda2f74b148,0.0030241935483870967
765550597ab4dfb943ba4b1c1ec61f27,0.018145161290322582
83aa3c37774b8e07aa803a139619e81d,0.005040322580645161
7ffe7cbc8c1fec773b0cfa62efc0f4da,0.008064516129032258
3bb08ec74ea844d42fc892c11a6bc46c,0.0020161290322580645
9d58ff62315f4f7788a08958d3da7954,0.010080645161290322
a373ef5168d59c02191126b26e4cd65a,0.008064516129032258
44b73ee0453710b168dcf566b95aa3a6,0.03024193548387097
2695dd55c9b7305e94aac36d4759bb83,0.0010080645161290322
c173f8ebe4db5c0024bb5954d2c2d020,0.01310483870967742
8313d6162f7d9dc8cd064b0ebcffd635,0.0020161290322580645
672ae9f427aa6570dbb262be020a1476,0.0030241935483870967
6ef25a089e21d78ca7c2e839cb6602fa,0.014112903225806451
23a1f5082f35b3a67c70cf403a44e115,0.0020161290322580645
ebfe3d6c1ae9eb8f86904f35f766caf8,0.02620967741935484
d6379ddbdb6c47c573f7bb5d235400dc,0.004032258064516129
6de7438c363db59e323582dc6f820d38,0.0020161290322580645
edb8715510a0c61edd6aad6b0f88df7b,0.0030241935483870967
a00df93ed6e1b351e0f8ea71f10b8324,0.005040322580645161
d08fba4c05d6d9480c37abf4c221e172,0.02217741935483871
d9a4fd5f7177e26b6c71ebdae59e392e,0.019153225806451613
50c9b82f7fbc6327f5c04a43a966e664,0.0020161290322580645
05da0065437659ecfb95c5d2c5094174,0.0010080645161290322
a4f59658b0b0f0215f2d23deaaa1ccf3,0.0010080645161290322
928623c1615b622634520e1127a0f839,0.007056451612903226
67716decb7598970da21cbfea7d49df9,0.005040322580645161
261f28fe5affb9cce2203ce2935b475d,0.008064516129032258
d529d6191a3ca4391504f3ac3815b339,0.0020161290322580645
90ec9bcd57a679cee1bd1a71119d45e0,0.0010080645161290322
109766d3b049ce34d9ab417a635beab1,0.0010080645161290322
31b63eead8ad366231a2fab738667bb4,0.0010080645161290322
4e2d8f9cdacca102b6b6422a71a54d83,0.009072580645161291
c7f5927ff5219060674293aea81df8e7,0.018145161290322582
6ba0283a3dbe21a6a39342e5742b83b2,0.005040322580645161
467fa58ad637f123633ecf3cd389ed36,0.0020161290322580645
917fd371d6de2aead4e7d8258eb3f2e9,0.014112903225806451
385cee68f19b9f08e237b42adca6b4b1,0.007056451612903226
b6b755c3741ca4e4f3796ddf16aedf3e,0.0010080645161290322
209c97f9fbea9c1754662988bb80d6c5,0.0020161290322580645
8d065aa21aeefc9b2c7f66caab6cb6e7,0.0010080645161290322
c02fc6e9675fcfb3e2905d0da190fd48,0.0030241935483870967
0c287ec760af7926ee42467adacc1f8e,0.007056451612903226
cfd15b24f7b01cf5df0f0d8103a2e0cb,0.011088709677419355
0d64b77719d33ebe25b562e2736516c5,0.0010080645161290322
a652e28eba72d8dfefe027a55fb5e146,0.0010080645161290322
1afc23e22e728a35b4bee81778301102,0.0010080645161290322
3df983a85f15746dcf06de68576ff26d,0.009072580645161291
dd34a3bcb2b61124dd520dd988f828ee,0.0020161290322580645
fe0751c9e99ab5bd080f466a5d1ec180,0.004032258064516129
aa03a8d937b690ad6565f499966f4a5b,0.0010080645161290322
82840f029c794501c61950044649d5ad,0.0010080645161290322
c3c2a28bf1fdac927e11e4c8337e1d67,0.0010080645161290322
2b4605c0008521656f0318f80ef71ae3,0.0020161290322580645
c8b93b3ac45152e0e13c59fbef619874,0.007056451612903226
6841ea15557750e6a7c420769d8911f7,0.0010080645161290322
d7db64e43681a60027e34ee03641d442,0.0020161290322580645
f44e7b3ca62e7aba348ae00643526d83,0.0010080645161290322
5bafb5b220676dde5fe4b9e44a25b0fa,0.0010080645161290322
0e0dab6598b6bbe0a92bfb64ec1f6ecc,0.014112903225806451
ac225143bbd52fb38aa124b9c4c89464,0.03125
ced8957e5e5c9d689a0a6f47c6f4034d,0.005040322580645161
3700efea189052c8c8afba3295a80dba,0.004032258064516129
32bae554bc66d4e3d70be1160a4e3fb8,0.0030241935483870967
1d1b766d88f16b6336bb9fa06683ac8b,0.0010080645161290322
49e23d27625a84327a86b325657c8459,0.0010080645161290322
affd4307d1e96a41229f2a164205b4dd,0.0030241935483870967
b7a54772626f6a818cbe216df42b9643,0.0010080645161290322
9bbff59b3c1084173c4917e136b496fa,0.009072580645161291
9276e998660cbf828b10c130cacd7d3b,0.0010080645161290322
345cd6dd7fa4aeeeba02d644631a88ed,0.009072580645161291
01c9ffcf7e3c289270d50794198b78bc,0.0010080645161290322
7a86b9a405bf5a9a5d3f8fa2e4a0fa28,0.0010080645161290322
c02861d21678f77da357b687133587d1,0.008064516129032258
a50e91738bdb9c4fae40df403c122ec7,0.019153225806451613
a924c1c945a1a96fe31d00a36a40d5ca,0.004032258064516129
43e1b4b3c24e633d6021eaf45a02d678,0.0010080645161290322
ea5bdec9af33fa082db549bd726b7fca,0.005040322580645161
7b6796738b03dc61ecf9fdc6d3f9b433,0.016129032258064516
5c7e498059a130a9ba2bee131312f946,0.009072580645161291
4a9ce48b0b53ba7bca23a6d2fce034da,0.0010080645161290322
c9425faf95fe2ee24b07635177f9ef22,0.0020161290322580645
fd332d6ab0cc75fce23e8e21abe38518,0.007056451612903226
bb9e4abc8538e9e42a6b87ad6b9c6496,0.0030241935483870967
f583f5fd312df124bfe45b93af795812,0.007056451612903226
bab2c8600e85c9ae6e4463078402e78a,0.0010080645161290322
9d3e43324553b86e2c274a8f3cd43bb6,0.023185483870967742
192a6b069b74d21f5ecddc6145ad4944,0.004032258064516129
11ca7c3ac8b0fc5464b7fa1870d93130,0.015120967741935484
eb2adfeb40a6ba7702ee5ee64f137127,0.0030241935483870967
46fdb49c712829d296947f2cfbe16ca9,0.005040322580645161
79a5fbdd5d5b198110092dbeb7a77439,0.0010080645161290322
0ecb30870176d0a0247c491f05e3bdd8,0.0010080645161290322
104381c868607ee57b1eb0bc6d368fd1,0.0010080645161290322
7588aa1873d42590f0989b438dc2a1c2,0.004032258064516129
fadba9062cb193907bf2a6cfe73555f5,0.020161290322580645
38eea434b6cbc60aeaa46ab7bcdc4fa3,0.0020161290322580645
c1d398885290b9dfcbcc6c6a0b00640c,0.008064516129032258
8c86789a7ece78279cd968a69747c9b9,0.0010080645161290322
20ef3da0f1b3ea96aa9d1d6f11194ede,0.05342741935483871
ac2a35850227c33656577eb03b3176ba,0.008064516129032258
cd3c59c6dd2ccf875816ed2aaed8ec8a,0.0010080645161290322
de732dec3f8220960784b5bb027d1e72,0.004032258064516129
eeff3e0435cf7e8b04e438dbbf7d9445,0.0020161290322580645
a3fd67cb17a50e5232400e76932eedd5,0.0010080645161290322
c9b185d7370d6234084d19a6635bbb8f,0.015120967741935484
548f0db2862bfc554d73670a8fa6b053,0.0010080645161290322
c29356cf33f2f18c27a3e8e05f3f53ad,0.0010080645161290322
4f409dc944b62934abdc23fd3cfc76a7,0.012096774193548387
aedd0c6122752fa8bef756fee4b5fcb7,0.005040322580645161
40787e473f59ede4ad561b4e4079d97b,0.0030241935483870967
2667579c34a9f6dfb32ada219033f5c3,0.012096774193548387
21c375ec0f36812ead9dcf5f057eca0e,0.006048387096774193
3462e39c1853ec54293a353dda7f2d29,0.007056451612903226
7662475e6d453bcf1a9b04ddaa095cd0,0.01310483870967742
12518a944b74de9d28ac7f2effb4df5e,0.004032258064516129
d14f14d437dfa8c1fe8b05cb7d527505,0.0020161290322580645
0532c3f18ddb8a069b90ebeb40da434e,0.0010080645161290322
16821e3d86af36fbeb9a4037eeafd6d1,0.01310483870967742
18e87f53f3b5810c0465aac5c5991aea,0.0020161290322580645
b04e963b54b2de6e09e286d07c3e49a6,0.014112903225806451
09200f8d203074a6acdd0f9c1ad7a9c6,0.012096774193548387
8adc7072bcc733378875a0213bfd9f0b,0.0010080645161290322
d00dad9aa7b78784e5a14a8839fcbd53,0.012096774193548387
bb1080626a7e161c33ca07a672971216,0.0020161290322580645
8217003ac2235699f578f7cace855146,0.0010080645161290322
aa7ae643c67576288fa01d06e2822935,0.0010080645161290322
a29c10c07aa3953c50b7d96c8b8db51f,0.008064516129032258
a9a0b0ddd37ced98b1479f4e4ae93282,0.0020161290322580645
52a68fdae6afd3af7f016572983a0728,0.011088709677419355
703933a42a91ad681567a8cc37f1ad12,0.0020161290322580645
bc1f16496a2184a1c6ade687960cf9b0,0.007056451612903226
0b5ceec669dba4b9d17f19c717c1b44f,0.008064516129032258
35d5844beb10533e46d433b7aeb5e7c0,0.006048387096774193
08c9a2445caf933a5fde2f2747a72586,0.008064516129032258
dde88a8a8a820069e076d0563b8217c9,0.008064516129032258
3017a47a620637b24df97f50486504df,0.011088709677419355
69ed49bfa20ec0d8d33384c2e2c5f6e2,0.004032258064516129
d98796acd66eb71638defd318991adfd,0.016129032258064516
6563d369f0c558c43f8c46e520059c5f,0.0010080645161290322
31cfe8c1486cf04e9a7ac7e6cb3179cb,0.005040322580645161
792c184ab9011e0e9434791e3169e156,0.0010080645161290322
be9743efbf03e69794e8e7547ec827ae,0.007056451612903226
24a6a947722605a8ed51dc60450b92e8,0.021169354838709676
21a4fcec700a33128a6ade1a88efdffd,0.0010080645161290322
78c61f5a7ad8ccbb1ff9706f889c7ab8,0.011088709677419355
db8efeb8090d82f07eeba31f78038f46,0.0030241935483870967
a03261d0929539ea989f314902487881,0.0030241935483870967
4e0c0cca528e4f82e450da01cef239dc,0.0010080645161290322
fd567a04adf2fbb94cc1de426e91a3e3,0.009072580645161291
4ce598976beeb269e87731a7f0c3e2ea,0.0010080645161290322
87b41d39f9d3055b6d90ace593af0690,0.0010080645161290322
cd86c5cb2517e3b9703251ee8c0bba8c,0.007056451612903226
053467cd5a20511081b02c99c5b7c5bf,0.0020161290322580645
1adc2c0419028d59c85745483b45532c,0.008064516129032258
3f682440f731bdd1615a9762bf80455b,0.006048387096774193
29148a3c640cd6733871155f0845a38b,0.005040322580645161
f86c531300b56c4926d54337f8d90d34,0.005040322580645161
e165dba4f09809f08f4d6cdfcd436a70,0.0020161290322580645
dae5e8e90d6baa6de674a1a9094b4790,0.0030241935483870967
ecf0f4d51606a7b8e2d98b72561a2033,0.01310483870967742
052d488d1a9d612b41c77d2d08895e9b,0.006048387096774193
323abd38a6256c38061dbbc887003e5e,0.0010080645161290322
345ddaede778fa1ff16ddfd6f8e9bfef,0.0010080645161290322
bdab9fbf04019f35dcd14ff43e95d763,0.0010080645161290322
8787aae501dfdf32a80e502ae291ebcb,0.0010080645161290322
e43053691ed53f6ace10e9926955867a,0.006048387096774193
38dffcfa84c485445de9aa8804068c6e,0.0010080645161290322
dc901ae78f427d7f594ee4551a78deee,0.0010080645161290322
c836a76488158aa5e05efd6654ee2ccb,0.011088709677419355
f78cea19e694acd4a14b3707891eb16a,0.0010080645161290322
ee86bed38c7a3d2086f72874b42d335e,0.0030241935483870967
5298f18335eafab92014fb223098bc05,0.0010080645161290322
146e0e262540550e1310b5fccf23c64e,0.0020161290322580645
6e00b837abb141a3b0a5e47f274ae408,0.004032258064516129
d5c5d7d32ef2e0110904140ba3e58cf8,0.004032258064516129
520d00a4688f65dbc241b6c705eff674,0.0010080645161290322
e716f9c4dac4cd50f4988689c3c11b9d,0.0020161290322580645
72f43a1025cb01731326117453b2cf6a,0.0010080645161290322
0221579793fad9c352ba1feac73d53ce,0.0010080645161290322
df7b77480a8a30432b01b5c40c038581,0.005040322580645161
f885f7b6d8cd2e663564d7e876d3fe95,0.0010080645161290322
f4919db74cb4414076b25eb4f8a2eabd,0.0010080645161290322
3d056e4b3bf7533d8279f3dcf99a6ea4,0.0010080645161290322
045030dd7a0c96b42e263ea5cfa9dcba,0.0010080645161290322
cc4386032a57dc79395fe1c192053531,0.009072580645161291
2230c0cb27cf00d70074718cec446123,0.009072580645161291
495d54a5368074bbebd89eb6180bdb8d,0.0030241935483870967
c93651ba28ebfd832c0ec0d3281bf100,0.010080645161290322
5037519227427a5cb2b11c9ea548686e,0.0030241935483870967
1f3f2e5f54367bbdd311a2d969ba7b4a,0.006048387096774193
b04b23cd2bce1738c02d336fe75b0eb5,0.0010080645161290322
71d487dcc7d7fc101f8965e92411cf8e,0.0010080645161290322
77f4e3b1c07a0aff804df7081e6f06e5,0.0020161290322580645
8b600f531ec8a6c92a150ac78218f18d,0.007056451612903226
80a873f7528f58ca37894df4fdf77edd,0.0010080645161290322
76c0579756cf5715f871202e8b275313,0.0020161290322580645
4d9e31dc68d6d5c708f70143f73f54b7,0.004032258064516129
dcb134819c0ad1afb24fe7c2d984efd7,0.0010080645161290322
33950a5fa4d8ee86e10778182fae6714,0.0030241935483870967
c1afcc87d82e550f991e6de02a6d3d17,0.0020161290322580645
cdcebe315a9c1cf4928132c14142d0d9,0.005040322580645161
9cc693d63a60c95622a0461b9c0d2e4a,0.0010080645161290322
1e6aa68b2525267ac979411d27f54a74,0.025201612903225805
b9a317bf2090b1c68660ec0a06040d5f,0.008064516129032258
d517ed3a003ec2c36a13a8d13d6a6b4f,0.016129032258064516
48ede3303b451777360a60282db19b54,0.0020161290322580645
6cfe4b2b6fc469ad4de32f95ae291a0c,0.0020161290322580645
3df845ace78fdb0890a6805dacbd7f58,0.0030241935483870967
37357b24b0e3a645b6a3402a8adf10d6,0.017137096774193547
a5e62c65256197962dbf77962315de07,0.0030241935483870967
3df77157a242066dfb4eb9c19062436a,0.004032258064516129
5b6a30b5a900999d91448bc79c5e14d4,0.015120967741935484
227368baee4ce051e46af2c2c23a4d81,0.0010080645161290322
aed710143f63662a3783c0a757a7402a,0.0030241935483870967
0e7078ca25c06d0031220618738330a3,0.0010080645161290322
b7a5c2674ab2eb5c401298c900938ff0,0.009072580645161291
ee95fc1d40bef81c476b3d30530d6416,0.012096774193548387
704e8a1acf77dcc1bc06251a34ba2132,0.018145161290322582
67e8ea1c6f8f6ab409dd343cea381790,0.0020161290322580645
976f95e8ef3f3b0e6b18d0d7cd30ec47,0.01310483870967742
f438aa0dbf3dd79f343b8149614968e2,0.010080645161290322
7fc59121813acbca65219b452637336d,0.0030241935483870967
f47cf2a9a7d9f157139197341ec4d0f8,0.015120967741935484
bb83bac89b3e64a53e96e1ffbb356ea3,0.012096774193548387
17824e221f06eecf126ea102c3a2c289,0.009072580645161291
b4e4838b2d51ef1186f8fa219a146264,0.01310483870967742
7d1fdc3e6ba15a15cd9f827ed3782a50,0.011088709677419355
3dac324be8ae68f877403d642f170ff4,0.004032258064516129
c3a468d1ffea27639aba34a456669b5e,0.012096774193548387
f631942487593336eeeb07dc954a72fa,0.015120967741935484
7a6f9270cf510eaf30628381b58a04db,0.0020161290322580645
f7e01ff56b9ddde78231254da76f60a9,0.0030241935483870967
b7baa9a0668bcda5e57ebed5fedbd716,0.010080645161290322
7f49512101c55023155f742cdae7f5a0,0.0010080645161290322
27c76b907c487feea58bfebec7572bf7,0.008064516129032258
4ff9e527b8ddcf4babc6059881ad06f0,0.007056451612903226
13befc62c61a18d1226ad47a312a114f,0.019153225806451613
e4fd09acba69caeed4ca20cf12a43833,0.011088709677419355
2c587b3008c5a799bb9eb58df9134ca0,0.008064516129032258
23c46046508f0bb760a7f87515cbaa37,0.004032258064516129
c1844b5a0cc19b6def605c2bb2d6b73b,0.0030241935483870967
5696151b739591345390bf6b6bc6e3e4,0.018145161290322582
8706a529ca2ed4681dcd29d33f1cda70,0.009072580645161291
b3814091af2a3145f8819cf9480de299,0.0010080645161290322
f1a2afc89d34f2ce0f6613de3bbaf821,0.018145161290322582
0f42bfd00e871207c3e2bc92a79f3456,0.023185483870967742
a91ca102ae71f38867d0ffa013591a97,0.0010080645161290322
3182fac76007f3386ab46d50d0dc1f0a,0.0010080645161290322
227a6280c3bd96c4ed132438d4442955,0.005040322580645161
1866ca48713ddfe4d7284a2333fcdcd1,0.0020161290322580645
6d461412323bae290669594d71b8f201,0.005040322580645161
8e8437cafec48fdafc43204cb2d3a7bf,0.004032258064516129
abcc934d42234eeeb30ce1f9cf9be421,0.0010080645161290322
74d7a11ca4d4f45ccaeec480939ccec0,0.012096774193548387
32d2a3dc61cae311f0a803a900b7c337,0.0010080645161290322
28c5a40826d2df869a8fd3b6fdf047f6,0.019153225806451613
caac91c71a55323996171a9ffbd2fc89,0.006048387096774193
c549416c2c114e1f31685b7be087ed3f,0.006048387096774193
ac9450817077e034b8526ceeebbf3f18,0.007056451612903226
051a83cfdce66d0af4dab526a5008717,0.0010080645161290322
b812522c8a99ffc2758300fa07e8fc79,0.006048387096774193
b7a041d2927c03859714fcdd60b9dc7e,0.006048387096774193
51088acc457976e3a893505acac627cb,0.0020161290322580645
3a946a809c5edacbb1693bfe9c9b780b,0.024193548387096774
de3d1cced4066a45309ee26a2a9a2d16,0.0010080645161290322
f935d43684b0f4df7c90192241def8af,0.0010080645161290322
82579ee0e818aa34fc05694f273688d9,0.0020161290322580645
5ce1494e3a95588a415d4ac734846e6c,0.0010080645161290322
6c0cb5401140eaab15137a231081723f,0.014112903225806451
d38fc76ddf76bd93bf255afdb861eb5b,0.016129032258064516
0ffe458dc1267aa7cf0fdbfd201ec623,0.0010080645161290322
09dac5aad6c6488e4f7055a9a191c824,0.0010080645161290322
3f258b7bacb4a94b5daf854e53199542,0.009072580645161291
7be2106c160b9bf12bb7a940c154e41b,0.0010080645161290322
5cc9b1b748e8bf1b3e498f9e9b93d34c,0.005040322580645161
d15d5aa78a3a183eb7dc41a9bd9db366,0.0010080645161290322
29ee299f0f40b6d7f7ef77253c2de07a,0.007056451612903226
f461af861a3608d36ef649c4f6d3441c,0.004032258064516129
ec6487c33e2867935b78cc699e3dedfd,0.004032258064516129
d88c16cc0f2a54bb9e08b234c3ff8fcd,0.008064516129032258
768738978ba00d251e04a5fa6936de0e,0.0030241935483870967
e8d9324fc4ec41ced26b131f4a190480,0.005040322580645161
8e867e8c0e5ecd84fed40bbab1f22048,0.0020161290322580645
9e061007ffc0997415971ee06c10de0f,0.0010080645161290322
0b7ece96f03c9fd6de9886c14fd67e33,0.0030241935483870967
ba12e2cb7508e4fa04057d7561bd6a56,0.0010080645161290322
4083db81da420b7debcf0959acdc3c55,0.0010080645161290322
bd59fd1defc63bc92f6f731473e064ad,0.0020161290322580645
cab55b21357209d4450d940897fe5cd1,0.005040322580645161
034e821aee4a81be86b98b419767653a,0.015120967741935484
b2c20858adf1e2fda473bf3b03d4439b,0.006048387096774193
3c5ef18e608c69f79c6130e029c16732,0.0030241935483870967
2ad4ae203a0253c59da0c464a11ae664,0.004032258064516129
57a5f7b120528ea063a99ed8c801aabb,0.0010080645161290322
7235df4198a188433290eed0a30af8af,0.004032258064516129
0a67bf95646e1b57c2d3d7ae9e163a21,0.0010080645161290322
ece1daa5196ffc202ce14bd6a9902a6d,0.005040322580645161
a5165ac48ca17bb264e103d243610116,0.0020161290322580645
abad7d3513ff770244c23e8a193ab18f,0.004032258064516129
988b0b7321184cfc2c53e0966dcab560,0.01310483870967742
630bffb8b9a197b3a6359f42828b4de3,0.025201612903225805
2c92ad9b4790eb259f0c35d055e99efd,0.0010080645161290322
9788547fe39d08cb21cc30c94db9c641,0.0010080645161290322
acc4525cdb0f86b026cffa9f66b31de3,0.017137096774193547
e651f0a0f9300fc713247c4799fe9ef0,0.0020161290322580645
af66128c5a7b9443d5d2b89e2e386d2f,0.0020161290322580645
38fd196d2977cb5e234476eed7107b61,0.0020161290322580645
4b8ba7216537582c87371077b960d0cb,0.0010080645161290322
419ff71ba2575a45de89060d7395e148,0.0020161290322580645
98c1b4bf56713eb6f91df2a694e81894,0.0020161290322580645
7fef28ff138205d54d1cc45ebb92b218,0.0010080645161290322
3e38f831d65252d521040a9441a1a546,0.0010080645161290322
e3384ca173358208713bbc11316a380f,0.010080645161290322
2290e92733707772a839abf72e7981f9,0.0020161290322580645
320c03afc417b829a51ecad3dea2e065,0.014112903225806451
709bf2ad22054727d1d2da124607cfeb,0.0010080645161290322
61a727835eed8de32163c90bd5a29274,0.0010080645161290322
7667b07b46f3d78c76f13781337cd218,0.005040322580645161
95de6a551d81436a060292b1815dc4b6,0.0030241935483870967
2353a1440b49a6a5eb83966826686dda,0.004032258064516129
f8495f3668d1d270be85f37e109bbea5,0.01310483870967742
467ba242c02f89605b7c58d298c30f80,0.0010080645161290322
cebc2634df2f438ca5cdb3f1b5670b91,0.0030241935483870967
14824def473176a62277a1d416c426f3,0.0030241935483870967
0177e9518f263d3f2fe51f3c9f59ac47,0.004032258064516129
8a7afcdc588b568e4f9f3d3d6368a464,0.0020161290322580645
b258619fcc6bf7f31dcfb631ace5273a,0.0020161290322580645
5236b8bc2b3d7c0a6dfeb43ce4772ed0,0.0010080645161290322
c1ea876e185248e087814cb634c08a64,0.0020161290322580645
871932f7a96b71864207248835593a6b,0.0010080645161290322
6a66cd42df39f678f4bb2f3e840b011e,0.0010080645161290322
1e3834a266b5ceb75897cef0e05d9eaf,0.0010080645161290322
524f211b7b8164f5da41071ad7338e34,0.0020161290322580645
5406fdc5fbf1d23539ca24e0ab543d13,0.0010080645161290322
58f96a2b5c399c01cc7705d3a2ee2614,0.0020161290322580645
3bf265b3aca02e28b67ff61ef390ad79,0.0010080645161290322
495d7fd005b9e7f552eb05c577a81b2f,0.024193548387096774
d301745a8c416238f81df582b0df3963,0.0010080645161290322
1625a1c88d50fc7a311bd0ebb379386a,0.0030241935483870967
0399437a0400477997002f514b3d7006,0.012096774193548387
0a09a76d596463d0c2509a3ca6cb5744,0.006048387096774193
7dccfc9263d2aa4b453d6a503ac7eedd,0.0010080645161290322
3920b5e764e076800d6907ccb6ba8866,0.0020161290322580645
621cef08cfcedd17f2408972156639aa,0.0030241935483870967
8d57011ce0c1114cd553e121d564ff3b,0.0010080645161290322
3deb6dbb7b2eee53ee7e939c254f7059,0.004032258064516129
9dbe4024915207be520bb06619c2fad7,0.008064516129032258
793ce16c970b5c0017ce25e7316e431c,0.010080645161290322
cf5055af00289a714c1ae0e333fd755c,0.007056451612903226
f9ec589e36dbdec454f5d9fd1d1da835,0.008064516129032258
c2fdda02dbfe15e53afa42ed501ee531,0.018145161290322582
3bd1a82ef81c6daf79b5a5676b734da8,0.0010080645161290322
6800173fc42c1af3ce6edea1582b8696,0.023185483870967742
8da32066a9b256e7214fb7db8d05cb91,0.005040322580645161
01407770e7866344b626482bc10e4163,0.0020161290322580645
53bf3f4dad36972b51e1e8bfd441150c,0.0030241935483870967
0bbdbdb01a1ef85fa9eb657a2ac488c1,0.0010080645161290322
806a8f2673292051c8f9cb4e49fb23b0,0.0010080645161290322
37c401b79f2b0f17f1a9f891d2423680,0.0030241935483870967
31460525d63c39237cbcba8da1b213e3,0.0010080645161290322
4c9de94fce4b09bbdf42fc500dd0b363,0.0010080645161290322
d248475ebb7229384d4c06bc70be2e54,0.006048387096774193
c685703faadcf71018cfa59bd1f13984,0.0020161290322580645
cac55aa795998014361e14836ddae2bc,0.008064516129032258
ae76ef195f17fa75affdad96329ace10,0.0020161290322580645
fe5454559178b130ba2c0bc99785a7d4,0.0030241935483870967
f8943e4918142ff9c8e776877aeaa759,0.0010080645161290322
752b92f3e75f75eb4e688fcd0d38b61b,0.0010080645161290322
e7206abd28905b7764634f80c4f3c198,0.009072580645161291
c55af6561a7fecda0c8f3ca36faba86d,0.0020161290322580645
b53086438186670357006c0b949b8e66,0.006048387096774193
b4c71f245f0665cf26f22dc611a5b7e0,0.0010080645161290322
59bffe92cf247f3a3b14109d3befef0e,0.016129032258064516
c6e9efd653858e34e41e17568f082a79,0.010080645161290322
9353520804d99c34648c158c2585e1f0,0.0010080645161290322
d8ef518ab22aaadfeb975d171f9d4571,0.0010080645161290322
a0b844167030653826ac1a62d94b5286,0.0010080645161290322
e558fe4a9bf1fd0c4cae2f143871d23b,0.004032258064516129
5e4265851314a7d5897083af41f1e434,0.0010080645161290322
530414b90986812fcd2a8e1ea576e5dd,0.009072580645161291
4a84fe03b6cea256947438079103ab1a,0.0010080645161290322
86ad13f644eeee11a3b663e1d349fdb5,0.0010080645161290322
87c7b10b2a0ff3782f572e91fb15c883,0.006048387096774193
9c0847ad3b7d31bef135c04e3bc693b2,0.0020161290322580645
dd3729bd76e4bfbe1e386f7367dbde3c,0.005040322580645161
78a1fc8f5a76e6d3b8af0a440522e668,0.01310483870967742
b6f45472807d0e016660cc5a49213803,0.0030241935483870967
5e7e6f1ab7357f6f54aa983f2b4f19e6,0.0010080645161290322
51f00febee07f57580d889a7bda77892,0.015120967741935484
7285ec47be33f8bfa34786b49381d1e1,0.0030241935483870967
847ed534adcf5777fb3c9ed6fd0e01d8,0.0010080645161290322
45c8913c645de635ad931e4c17130626,0.006048387096774193
9a33e45bb86f4fab2cd5a8fd068b47f9,0.004032258064516129
53df57f905af4f81799f95bf50dd6f92,0.005040322580645161
1a1c0d5a2403d142be8b5e45fa143f52,0.0020161290322580645
8054f56a2ebcaef074a65744edf61f6c,0.0010080645161290322
7d4271e30a1ab2a28dcdd6600315a5eb,0.0010080645161290322
84bf47fb70f23c7ceea3205892f1974f,0.004032258064516129
c726d83b4e469b096699041e643a7765,0.004032258064516129
843b8acf2066d59d73a4f7fcd5bd26c7,0.0020161290322580645
f6cbdf6bf6465c5bdd957375121a3291,0.0020161290322580645
ccc259594ebc7fb6f4cfcc8c3d4108d4,0.0010080645161290322
7dafe4ec9eda0e9e804387bc0e539a3a,0.0010080645161290322
bb8f76cebea3a6a803c6249e848caa58,0.0030241935483870967
aaeb53ab664faa05c64ef0200d6422ef,0.012096774193548387
8dd484571c2deb8aa72b533f0360a2d6,0.0010080645161290322
72902908835950704aae43b6379383f4,0.0020161290322580645
2be494047bf4d212bfaccb2d753ea894,0.008064516129032258
e3014688dc4334edd86b46dfc7e3c448,0.007056451612903226
2af6b550a32ebf834b7804d97ef3ad29,0.0010080645161290322
3875aa7beeb743d77104eecfcda458d6,0.008064516129032258
23533498384da1e7c20885a6a2446b79,0.005040322580645161
93d18e534164c2e33ba0fd33a46623fc,0.0010080645161290322
d2aa83f221e2fa3fdfcf2db18fffac7d,0.0010080645161290322
74a05233ce3ae97af4f962f852c6104a,0.008064516129032258
fd3d59baef33da99f52218a21858f504,0.0030241935483870967
0c7e824a816715ce92c940070b7de092,0.008064516129032258
e10a559194d13e153512a7b48b83fa92,0.0010080645161290322
2c472f9ab8a037f4dd9223680d22f6e6,0.019153225806451613
d69a557ab768b10eb863c25aa516a39f,0.0010080645161290322
35c16d771a9af0bebc36a54da72a308c,0.0010080645161290322
0947d902ae1d6bda510215140564e1c7,0.0010080645161290322
2bc207ec20688ff7e41424d356b1f57c,0.008064516129032258
fab691641b3506b87de7e2827b31d759,0.0010080645161290322
e38ffc180ce54336e00b97a6073be7e1,0.0010080645161290322
8f6ad710093fe9ae8e16d91521a7445d,0.015120967741935484
b6bba6473f29f19d48778c7f55be1e45,0.0030241935483870967
dae716d8eeb0eb017f82cc95afd4c4ae,0.004032258064516129
94650423d6eb124c7f124da54f367f10,0.0010080645161290322
16222b010f20d7a6de6f750543d8ef99,0.0010080645161290322
81d6ce985cc6bd73dc6052c05d79d0a2,0.004032258064516129
cc404db497b158fabcb5d0a46dccfada,0.004032258064516129
e77e27ae1fea4896479f5a4efd2d2d00,0.0020161290322580645
bd8878bac7708df3ae3e0e9f7070bde6,0.004032258064516129
619a3ca4a2e5ee4abe7851a087712a34,0.004032258064516129
f0ab566ffd7eb609d9734190283e312d,0.0020161290322580645
9639426666cb6a7b05befafa211899a7,0.004032258064516129
787692fbf8483db9b4e2b0eb624cc236,0.0030241935483870967
b3bcf92bac79fb8e34bedd269243c54d,0.0010080645161290322
bf11691d185ad4631c4e0477e876755b,0.0010080645161290322
e772d5d1d8f629099641f84a82293e9d,0.0010080645161290322
2671eec4d133772f15f6610fec2a45d1,0.0010080645161290322
84f4ddf3741a9fc0d3f3ea5b27e05463,0.0010080645161290322
e0abd376c5dd03c25dc7d7447915d786,0.004032258064516129
0e3c387aa3ba12b91886db40b04a606e,0.004032258064516129
c28123353d473876e50260f0224cd785,0.0020161290322580645
1643e466d7d8323af0180c5cedcf81f5,0.008064516129032258
01b86725c782b60478a5ce18b4cbada8,0.0010080645161290322
02f533777619171fe0dad41e23f28fc3,0.02217741935483871
5ab99009ab193941e3a5cc6e8013d415,0.0020161290322580645
5a32f78342d2ae9b9e0e5317c58ecfdb,0.0010080645161290322
2098c23fe9a4aee1941b838a00585e78,0.0010080645161290322
c3269043c3c34fdd537e5ce6a412cb53,0.011088709677419355
031e4fd7b7a83a80dc2e7e21988597e6,0.006048387096774193
3ee6283b04e2a6e7de03a409d5b4afaf,0.0010080645161290322
90d8609d1f9fa848faddfcc7ac418284,0.0020161290322580645
976daac051b05ff376fe5617bacfa7f9,0.0020161290322580645
773933cbcc79f19fb338dc86650bd28b,0.0010080645161290322
46e86f446636886e522791522fa70fe5,0.0020161290322580645
78e17f2846f50177977936daf70b0706,0.010080645161290322
8f378aefd2f1756424987ddc478a7ef9,0.01310483870967742
a58caa1732dbb7e398e977258028aa36,0.0030241935483870967
a83aa64b8e83f128677c4a5f0f074ca8,0.011088709677419355
ca69af8db9468da64cd6c08fa029ea54,0.0020161290322580645
3f3e4f251d0c2774c6a5f942f357890f,0.006048387096774193
0f56a6fbdfdab96108588b81af9201dd,0.0010080645161290322
42bc5044f5a33d5b849284096abc4ecf,0.0010080645161290322
536aa810663ff6b855a03686adef29b7,0.029233870967741934
e7d147a0e8e16150711ca894fd99db9e,0.0010080645161290322
70c44319e6c4d9e996bcbafe09d0960f,0.008064516129032258
b427a708d107687d6a0ab961b7a0a43f,0.0010080645161290322
f16d11f0f29cc89dbebbc9eb3bef7ccb,0.0020161290322580645
1fb738ca502bb56a8e7c9535d768f4ff,0.0010080645161290322
7b7d4b412e2132d5c2f808df056ef08d,0.0020161290322580645
eb8ba1cb493c0f9b388170712c669735,0.0010080645161290322
157ff48f3a070db80064cc187f7637d9,0.0010080645161290322
44aa13e4875cf29c35083d29fe441043,0.007056451612903226
42e1b1c3671da382791bd6686e8646fd,0.0020161290322580645
7ce3746dd191129231c12fec2e65fcbe,0.004032258064516129
2097eeef2e5bdeff3588ac91c1db2cfe,0.0020161290322580645
34e1d8f9813f3e0bb2ed7c7aae25da26,0.0010080645161290322
2adb68c431d470be9da0bccf6df62345,0.004032258064516129
c38dca2e6eccb9adf8cf021d76081883,0.005040322580645161
917d7fbca291ff0807c7df7423224ef6,0.02217741935483871
a4ddaf08c305e6f990662b8b52900d61,0.0020161290322580645
6f27c30d8719723611b1034f089421f3,0.006048387096774193
42406a13abf6440a3035b902bdb022e7,0.006048387096774193
dcb4f2edf3dcae50f9d674b2dced7d26,0.0010080645161290322
af456220311d2fd88bcbc692dbe35865,0.0010080645161290322
3965950251c1e1c632e0bbb804fc6216,0.009072580645161291
79a588d027329d90ce662cacde6ce797,0.014112903225806451
eb03ddd38b93b99854503b3716aa9f97,0.0010080645161290322
01ee4e921131cfa68a491825e8174d13,0.0020161290322580645
25444bc10fee8fee497b7aded6a38cba,0.0010080645161290322
979f9024c2f65565f07f84574f9fd863,0.010080645161290322
ded9bcf67063573a2c19c186be8f15cf,0.010080645161290322
993e9556cc07cbe627a9a7a81e48f41b,0.0030241935483870967
ab969bf7e4143c508d11df52d2a417b2,0.004032258064516129
2764c48c6b9f12c7a12c6e8afc613af1,0.008064516129032258
a374bf78f00639fc183b314f67c0f344,0.0020161290322580645
ef5083c6bf01e16224bcbd822d44e3bb,0.011088709677419355
28932294e3bfba3539332a119f4cd967,0.0020161290322580645
0d248fd015eb89a455eaab291cb15e1d,0.0010080645161290322
1d762ebc3a3531f47421dc33256a1169,0.0010080645161290322
ed09d19dd048d6cdd7ca3da1496edb5c,0.0020161290322580645
6e086c4336a4062e70ca39de5ed682b7,0.0010080645161290322
958752b2b2989c673ccd9baec6cbb3f0,0.0010080645161290322
284575f2d71d467e233832b5e22e8378,0.0020161290322580645
40b1c083bdec5973c16d47173dbbc509,0.0010080645161290322
a66248413ebc4e52857eb89b712b1363,0.034274193548387094
fe9f78c3c5a79178cd8417cf058cfcfc,0.0020161290322580645
ee23fa575e5f793a47379f4f33a18374,0.0020161290322580645
9781095b5d737139b269199856623527,0.0010080645161290322
2b3d6b83c16e9d07719e9a4a4abdab01,0.0030241935483870967
2663ceb7edd60e80833d2b418ff80c5b,0.0010080645161290322
ea0f857c9bf42589d4fdb16271351568,0.0020161290322580645
eb3043d3406ca30229c0138d0dff561f,0.0020161290322580645
640f0d7bcadfc07ac9f3a4d0b440d859,0.0010080645161290322
71e3a2ba0d1b3f97db0028304608b715,0.004032258064516129
5710abfe890d5ff26ffc26b9d8ce31e0,0.0030241935483870967
85fc1c03daa0a1bf0ed1548e114936fa,0.0010080645161290322
bbad36a82ff24ccbb1e891161d080e60,0.004032258064516129
ea12a606c7e13c5759ebe7290abab13c,0.0030241935483870967
208f4c471e48fc0f4952aa43a7d992ab,0.0020161290322580645
a4872706f70d5c9a4bffac77cf235231,0.0030241935483870967
52c1e77372fb832a1e1b30195cefff65,0.006048387096774193
d55d6f0a956c6578455e7acdf15b0487,0.0010080645161290322
ab079a873f7bfea311ae56f9047995f4,0.004032258064516129
17e79d72b9ca23ed5273a8a2f4d7b6cb,0.0010080645161290322
9158a09a52e17a53d761dbc4a6a9e6f8,0.009072580645161291
90a3f7b593a5e69cff87cda753e2426d,0.0020161290322580645
dacdae182ec865c35f73f64d0dc1d0f2,0.0010080645161290322
c6c01b1b0b8513c0bd3e5e788a0f6be9,0.0010080645161290322
7ff6a5107d036c20ee03c402ce902b99,0.012096774193548387
691656f33e727f8857f5c9ee40ed05b1,0.006048387096774193
66d95c354add00896ef7e6ef882c8b05,0.0010080645161290322
02d2b8638cc5f793c5983ab6a721f988,0.012096774193548387
6844b2b6a8f3581070840087cc7280a0,0.017137096774193547
d85b1a202b71788e6626b129a18b7aa6,0.0030241935483870967
d523f23325454c63c3ddad0ab2943c5b,0.004032258064516129
a486cda7e3413b0746f258ae2f003dc0,0.0010080645161290322
300ed2126edd2a61b16c55658e6d0190,0.01310483870967742
77604f64aef8e3da5cc1db2deb70aa34,0.0010080645161290322
f9c976e5e2a643333fc195950a5bac7d,0.010080645161290322
5f0c459a522e909bb4e131dcdcbcbffc,0.0010080645161290322
060e78dd89b0d01652b684833941ced1,0.0010080645161290322
61a3d5eeff1709e1fab51e578f6a1cec,0.0030241935483870967
e6ee8481464791af92db479bcb9a985d,0.006048387096774193
75d9ed1d729f6808226322fef5e6448c,0.0010080645161290322
4f12085281a6c7c026516bde116ea7b4,0.0020161290322580645
a38367f4ddf663b96d9e9642a0c52492,0.004032258064516129
c438947e400cabbe8e79e3fe19381a5d,0.004032258064516129
49208d999c92350510973972ad0be4ed,0.0020161290322580645
cce0f21cdf5597d900d303fdac05b33c,0.012096774193548387
289065df2c1a5c242534d4f34d7986b2,0.010080645161290322
018ce9dc7663b8f184f3194f49bf27ad,0.004032258064516129
261c574aee8ce7b12a61ba0d2779d76b,0.0020161290322580645
dada10c85f8a76e9fb0f3c7f15789960,0.0010080645161290322
0ca4b788a408d140a86d99c28fb243d6,0.014112903225806451
7657967b1ccbe39b51cff1984dceecae,0.0020161290322580645
b58adfb6df95ec386cb5917901cba22a,0.009072580645161291
16490eee400f1768ffbd6e2b7b478aae,0.004032258064516129
2a77430d33fc31689b5fbe301af47eeb,0.0010080645161290322
95e17b5be64ea85efae9fb9bae66184d,0.004032258064516129
82f162244b6ecd64bb4d70b5aac6ef66,0.005040322580645161
a53e86de93179cc5a9d75ffff2bd1b43,0.004032258064516129
6fba02cb47ce5f600ca3f0ddcd59059f,0.007056451612903226
aa24f57a7232d30848f641b49e5cf314,0.0020161290322580645
41183b425d38b010000ffcf5bb6463c4,0.011088709677419355
711f8237e9f0249326f15b5c277dd9e9,0.010080645161290322
9707883a9fa371c84a54460aec8adf2a,0.011088709677419355
68afe2aa9e693ac314af1646521ad6a3,0.0030241935483870967
6113547006d153961fba30151a055956,0.0010080645161290322
587bbfe1e0128efd5038e2da4d12fd4d,0.008064516129032258
504d4ee2e7eae387f868603e3160ff52,0.0030241935483870967
6e717057472dc8e2483bf6dff78a9cc3,0.025201612903225805
67a39123cc2144d2afd0b90259fbb5bd,0.015120967741935484
e1d0fd874c068f6e051f8146136526e0,0.0010080645161290322
c312fc7fa42d41e125a10d7a15f9fd66,0.0020161290322580645
4f0b1bf78ee63f47f266ae1b95545247,0.0010080645161290322
cb9f876c1f140c234d161a4790b9ebb9,0.0020161290322580645
7c6d2d22677029b113a87b33f97c3532,0.012096774193548387
e5e97830c01e9c392e09f34911f1c0c1,0.0010080645161290322
a57576704dbea8748d4f32b2cd8714b8,0.0010080645161290322
d605df7ce6a5a484de6cd192c3251292,0.0010080645161290322
b2deeed0c0879aa5871ccdf60c2d7f61,0.0030241935483870967
ebe27ea288a50d597d3cf57b66a0c033,0.012096774193548387
ccb5b2f042d33d342c39f84a4fdd7516,0.0010080645161290322
3c39708c494d0cc60f5fd975a1c2add5,0.008064516129032258
90ddc29ffd3ad7728b126f1362019be1,0.034274193548387094
ea1162a1a1015ed78a7499431dd0abf6,0.005040322580645161
916435b5324a77f3d3bc841f4f9583f8,0.0030241935483870967
8f2f106d637deb02514813d8c0e184cd,0.016129032258064516
2c7369360a810a0fdddf035475ca4dd9,0.0010080645161290322
5ba7fda730cdc2392ce07bc4a493b49b,0.0030241935483870967
ed350c70bfe48d2491fdc9ca66707a42,0.009072580645161291
da1a5410b019ae6ae76654e4acec6794,0.0020161290322580645
77b0270af33f3ac7beb4f4d7cf969108,0.0010080645161290322
a922008e41c074db558b651eccc497fe,0.0010080645161290322
94af2e62cde1ffc3e5b6e650ca095fa9,0.007056451612903226
0ba97bbea0a183badf43627f9b46dc3f,0.0010080645161290322
9252e8470a7c804893debdcad1fc865f,0.01310483870967742
2e9704427149a57b5d240120854f59eb,0.0010080645161290322
fe2df3346f9eaff69b1d1ab8f42f1a8c,0.0010080645161290322
35e77ca579ac10dee31733f30cb7cf46,0.006048387096774193
1c9f7427ad9eef9581c32e490d0f3e35,0.011088709677419355
6543e9354f56b81012faa12935521823,0.0020161290322580645
0c2d3089f1fc618ff7113c6c1a32cfc8,0.0010080645161290322
4ca02973e0fbae2dd76f387864e0d473,0.0010080645161290322
97948025f7990407700a3a935fe89376,0.0010080645161290322
b7e5c5926bd347975a49bcfb0d89feef,0.0030241935483870967
3bc575c01ab77de2ffa598cb9ca4040c,0.0010080645161290322
39fa3c305e85744f1ade418c301c709f,0.0020161290322580645
2b1da4c40383345b0c03325c818ec60c,0.005040322580645161
cafba85e6210d63fe878fb2185f1fdb7,0.0030241935483870967
50d09aa91ed575857a65d338b25c678d,0.0010080645161290322
2d03bf2dfe66ac5cc7d2cd887cce1439,0.0010080645161290322
9e242f63bf9e7ce169b8389438a581f4,0.0010080645161290322
936640b05b758a58680b845829f4e5e6,0.0010080645161290322
1375448c2a3ace9117c825b81264731d,0.0010080645161290322
23022d2e6e966b0b38db6fd61a6d19f7,0.0020161290322580645
685e387a5e6baf6723dc7ee81a4634eb,0.0030241935483870967
d17e251a05ade561f45eec4e6aebae17,0.0030241935483870967
6445b5a6cf353c2ba4cc0a89ba49aefa,0.0010080645161290322
b70c501380f0ae6236ffe97f3134d8ad,0.0030241935483870967
013d4036dde131948887df83f31d94c1,0.0010080645161290322
b78d32d2c6ea4758db9692d25eb74f53,0.006048387096774193
2e5a421c94e3f76adc3a7e093d269ab6,0.0010080645161290322
d934c16f7dc935db8e9bb4deb28d0511,0.006048387096774193
feaac72ed17b476e45297e19de835aa0,0.005040322580645161
98ab6ac3117a2292752d9b6574a4d7c4,0.0010080645161290322
321706ead4d1e778c290a4795de4e2df,0.0010080645161290322
ee48d71322dee7aa37fbc2c4d08a2c41,0.0030241935483870967
a5676561cb37d21b8c485040ca3ebe96,0.04334677419354839
b4208b5fb69f40857eac1fa9f209a948,0.007056451612903226
63cb6a93b915da2b603a53a983838072,0.0010080645161290322
d548d217264e852a9d2f2a6662ef3289,0.024193548387096774
a419cea726d302b8c9091c81bf3f58f2,0.005040322580645161
9c2473107f63c537c467cfbc019ab50d,0.010080645161290322
62f5d5e43bf878242b286657c3810fd0,0.0010080645161290322
dc9be155e8674df561ad40cb555d87ae,0.0030241935483870967
c9ae14c999074e072f27303c1ae74d0a,0.0010080645161290322
b1ea551b62a93e2c4025db98cd53ccfb,0.016129032258064516
047d41b21cbe4e0c6741a994933f438c,0.0010080645161290322
7e9224107fa6927e54b6d63dfca84f03,0.0010080645161290322
f3cac486ad34144511deb96b29ded2c5,0.004032258064516129
b269282d27f88cdd63c0b937f17a87a8,0.012096774193548387
b3e852fe8cf0b20ab2bb31cb11eb3a53,0.0030241935483870967
8695bfcae82064955dbd1d3505e30ac5,0.0010080645161290322
c14fa689d08095643349b65625b64edb,0.006048387096774193
1db962cca6fbac68fde3d50f74fe5237,0.01310483870967742
2d8bb2d5a19560005f9c868b08cf806d,0.007056451612903226
5e80203a771df6de675d5e2dee67d133,0.006048387096774193
85b29de75f1c8f5c6596c1e9b5ce3a04,0.005040322580645161
021e4a9306d6d748464fe4926328edc3,0.0030241935483870967
8d517f35c8695afc206e00f6420ef377,0.007056451612903226
6d52d7698700d42f9d72700a75073927,0.0010080645161290322
33371a5e8d24725eb630eaf49d2c212f,0.006048387096774193
2f2214dfd39523ad8623a4161e565dd0,0.0010080645161290322
ef2884800b9d0566576220afa324967d,0.0020161290322580645
82b1bc20c52c7c4e2eae78082ca0bade,0.0010080645161290322
6e10eb43162a3cfdcbab613f63292a39,0.0010080645161290322
55495aec3633a88ff7765011c3ff9ad0,0.0020161290322580645
8f52cdf7dee3f19f12ba7d31dae31b3a,0.0010080645161290322
052a3f2bf8671798f6f0dd10d581f641,0.008064516129032258
955db4e6daa27ded06d05af03c1cd4a2,0.0030241935483870967
22164a3be93faeef89eba7a79fba5e4e,0.0010080645161290322
b2a40e700464e2b57e624d085054dc18,0.0010080645161290322
742a8fa84a50f785a62c619ecf5b14bc,0.005040322580645161
e9b0278b253981f62ec985a7137c5a60,0.0030241935483870967
2928b9773391031cec77a5e5d71c8ef8,0.0020161290322580645
22778adf788733c37bfa5fa55688dfe6,0.0010080645161290322
aedd73f0458fb2e82f7b7ea01e5256b5,0.004032258064516129
591b46822e0b6bff77088b6617c772cb,0.0010080645161290322
96cf42d895a39659bfa7f1f7686a7a4d,0.0020161290322580645
8b781059f2e325cf791d6846a933ad2b,0.009072580645161291
40c2e1ee659bb641d0ed637d02b06bfb,0.0010080645161290322
e5a7841806ba01f7577bc8523cbda746,0.006048387096774193
45de6343715a25a54eb558cd6faf1a20,0.020161290322580645
8cb6fad83c3422aa0716b075a236e768,0.0010080645161290322
53aafd28d203ef3430c4b64b40b6356e,0.009072580645161291
eb72e9724aec1c18c4293b1d5253d9d4,0.020161290322580645
b2ed1e3e596c65c49a399fac2c68c525,0.0010080645161290322
c401feff51225e488cfe54612ea17b7d,0.0030241935483870967
d3cbaed2d82aad3725edf543f389c4b4,0.0010080645161290322
0c5c4d2e136d749fb22cd699ba44f9f3,0.006048387096774193
b063cd1fd58b499d74f06049bcfeaeb5,0.004032258064516129
f520e7089091c2445d203137cf1aa30d,0.0020161290322580645
0a953217e51c755fb36430620bdbd018,0.0010080645161290322
6fc9c9c189b4881c71e616fc8f4e5014,0.004032258064516129
89be53c6582499c043322406b922e12e,0.0020161290322580645
9ead73ac540d5e67c1b294b0d87b5710,0.0020161290322580645
c7ea3af28cda55cd2a25a19fe763326b,0.0010080645161290322
df7952478ebd81a5f16de2c1cce1c87f,0.0010080645161290322
7bba83c0f9ed0c4c1365e8e2980af9cd,0.0020161290322580645
4fd08d67aee94a0798f985f731e3ffbb,0.004032258064516129
c7c12d7b7adf9a6a528c86e33653702e,0.007056451612903226
368a387a1393d7fcb2febb08e5c8ade2,0.0010080645161290322
9f3e2115928d82ca49b0db542037642f,0.0020161290322580645
9daec6d7421a43d0cf0e31c423b32b89,0.004032258064516129
7727a66be07ab6db8eb26f275a5b6a29,0.012096774193548387
5e6848772094e879a111c2eff7367642,0.004032258064516129
3eff72e0a7cfb748b1469da4d2f68139,0.0010080645161290322
8462491feacf206eee89e9496459df85,0.0020161290322580645
9eb7bad38b9e7a8d256853eaa8f46afd,0.0010080645161290322
80c55f0df9dda9ec80b0096bfd1e6404,0.0010080645161290322
d47e7f982a9a4c726a75a2562d790523,0.007056451612903226
45c3ded059c27e617d28612358fe31c1,0.0020161290322580645
699789bc2bf1cdb57fcfae3021ff65c9,0.0010080645161290322
a39329fac5b965bc0a2b9d94244286be,0.0030241935483870967
3fdf1f857cfd21878b4aa03407285898,0.0020161290322580645
913992089f1927ca1cd33c5566117ba7,0.015120967741935484
caf68cbfb72d45c5bcbd937ced100a4f,0.020161290322580645
4e80346edc0d8673b176ae4117fb37b0,0.0020161290322580645
2bdf9e3f76181b5e37e3a17c949d989b,0.005040322580645161
5b0efd160edf27aad70cbef234197a56,0.007056451612903226
94738eca8f0e714dac0390e647565488,0.008064516129032258
016279d5a997c6753b8afb6ced15dfbc,0.0010080645161290322
16b7b4d46bf8870c55fefb2e63132709,0.01310483870967742
ee3f5affc5a531d61c0687d02cc22294,0.0030241935483870967
90d2d64d9c9b55fb927f3246b611a46a,0.009072580645161291
eee221e0335a9a176a3416b1801ec353,0.009072580645161291
32ddad088e7c6a441a5b6001e4915b01,0.0010080645161290322
44e52fe74591c9edeb3f5f766ca35e99,0.004032258064516129
fd7985711566c1be2d5c4ee0835ff69c,0.0010080645161290322
e0e6e258d22bc3e3e1dcd02ca734a86b,0.008064516129032258
c8adc76e0f397a58019da6a0bdae1085,0.0020161290322580645
82238167b55a4e51c78dedca07ead492,0.005040322580645161
c7a031ef335e80ab06f985f5943a49fa,0.0010080645161290322
98359ba6c17ba34abe26eccf8b0bc8a9,0.010080645161290322
2c5ef5ac239d6680f391ccc75b0f7103,0.0020161290322580645
43f662a994d1036141fd343de084b3f7,0.0010080645161290322
70c1286ec6385ce9f4956066c6cb662c,0.01310483870967742
968bf5a4c5799dc307d8aa7a6af46ed8,0.0020161290322580645
f75416f0886406eac4e25dbe5e0248ed,0.005040322580645161
c20fd62a3aa3cadbb6dcb47d43824c81,0.0020161290322580645
50256f6addea3aaa729743299459bc3b,0.006048387096774193
edb083f600fa1a5b92b8fa0db90244ab,0.02721774193548387
b34b168bbd9fe0e3d1e9f37c7fce120a,0.011088709677419355
583d53df0ef3b94496a5d47769126f3f,0.005040322580645161
9e06f3f8a2c95d50c4a8bb343afcdcd5,0.009072580645161291
46b7dcdf3ca2ba18f5d627c29a8f78cf,0.008064516129032258
4b9e7ed4133c8c9b1c44f417bd81db90,0.016129032258064516
88daa77a50680dd6c6fc0d08be52870e,0.0020161290322580645
ef65d24b7fe856b28f2ef5849a616679,0.008064516129032258
1f391cb2e0f25c562d3f172967790031,0.012096774193548387
5ce4f6ca6b2a6c58ae16307d03ed577e,0.0010080645161290322
08eed34b7fad13cb7ca5781c7ac69ecd,0.0010080645161290322
e283600aa25564d8236aa94b1ee1174d,0.023185483870967742
8d3c42d4abe9212d2f601d47fd82ff96,0.0030241935483870967
488f0f5e130f0d1e31a172986397d018,0.0010080645161290322
62c8b198ff94d839eaa7a456b5a0c200,0.006048387096774193
5de1b3cf55548ada05d78cad36b47a73,0.0020161290322580645
23cbfe388440e6da94cc717622b33d25,0.006048387096774193
4267acd3ad0445d71d5221c4381a5ffd,0.0010080645161290322
4ef36e336191a13e52cb9e2e202e4885,0.0020161290322580645
020bd6c2f6d1da87d7d9f709957b8a1a,0.0010080645161290322
cdb7a6ac10f9f05a41ac0dd39ff5aa8c,0.009072580645161291
e5df57338c0e920a8867698ad60c47ad,0.0020161290322580645
40449e39623789be550096e31288e622,0.004032258064516129
98fd96f891c1bb249288412386975f09,0.0030241935483870967
9555d21654ab6850a9aee4a2cdada96b,0.0030241935483870967
db9cf852cb74fa21e68dfd189e764aa7,0.0020161290322580645
910a64abb7c78973ca64144c5a9185b6,0.0010080645161290322
e46c196382bec9d88fc598e19b657053,0.0030241935483870967
6634a59ada92f042280c613c876e53d4,0.0020161290322580645
c2596635a6ee4bb6a20d521a505dac44,0.0020161290322580645
b795044117d4c661d870af43bc9fcc73,0.004032258064516129
02a26db890593fe46dbc5dc6a9ca8649,0.0030241935483870967
20d29051d4b5fb468baa4af256e1380b,0.0010080645161290322
b01a22417d3c50c9b97067e9b4f7a621,0.02721774193548387
a1d635d61478874cc6a1652fa0df430c,0.0030241935483870967
35cc6265308f52ba9eac5023cc4543c5,0.0010080645161290322
591172f3a61ce362060201e6fb62571b,0.009072580645161291
7d802df921e962a18cf9994861b26a7c,0.004032258064516129
02557a9c93bbdb68249a9a59aed9b9f1,0.010080645161290322
f9fa26976179353aaa554b9841307cc0,0.0030241935483870967
6ef5665c54cfa8cebf77c3cbd1711f0c,0.006048387096774193
c7fb878ed198a4adc7d4289a81e7e32d,0.0010080645161290322
078be33326de06b8034d5aca3117524f,0.004032258064516129
bebf10c6eab55febfb982dac05990ee5,0.014112903225806451
d295a7bbc8549fc73a44a2e05b1f856c,0.0010080645161290322
4624b3366b9873c7fe0505e578c48028,0.0010080645161290322
fd2add809dda466e31e079b2424ad390,0.007056451612903226
2fbded9120cdc785be0ada976514750c,0.004032258064516129
3517731d0fad6a610014f31f1f68c9f5,0.0020161290322580645
07d2fafbf890ff2fc41bf7f68097c3a8,0.008064516129032258
585779654ead49189aa51531896c79ff,0.017137096774193547
b77c67878c2a9974f9eaa3436057fd2d,0.0020161290322580645
2d19bfb0baded8ed81f632557b5fbda0,0.0020161290322580645
6b7830f1c5cfc15a3c04ba373b1a1000,0.0010080645161290322
df0fc2530a186eddecc3e53d11e9d933,0.0020161290322580645
00828b24e47638112d7f5614de1bb26e,0.0010080645161290322
fd2b85574b0e779af66ca7a75e92a51a,0.0010080645161290322
452aa0327975e2ab0f398c9691f97193,0.004032258064516129
561b7c95261f708477ff2a17a0f10493,0.0020161290322580645
7f285afcb5b65374e9cc60700040f511,0.0010080645161290322
ca5d3185cafc383f1f32be9f2215905e,0.0030241935483870967
bfe06f8311a34745cf646a9ad4a1390f,0.008064516129032258
eae4215acb2d651ce76c5e4d10f3d839,0.012096774193548387
0d7df5ae0dc9d17f63a3dbfef25c065f,0.005040322580645161
0a9ba8336fa4ead6f2f59a54d645ba31,0.004032258064516129
2dd39cde6f729dd88a0dca7b65ec3b88,0.005040322580645161
76dd08dd037fbcd183cf12c284a9529d,0.01310483870967742
aa337a6a9a3f5c1fc32a8cdfde8d2c44,0.0030241935483870967
fa26841fc3ed0cca45bf7aafb95011e6,0.008064516129032258
fa89394b121305825418189372f75dc7,0.0020161290322580645
5b41dae84269ed8748310e39dab8fa9d,0.0020161290322580645
a135cc158b6b865f27d8993094cd3578,0.005040322580645161
40c6d0fa79eff4d0d13058d3d19d43b0,0.020161290322580645
3baa56d5f42b81f2817aa34412e36439,0.0010080645161290322
0a88fac9ddde5ceb70640fae9e48902d,0.0010080645161290322
499137328d123f0489ec91d2024c07dd,0.009072580645161291
d90a34b15addd52ba6fb456f4df4bc0d,0.0010080645161290322
26e1465c79fa8f3d56ac2c0867de49ea,0.0020161290322580645
051b53cbadc783eb78f55c15ce2ccdaa,0.006048387096774193
a6be392c09baf2c0061ba4a234032d5f,0.0010080645161290322
1215a2fcdc84951bf74e926ac13fd070,0.0010080645161290322
408981b0de39e43a29f4f95313540f0a,0.0010080645161290322
805d07e461fb499dd909d72f2dc3f6f3,0.0010080645161290322
1b6943a38c366fc71d84c62b4567de3e,0.0010080645161290322
5e904210b5b4820e2cc8b44a64317a06,0.007056451612903226
060e36c889effd29bab4269e43bd0764,0.0020161290322580645
4f7171c1840403356a21d790108c5c07,0.007056451612903226
b7a0cf39b7c7a4e38a3cea067803daba,0.0010080645161290322
5ef4b44d0c485acf04e12f3b0e259bfb,0.0010080645161290322
8ee46bec607fd103e5c9359defdedb54,0.009072580645161291
322040b8c6aab2cf2d6cd50ab0a4c839,0.011088709677419355
d640d49a2f70cb1215c9e3d8a9e1fa41,0.0020161290322580645
5ca08ce4794f764fd08364dd4d33f87a,0.028225806451612902
c42ce4c3a8e71438855f88d8035c2064,0.02721774193548387
1963c0e80e44d27f949f92ef088d5265,0.0030241935483870967
e310b3636617c824a09d88b1c8b46a65,0.0010080645161290322
fdddd34c8569223f414db3b964510c40,0.020161290322580645
a41382c87da398f9b5ff7f66ca46c6c4,0.015120967741935484
0626477cd5e734c7fec9d0bcb18d34ab,0.010080645161290322
ce348b3a70eea433353b111dfc03efd4,0.0010080645161290322
cc6cb6b5fc2d972850620017d72242bf,0.0010080645161290322
301569633b9877171d33bb7ac6426f13,0.0010080645161290322
b0122add320a5cfbac690e5a911fe876,0.004032258064516129
897ddb851f194e083c4683337e9b08a0,0.0010080645161290322
81c95483d34db6e4a98b1d19868d89c6,0.004032258064516129
e252b073458a8a986189f4469833e914,0.0010080645161290322
9f04758ba1ccf0b4465d98754f7b9963,0.0010080645161290322
c9668a30a7b9064ea0ec89ec9e50240a,0.007056451612903226
c1cf43f2460e66bf9d350122908a1ceb,0.009072580645161291
04d89f63bbfdf6d8f836123bc47251b4,0.0020161290322580645
622588ef0e50d2b4e0c6a17dabb9f269,0.0010080645161290322
dfa788f81b4ec5ba05105791b8b9e583,0.019153225806451613
404c13605dfb611ab40f6f80660ada3c,0.0020161290322580645
7f4e3ae3e888938327d3827ac917b399,0.0020161290322580645
5f9013ec1c0910886c6c20a871c9ea0a,0.0010080645161290322
af3f391ff5613553843671590b9a5e0a,0.0010080645161290322
1680124e5ba0fa23b91ccae49880e753,0.0020161290322580645
ae92f7ff4fd72c3487edf00ceb501ba9,0.0010080645161290322
214ada9a9209966b58fc655af71c2dbb,0.0030241935483870967
6fb2d5a1f24d2c3e950c26500af9459f,0.0010080645161290322
c1e1bcb5c8e4dd8a8ab782c74d7fd2a6,0.0010080645161290322
735b8a003781f778839f1da75c922318,0.0010080645161290322
d848746794ebf9bb76776591987d4ca9,0.0030241935483870967
ae1f8a5d37c1c8774e0f2504434815a8,0.0020161290322580645
fde457299c2c546816bdf407cfaa2e7b,0.0010080645161290322
1b37e19232f159204035831335597213,0.0020161290322580645
2e5ae044c1222b390c11f1c20ca0a3b3,0.007056451612903226
5d2d4f954be86600f7755d417e8583d1,0.0020161290322580645
ba1774813c594fbe060f7f551a23b40e,0.0010080645161290322
da6a686437034436a8b6556f58c3d11a,0.0020161290322580645
c77188b7d967690182b02691b56c25a1,0.007056451612903226
da57a6443f73bc4a802ed1fa87459951,0.0010080645161290322
05cccc7875a96cfad863259e2b0b10d6,0.0010080645161290322
f7eb2c6c54136830874cd7a264c68a1c,0.0010080645161290322
1be3264963f7a52fc2100e5f970f693d,0.0020161290322580645
92fc28d2821c74c3977f4b0997c3519f,0.0010080645161290322
9987c9e5a26ef13631bdf847d1c6e648,0.0020161290322580645
a7cbfd27802c34cc47a56b2b89961603,0.03024193548387097
63f579c9c2072f5bf1431cc39da372e9,0.011088709677419355
dc094d9b5b5db033e4a0e10cb80d8132,0.011088709677419355
caca0c1d0df6103238e7d50129667483,0.0030241935483870967
063391cd39d2ee13d08958fa5d59eabe,0.0020161290322580645
e376fec9da06e588813b44c3548cd563,0.0030241935483870967
094125b7a6b014e70c1d8e8eee5e71a1,0.0010080645161290322
7dc540bdedb1e1ab29e6b534ddab563f,0.005040322580645161
769c8c3ce5b9b714b20b6adc6d8004d7,0.0010080645161290322
9ff386f1248d503ae8ca8a4e0d9df7e5,0.0010080645161290322
b7855d7a53b7721e67b1779a61ce5515,0.0010080645161290322
1f0707b879a54a49bc4750569e09b88a,0.0020161290322580645
86999a36355b78c804e533b765a65926,0.0010080645161290322
9281e4a8379968834a6909a8d35a89e6,0.0010080645161290322
cd14358c8e9325447847a447ed38c9df,0.006048387096774193
57c6021002b6e6e4814364d2362752fb,0.0030241935483870967
b4b702252bd73a5891088141b4481b4e,0.008064516129032258
11fab192fe4ef546cb964c351b900660,0.0010080645161290322
3c4fa7f941ea8cc24d115ff4ed076f02,0.0010080645161290322
a0565bb0859d074030f119682a9dcc7e,0.0010080645161290322
01aa94896546fedaa84bd8d47813316e,0.0020161290322580645
45d2dfa568527c08b987d0aed75c627c,0.0020161290322580645
62fa0aabb4d7fdfc806e60d7ebceadae,0.0010080645161290322
2ecef7b331ebe2d10802a8bfe4301568,0.005040322580645161
83b28be7625e675bac833e5d2cf36d2b,0.007056451612903226
c160454a4eeeff0e1de750ec52ab8c78,0.012096774193548387
e565284350d5436e4b230843ee45d0b6,0.0010080645161290322
e5ff40c3bc507ad1920b9ec811a1eac9,0.0010080645161290322
6cbfb099b8771f7aaac8c50f1d6a2bf9,0.0020161290322580645
425dfba0a4b24b820ea9e1df01e1e221,0.0020161290322580645
9d45e16f6e319c8295cdf19c5c2171ac,0.0010080645161290322
8f54876329d4957e5a8e864638881bca,0.0010080645161290322
74081d8e6689c4d4f86fe6587140ecbe,0.0020161290322580645
08045f9e737fbdce6bbd3b64c187138f,0.0010080645161290322
132bcb565236c92ecec87caae63583e4,0.006048387096774193
8f40c7318560c362c989b57b989bf979,0.0020161290322580645
2ab4d6f28cb1519fc455224e0a8274ba,0.007056451612903226
af010c95c123359702c1a3cb8bcba649,0.0020161290322580645
c74306b102f8cb4d22f2da1ffdd12302,0.004032258064516129
a861da967259e1f2fd4dbe832b268398,0.0010080645161290322
a05247082e861da5f72b1223ba5a61e2,0.0010080645161290322
e9a6f2a00c56e098518da7810ed38065,0.0010080645161290322
35689c4c50abd010d3f88f2b48dc203f,0.0010080645161290322
3891d2607e63c5f8c86b5c35c597cc94,0.005040322580645161
812f623264ddf06882967470a87280a9,0.0020161290322580645
126209fbcbbd36cc58a60113eba3a506,0.0020161290322580645
5468ac7d33f4247e22f05b30c3119535,0.006048387096774193
b59d564e37ddc58e60d8ada3ea74e08f,0.0010080645161290322
41ad671323ea237a0579fc9ce0a359b0,0.004032258064516129
1194dab268f803e2c4a77df04c7cda46,0.0010080645161290322
42139f2b3045b9009d4371d370f89e1e,0.0010080645161290322
ab6cefdc88b32a22aa17a812d3532221,0.0010080645161290322
2028c4fec61c3289a1bcb1e4ad967b95,0.005040322580645161
3ccade096205ddfca40fbe970f9613bd,0.0010080645161290322
23fc52111b4844570e281f91565de13f,0.0020161290322580645
5b94e1033611aa9e8c14091e7415122f,0.0010080645161290322
6685a53f235aca0660550f194cba02e9,0.0020161290322580645
1fbf766b27a805d2fbe1c05cc1315230,0.0020161290322580645
d6bc69828ae0ef27e99c01c9e7df86b0,0.008064516129032258
cb93c95a95ab577357303f4130d4df2e,0.0010080645161290322
00415a6a7416f64d246283f5ac137498,0.0030241935483870967
c8d136b152e603e92a39e5b199ed8d5d,0.0010080645161290322
a35985b74bd9cb831c3f0c6985a440d1,0.0010080645161290322
e7f306bf8d3d384001f1a1a0ef2b9b06,0.0020161290322580645
eb358d8b74b5fc63636b93a808c6838c,0.0020161290322580645
8ce5e5d552aa6480fe84cf333640cf9b,0.0010080645161290322
41ad904942547f964425f9bdcafd79b7,0.0010080645161290322
b507596e6af67ab90ce421ce6f40b0af,0.006048387096774193
bcc74afa4db809d4f6359db8d25fec29,0.0010080645161290322
14c5abe74251b04029c3ba8ee3eeaed7,0.016129032258064516
969340bafcebc98d6a2c9f40bb8e1d93,0.019153225806451613
7496bfac950f8ddc9cbf7ddaa28d6156,0.007056451612903226
79ab670869d0cff415c98aca95cb4254,0.0010080645161290322
cbf8d4fa750b2640c750e8cb8f936a5f,0.004032258064516129
fdcd6808ef8269653d25dce4a55a025d,0.008064516129032258
1ddc0a97a1d184117a37d6fe875faa31,0.0030241935483870967
f73e22f8d8dd4ca89967d97c768b06bc,0.0020161290322580645
6feea44e810794d22de671ee62e7e57a,0.01310483870967742
9a12ef4a42f61e367c3de7a2993e7e72,0.0030241935483870967
3c4ec01d8285854674b47b224dac4fca,0.0020161290322580645
cfaf3a0baf6bb9c00052ef713df84440,0.0010080645161290322
90c16c3546443b3824dc100aebc01b26,0.007056451612903226
f6075ec5cb8b6341d3f42106e9526053,0.0010080645161290322
8f29cac9bca0aa65160436df7c17569e,0.0010080645161290322
cc94975b77be0855245a7afd88cbe8f8,0.0010080645161290322
ac259334f00508138b2d08a47bb44698,0.0020161290322580645
bbdae993d265c887e783182c681b3e0c,0.004032258064516129
88e5f145ef29035e315b793e36749e98,0.005040322580645161
b70bf330ac391eae21b017d09e496192,0.010080645161290322
ddbee449ea64b2609257fb8bd0c52081,0.009072580645161291
d320b6f5915fef798ef58150d96accb9,0.0010080645161290322
b35f1fd25efec863cd501f8ce348a628,0.0030241935483870967
b56c3791c479f70c7d6576c830097773,0.0010080645161290322
9caff7dc297428372b4374fb162122d2,0.018145161290322582
957a1c2a537d343b5cb5cb5c02a4fe20,0.004032258064516129
f01e336baa4c9b77a22cf5596e02a833,0.0020161290322580645
4b993bc69ae56751534153e6c12f66cb,0.007056451612903226
321140de0a7e21a8536a653ff6ff23ed,0.0020161290322580645
f40b0fb477426796c64b98a846876b7e,0.007056451612903226
592e3dda4597cddce4e69232621a58f5,0.0010080645161290322
9a6b3d01b4c078f0150e729b2854b0b6,0.0020161290322580645
29db8f6fd0ee9e838c10f74d844ae7bf,0.010080645161290322
f70615df1aef0ab6a5f3929fe1a86974,0.004032258064516129
41934471dac4586ce91a3d3bff98dbbe,0.005040322580645161
90be32959b242ac24cba77aa06073661,0.004032258064516129
eebe74aae6e4d3379956824feafb7f9b,0.004032258064516129
f8576a468653c6443f15436744ea2e38,0.0030241935483870967
ddccfdda10d28dabcd5e0a28d01b05e2,0.004032258064516129
6366246fb433fdf8c58a79b19d62ade6,0.0010080645161290322
c4a76e6d61aecb7cd75186ebeba350c6,0.004032258064516129
5378a676c6bd3bb6e7c91a888af416f9,0.0010080645161290322
c7c86f7083268797cda6ffaac7c86608,0.0010080645161290322
a8a8f3c448299e522a22370c40121021,0.0010080645161290322
4f0693cde9a441c2a980090fa014aef6,0.004032258064516129
9dbcdb9c3e4e909aebc9b7f0bfe21b19,0.004032258064516129
ef5430e62a3f1fe929a5f3fdf936463a,0.005040322580645161
fa535291ed7d272ea9b741a4a4f3e6af,0.0020161290322580645
b11f109c87b5b98fadde4e1043a47101,0.008064516129032258
ae2314379563a63867f04675a88522af,0.0010080645161290322
b27b6582c75c63fb1b3a9c10c54c33e0,0.0020161290322580645
086ffc7ec704918c18bd346de40a5153,0.0020161290322580645
fcab01e402145abc9e946d12aad1cde5,0.010080645161290322
9af3c2d61157ef0046043ac5ddc4b4db,0.005040322580645161
fc9bbe0f30e20e5eaed9e0a14d579f08,0.014112903225806451
c36d0ff714fbd599a2a25c9636c306c1,0.004032258064516129
2800d79ab554ed4c9eaf91e49a0e0537,0.0010080645161290322
32a3c12e3147dfca6937319eac848506,0.0010080645161290322
6f4b666c6b83d46ae2fb0ac033c785c8,0.004032258064516129
6737b718fecba9e18b26b50bf21ab54e,0.03225806451612903
f2ee10f848183a8b455c2757c042c02c,0.0010080645161290322
36d01a4a3b80edaa950495176f3a0a8f,0.0010080645161290322
6bf1bc2b499111254f4fa08ac345317b,0.0020161290322580645
9b703282c4df5bb618947f7e9afae1bf,0.004032258064516129
a9cdbb591aa45bbfcfd15cc0b18e1edb,0.0010080645161290322
c7b13dbf7b892b5446fbfb23da080c85,0.0010080645161290322
02fdee45f429ddf59f9bc2360202f2d3,0.0020161290322580645
a50f25a54ad867e506398365da1e4716,0.005040322580645161
8893d261190d6e64e051d8beed55fb18,0.014112903225806451
9792e06098ff56781e9ff85954371e1b,0.010080645161290322
ad0c19f5400f7f83c48cc915bedddabe,0.008064516129032258
706df541e2efb2b322a67782164b8cc8,0.0030241935483870967
de5f899ddb831027f2312dc34c6ad303,0.0010080645161290322
fbcb63e80e0294d442f9f6edad01c970,0.005040322580645161
2d7bd8b6df1e6e4504b089522c57f930,0.0010080645161290322
d46cfe8d6f991046cb59b33f05f8f595,0.008064516129032258
cf37da6a167f6f73bcdc7b76c6a9e0eb,0.0020161290322580645
33424a2204522577906370a10de243e5,0.0010080645161290322
fb9aec484ace94fe10b8d6b0537e4513,0.0010080645161290322
9b919df92b88b4bbbd402f1a76dca85c,0.0010080645161290322
2dce60ac1e35a7b25b651cd3ab35a3ca,0.011088709677419355
69ee1bac4e4ef55157f316a9c9a784c6,0.006048387096774193
eb84d0f63f39177c7fef7b5df9ba3c37,0.004032258064516129
99befc25ee41bdb31740d65d9e17c55d,0.004032258064516129
9ffbd6e66ae2e988ff107ea32f41e2af,0.0020161290322580645
14aee19d132ee265ca97b37859f574c6,0.0020161290322580645
98a3d88168f60e5cb51f539431104bb2,0.0010080645161290322
3b7d50d6112d78f9dc5344b5f8bf5669,0.0010080645161290322
dede8f12158636b835fef51809018893,0.0010080645161290322
ec366ff650f0e089e4f2d42f11683b6b,0.012096774193548387
93b5e7b52fb6f35aa47d59950f1f5545,0.0010080645161290322
f529ae979e9b5ec4543ccdaba698f375,0.0020161290322580645
4be7b0794fa7b9c1fae088f2f8e59553,0.0030241935483870967
165b2c2b773372c9dbd78acdcd9f09e2,0.0010080645161290322
860fe8df8d0cef35aca2fc65b68d6fa0,0.005040322580645161
03723a1c4d671d5542ba351cad1782e6,0.004032258064516129
3a54bfc47051518d3bc3c8134bfc402d,0.006048387096774193
56806f00d8fddf4659630582695112a6,0.0010080645161290322
f4326218cfa0414039bc69432ac0eeec,0.0020161290322580645
61665d00a486d18fd2447472f8165c5a,0.0030241935483870967
a4be3b9658eefa4723643e64873a31dd,0.0010080645161290322
65ba5e3f5c178d822e9da1378dd69dbf,0.005040322580645161
12455e88bbd84e5df3b2f067694060cd,0.0030241935483870967
543ed8815c4494de1aedca4d4d674c9f,0.004032258064516129
33afbac486d95f2eddc66af02d7e75d9,0.0010080645161290322
dff08780365dd7d2d5e651e0cd5466da,0.004032258064516129
1ee944ff0f80e20a16357a9dbed6ae0f,0.0010080645161290322
a38f72b8faaa96ad5359ed26374d272f,0.0010080645161290322
c4c4ddc055eb5813b3395b4a8f2e47d0,0.006048387096774193
7050974ce171b175877f90a04fdc1c73,0.008064516129032258
c18980cd339acb8eb177825442bd53af,0.009072580645161291
0e7eadd4d579a0055878abdb196ae96e,0.0020161290322580645
dd9814e5f91d699a64619165aae08cbe,0.0020161290322580645
3cb237599d05ee88f73dbd77bbdafd02,0.0020161290322580645
b8a2f92d2db6a303cdf228d339a18d00,0.012096774193548387
4130e1863f1038c4b0407c0dcd8f2456,0.0020161290322580645
76e60b3dece0b7f30574b1439b289a00,0.0020161290322580645
01c79c3011b07b7b90686b423e63c79f,0.004032258064516129
fab3544eb4aa9b4505c44596c8acb6b1,0.004032258064516129
900add3cced8b0263112a0cee2a338c1,0.006048387096774193
26a1d4a900dba0998a725555b631743e,0.0020161290322580645
2b1142815c3f3f77fe28bd88ad38631b,0.0020161290322580645
a081fd56fc44362a64544b926affccb3,0.006048387096774193
00ee077f0dcbb79f0e673adfcaf25766,0.0010080645161290322
834c6f2040d42361e86b37f565e066a5,0.0010080645161290322
e6d89bda7cf77dcc85e55149ddad5cc8,0.0010080645161290322
297c5e0ecc39f35815b3454c2710e6af,0.0020161290322580645
66e972ca5533c021fab0f9b29de22850,0.011088709677419355
74ac03ded3af3d9238a1a27ec03850e8,0.0030241935483870967
1bbf822eb8fde021ea1a138784d37eb8,0.006048387096774193
1849c14ecb417b2cde51701d7132bf0a,0.0010080645161290322
6585bd43fe2c40960d3702dbfddc395a,0.007056451612903226
17254a1071e1e8ef3208bfd6a88461eb,0.0020161290322580645
9f4ad4e81740b085f8d0fe54c4fceb51,0.010080645161290322
c62c314a59dd96cfd9208b85db9d2ccc,0.008064516129032258
3550b5d055a9d2769671be45af10115f,0.0010080645161290322
f490a78132ebaf2615f31dba509bb61b,0.0010080645161290322
5e0efbd987166ac50cb4920606996c2c,0.008064516129032258
1dfb834fdfd78c7f80cad79ad1d683ba,0.0020161290322580645
ab9599ed3baa745f611e9d9d57fb6c70,0.0010080645161290322
8adc576cfe71d18c64d2e94144ab8f0e,0.0010080645161290322
075f8821bc5c57034fb74afc07233d97,0.0020161290322580645
7b57508b2fa9ab186e7d4c85ef90d94c,0.0010080645161290322
ba5eb7c8d8228bf69a098cba29acd889,0.0010080645161290322
d311f5ed3e4dcfaf0bff8bb0ef92e290,0.006048387096774193
8d40af6bc0786bc5991a6856f7b0dd3e,0.03024193548387097
7bfeb2034d714388c9c29a22448f44f7,0.007056451612903226
cf75d1ebeec7236edf1c5a1a2048b647,0.0030241935483870967
23fb69b106da56bba837da3391ae890d,0.0020161290322580645
4af5b272c48501cd05e6c20755f0baa2,0.0020161290322580645
da860022808478021cd706eb0b25a9aa,0.0020161290322580645
33b417c14f32020204ec23bf43b5ee68,0.005040322580645161
d7b665ecf10e07fa653c3e116e818334,0.0030241935483870967
11aefca293f74cb32b2969d79a930a68,0.0020161290322580645
953b58dbb5b6047c833dcd46da18a21b,0.0010080645161290322
d837656cb452b457fad8abe0483fe0b0,0.0010080645161290322
76cabaedec6b3a569baa48facdba872a,0.0020161290322580645
e0e54e6d922d85de3c95eb039b7271af,0.0010080645161290322
952e9bf443903ed7e6d46f4b255200ef,0.0010080645161290322
75e5e7c133e5f629c5d6b993fac5d241,0.0020161290322580645
5d3fed1e5effb083c6ab1d5a7688b52c,0.004032258064516129
ddfdcae0167f5967e6b29ce781b8a060,0.007056451612903226
d8576e11c437e2a8d7827badf1a37ae1,0.0020161290322580645
d6ff013c5947d6fee7cf6b2bda3d9412,0.0030241935483870967
b3d03a96b9a6da653c0cfd2584c7c5cb,0.0010080645161290322
e9c8fba71922becb6932930293f195b8,0.0010080645161290322
169572881d1215094a9863aaca32a2b1,0.007056451612903226
93955273031efcaf14202e282a9e39cc,0.0030241935483870967
7a70c9993dfade3adb5733187cfa9636,0.0030241935483870967
a2311cf0a164946828156fe352f80e15,0.0010080645161290322
3f910dd79baeba3e31cc08781c76d677,0.009072580645161291
c35e3b63b6835452feca3aae8955952e,0.008064516129032258
79dee9767ff93641460ed36eded249ee,0.016129032258064516
42a67e14870cb47c223ad59ae42e574b,0.004032258064516129
7f2117221a5152f27167be2f5bc4a37f,0.009072580645161291
8d30977bd2fdcae23e80b47fd0a7d0c2,0.004032258064516129
dce52de86e046e9b536940bc51d70747,0.0010080645161290322
161551008a744871aa77a22127bc4369,0.005040322580645161
18352112cab78ec0271bee0a9be4decc,0.01310483870967742
6df8f7c238682e17c4fce8cb0b93d0c3,0.0010080645161290322
ab333f3dc6c55e220a52c60825df82ae,0.017137096774193547
c2a62e25978c88a79f000a478292ac03,0.010080645161290322
b602448b25969e93f605c3a238783e52,0.0010080645161290322
9ab2b899d1b45d1e9a26f9146527a196,0.011088709677419355
26561e4e9449f1f49b927b3fbf91ef96,0.012096774193548387
36c16650d768dfbbb9da454323e94ef8,0.0030241935483870967
04778a3553bdd38d804672c486da3796,0.0010080645161290322
7b28f4bffcd6a407480c68308362dbc8,0.0020161290322580645
bd4dcd9b70bcbc1a1396974fba8c368b,0.0010080645161290322
2eff8c71f92a840857f16665a340b125,0.0010080645161290322
b490b3b91b38e700f3cf8d533401a74f,0.0010080645161290322
06e88391438e2638396f57c88d112257,0.0010080645161290322
d8ddb67062b892a1319b269c4b999cd0,0.0010080645161290322
b70b84c21c174bcb773e086c981734c2,0.008064516129032258
c5eccd87e2efd31fb4eb567cef97b8d6,0.009072580645161291
77c6cd8861e74389771ffd49079f4da8,0.018145161290322582
b933144efdc293d9a7d04057fe870de3,0.01310483870967742
8f90bcb3ba5c34fb4a64c3b9d0eae96b,0.0030241935483870967
d4e91bfd2fa1dc21419d13c1a102a91f,0.005040322580645161
f23d39689ff91d9909af41df90525681,0.0020161290322580645
f39a54f8b95dd247041f4505af4fd910,0.006048387096774193
02bdcb1b50d1daa1ed549c935cf1f359,0.0010080645161290322
f74b610379a1168d8ffdff4225fc0628,0.004032258064516129
c8043ad4d57458045129a78cb5f8c13f,0.0010080645161290322
0688081fd635b516742f50df02859572,0.0020161290322580645
2b854ae657d874a3b7c804ebc9c1e50a,0.016129032258064516
f8565bba504312429e72b06c83bb3841,0.0010080645161290322
7572c2b502e53de0189564e75b71c92e,0.0010080645161290322
0fa01a27222db8a497f42d0ab150592e,0.012096774193548387
f875d89cef70bd691b022fbf3fd0424e,0.007056451612903226
c0e9770dab09760fbccf77c3ef5136f3,0.0020161290322580645
abb9375a1ed1242e7a1e2816b8774746,0.0010080645161290322
5076101b11e354dd194fbbd766764cea,0.0010080645161290322
d55ca06fadad8258c44d217afbd4dc78,0.007056451612903226
76c3f76efab7b5a18c2d186cb34e8be7,0.0010080645161290322
ee29ec71037735bc497c1c6facc6908e,0.0020161290322580645
7f4d0b66dfb09d44b2fef660a51c4d92,0.0010080645161290322
43ff4ec79807f19085cf6d517abb91f2,0.0010080645161290322
4a369ad498987b582ea692bb7dc06156,0.0010080645161290322
323ce92cf44f0033dcc77c5b038f53b3,0.0010080645161290322
d9adfea51e0c2277b88f9e4020588bbe,0.004032258064516129
47ccf26fef482e7ed5bde91c08451425,0.006048387096774193
bcf4bbabbfad299c843a32d16a6197a8,0.0010080645161290322
0a864af549f1fa755f3c0abac3b328a1,0.005040322580645161
315cbb29f163142f076d3e78f42dd9e2,0.0010080645161290322
2955dcf771303332d2a9314d1441b45f,0.0010080645161290322
7ead39abbaa90f90242247c455393162,0.004032258064516129
05ee49767e66b96c525c7997431d4332,0.0010080645161290322
ad8503db679d8050806970b5f8f2ab0f,0.0010080645161290322
dcc848c112d2d53a870529268223fdbf,0.008064516129032258
3f8d2071637e849a83767e4e50c00883,0.0020161290322580645
979f6892c651815f001cf3196f19975a,0.0010080645161290322
ddee20d16fc06dfcc567e195a7c148eb,0.004032258064516129
bb6ecae249ff2c7a413e6a7ca7a18b83,0.014112903225806451
374d032376d458be0ddd0d7eaec42f09,0.0010080645161290322
4c5beaa293a6ed571de0bb182a540682,0.005040322580645161
0e42d35933cc05b2d938f1efc507b73a,0.015120967741935484
0c6adc3c916cad39ea1578da6f7cbd92,0.0010080645161290322
47cbc2632f038a09d25fa6816feaf895,0.0010080645161290322
f29c847881368465e4e89331e2e182b9,0.004032258064516129
2cddb459a9efe1c6a09a4ad7186b7f96,0.0010080645161290322
0a5ec7a54805ed2268f14ce3f8fd3a9c,0.004032258064516129
62405e2f6607a3c4e9a9059cdbda5767,0.0020161290322580645
3ff9f7e819dbdbdc18393e3cf7a3f3f3,0.0010080645161290322
e00b8299c5cd55170459ef43fa4cb946,0.0020161290322580645
b1c9f015d5da28e1b7ac2625aed74ee0,0.004032258064516129
0f8590a72755fa5afa157441d6fbcecd,0.0010080645161290322
28ae77f5316caabe7e16655ba951c3aa,0.0020161290322580645
3f5be7e8f0ff5bc87eb04519d08941cf,0.0030241935483870967
3bd2efc72f72356dc254fc713886562d,0.0010080645161290322
3aa7fbd15d6d7f0ffb53b0cd96ae63b6,0.0010080645161290322
58463ef6a5665317e464d8917bcbe61b,0.005040322580645161
90fe47286c3039289d95d676bf293ee4,0.0010080645161290322
7c6aa67aceae0e7c3b277dcf2300a610,0.008064516129032258
b51d57b433b7115d5283c99cc3bf8cb7,0.008064516129032258
f9efab0772918805a8796fc0ba2c26a3,0.0010080645161290322
684fad28731c84efd2d63a1e5e98c765,0.0010080645161290322
4c03028e81949ab91b05ccd385ccde3f,0.004032258064516129
e6874ac5b5e1e3b3bd63f668ef199878,0.0020161290322580645
742bb91827a58433084ff034c8480e9d,0.004032258064516129
67ffb957ed79bfe72816159d072cf901,0.010080645161290322
8930a425e155e7c735e46fc83da1f949,0.0020161290322580645
48d2bd7092b44da311f547be50ae00ea,0.014112903225806451
738df3b304acccf02c528988932e1823,0.0010080645161290322
94cda05b549d5119f5ef8feeccb0de2d,0.0030241935483870967
70085b4c405f88fbacb5eb2e1d01f12c,0.004032258064516129
f2e4722c67490207d8d438475092610c,0.0010080645161290322
85e0362a2296f3a2395616741e3ab8b5,0.0020161290322580645
21017423198b54664287fb838bc7ac42,0.0010080645161290322
dae9a7efcd5b6c777f1aa403dbca553b,0.012096774193548387
f8eea686ec16b69f04138c392ef220fd,0.0010080645161290322
94755494bf765f82fccb3df82531b89e,0.009072580645161291
3647449f1caaf684e319f1a0209894e3,0.0020161290322580645
dee1f7af495be10db3abe653060602df,0.008064516129032258
74c64bc4e78a99d7cdd9a8df257e505e,0.004032258064516129
05b1ba9e49fe613a98187da369fa2ed6,0.005040322580645161
61ea02ab07083fd1557f76af02de00c9,0.0020161290322580645
94a545586a38c2cd777db8f549ad424f,0.0020161290322580645
d9286fe4a1a7a8459efc38551daa35aa,0.0020161290322580645
d58484213ebb2b3544285ab29a8c3683,0.0030241935483870967
ed5510fa3f4b01f38c17aa5e1ad8836e,0.0010080645161290322
9ce64d38f03b0de91be022e8de7c4927,0.0010080645161290322
b3c0d50e2ecb08e613f9104ccfdb43d0,0.0020161290322580645
e9c8bf0c6c6732d0f5f5b161a2896e54,0.0020161290322580645
76a2dce24493bef0f3c9db6c1369d3c0,0.0020161290322580645
219d2ac2e47968bb839bfa948559ebcd,0.0020161290322580645
e4bb635f23a5bfccc3bc3ee15e13a635,0.017137096774193547
33130bd05230a4693d9e63afe33cc35c,0.0010080645161290322
151fc8dac36d9875444b21f7a6a7c2fa,0.019153225806451613
b9811dad947c505793abfedee0437b8e,0.0020161290322580645
714cdc1463981551c70abb8603f29f62,0.008064516129032258
54309b4443f36532dbe11c6d14953ef8,0.004032258064516129
746ff7d46f5a2c949680b576472a0320,0.0020161290322580645
c8179582cb987d1f69dfd0bdd577fab2,0.0010080645161290322
c01b6533a1de2410793223958ea59793,0.004032258064516129
32aafe68c8a393794b33ed02ef5c2393,0.005040322580645161
70ac0cd714d5ab41f4fc7760e5eb47bc,0.005040322580645161
0ef27a580927f003ea232388cc1e3202,0.007056451612903226
30b62aa85eb14833be58cb74858acc94,0.0020161290322580645
a8e12b5a4ca5aa3b09e1edec4733598b,0.0010080645161290322
2d60a8aaf2944f74fd97cdd15f873d3e,0.0010080645161290322
4835789ecd23d038f7babae0bd128a07,0.0030241935483870967
90ea0463daacdd843465edd0e1555496,0.005040322580645161
6738a89a2e817c01e6f78a3e15759042,0.03326612903225806
8c3fd13e6de068466b629450fd10e1e1,0.0020161290322580645
934e03ca34ebc791ea6f347312bbc482,0.0010080645161290322
c5c19536e4100b033389d5ace5f657f3,0.004032258064516129
1380eddf3e64fb3420816a4bac135680,0.0010080645161290322
5e3c5ac134e29213a23577bf4922856a,0.0020161290322580645
788442a4be850bf2b5a43c732bea6a87,0.0010080645161290322
fd561a777ae5aac85b5113737559f820,0.004032258064516129
bf9ad89e1064eaed9e62c066b92eb793,0.0010080645161290322
989e8884e34f97b7a908c2b850f0a49a,0.0020161290322580645
ba3fbe677b2696b7e4ed77e988e30c10,0.0010080645161290322
646b0d815503042287a338134688a5b3,0.011088709677419355
3e0bd9959cabfcbefa9e8339ad456153,0.0010080645161290322
3dd6e93e6c5ee3244750525f93e43d61,0.0010080645161290322
7edcec599096ad4a3806b1a4ade0847e,0.0010080645161290322
cbc78463689889049c8ecce83f9371d0,0.016129032258064516
7e016a02cb933faa8ec2fc0e29d2a3a4,0.0010080645161290322
40eccad6c8229ea119acb781d8f44a39,0.0010080645161290322
56c0f57a1ae4703a3231f803e55ad3b7,0.0010080645161290322
1ec1ceed3bca315b6dcb886f4623b248,0.008064516129032258
5d3cdc292be2c8ea804f936471273435,0.006048387096774193
2bcd8781357b28f38c17c11198797b64,0.0020161290322580645
b0e0238314e7d60e0c770530526ad011,0.0010080645161290322
04079d6709e51922ddcd03901eed3797,0.0010080645161290322
ba6166b7708623daf8ebbd3b756ac690,0.006048387096774193
88938e4cbf7e8236b95218106e58f89a,0.0010080645161290322
85cdafcbf33e0e884823f0612dc180c4,0.0010080645161290322
075614efc7d3dd61cd64a4e5f17078ae,0.004032258064516129
932be89b874a78be95607e7724725911,0.0020161290322580645
35010999c57dad98a671073caa37bb86,0.0020161290322580645
d0a47976923dbac0cb857c06754ba68f,0.0020161290322580645
924ce5c8f988eca322538b2c0445540a,0.019153225806451613
137290c104a0d56891927846a0721022,0.016129032258064516
6222ceed08377fec58cdd5113f68b8cb,0.011088709677419355
0eb2e17b3f99b32577f6bc33fb1ec91c,0.0010080645161290322
793a7cec7b7221a0a08ba0812d24a821,0.0010080645161290322
8e9f597766a618da753c39c1a3829565,0.006048387096774193
24b31735989e2e51f430839343e2c246,0.004032258064516129
27bfe3d2c5af79b0fb7c7d28a248a1f5,0.005040322580645161
ab62e11ac4b4d32a5fb9a1b1e4c5e11e,0.0010080645161290322
5e628e43f719be9a241a3ed0c323a6dd,0.0020161290322580645
43ef5295257d76f2bd4d107658a0b822,0.0010080645161290322
9e3a0a182b6484addc30ee1141560cb4,0.0010080645161290322
f35e1e54fe6ad5edbe68c0f2a9288510,0.0010080645161290322
c185e6715820202ad3e94f8c2710b8f0,0.0020161290322580645
95ab6264eb1dd7fbb9e650b1bd20b012,0.0010080645161290322
a094c1b0433e252f82852bb573930222,0.0020161290322580645
9f574d33a9cf623d609cb4d6f44d5c67,0.0010080645161290322
525d64ff8a5140d13235ed64009a3494,0.010080645161290322
71238cb328048f9b9b3f9c607fedd4c9,0.0020161290322580645
5fb05a52bbbc419d66c4f1e79b7273db,0.0020161290322580645
29085e5d1263333525fb3a52b8b54ade,0.012096774193548387
6ad14aaa87862f23d613989b1246cb94,0.0020161290322580645
4a360a0e4c4b801a0168166031b8dc59,0.0010080645161290322
f465d50c325b93deafce2e3b5cf0457c,0.004032258064516129
d15ad8d3c3d768b91cb6a22b94472a89,0.0020161290322580645
d6d8eadc4b439d6cfb426acfec8c58e2,0.0010080645161290322
fe897a6bca5fb253a0d6809fb2ec035b,0.0010080645161290322
f3c46767b5ee373204436a6c19151348,0.007056451612903226
2b59aa0b22296338b52472f203cb8972,0.0020161290322580645
ffbb08313f7c7e9be8a06b368d4618ee,0.0010080645161290322
f7943282a8cc5d6dde26b875753859a2,0.006048387096774193
85bec36ecb4c7f2e55d4ee59ed8a2b1d,0.0010080645161290322
10d4a97837fe76d421216acd95f9f46c,0.0030241935483870967
d44fb700be9f43f1b67fabb718117ccf,0.0020161290322580645
b31df429d0ada8aa1a4ee58673b5ea77,0.009072580645161291
7aeb746f21cb34ef99b714e2fd3d72dd,0.014112903225806451
be50d8a71557bc431571fcc509eeb6b4,0.008064516129032258
5820539986a6c7db26b6bfb184c7c643,0.0010080645161290322
cc8b5cfa79cd5f56779519a6e88f4a2f,0.016129032258064516
4bbec2852d495b6dde4951039025ec22,0.0010080645161290322
ab5db1f926d4435ef9cf3e9a59983d42,0.006048387096774193
a935e96e6aed71947964e0d3282bed39,0.0010080645161290322
a3f560e0de395e0a159bf8e4f98d9343,0.0020161290322580645
e840435e291d3186b59e7df8c9acffef,0.0030241935483870967
c009ee9e64898dba988850b711e090b2,0.015120967741935484
af486ab07942dc299701cc3bf5782b3e,0.024193548387096774
383e7d15554f67b062e3e3843e6dd09d,0.0010080645161290322
c2aa06d23a58743f78d32f050375bbdb,0.004032258064516129
36af6ef7a479871d41ab29156e6ac53c,0.0020161290322580645
45e3b409afa051d78c2909351cf7b303,0.006048387096774193
7578d4d0181a455b27f73131be5b044a,0.009072580645161291
5d210c66a5ee6f5d4d5889f75211aa31,0.0010080645161290322
1fc9389433a5ed33af26e3985bdcda26,0.004032258064516129
0ad9a7cb0d72fe035b91c5e63ac28e27,0.004032258064516129
21278804fc421e8358dc387826b24499,0.004032258064516129
e427491a0189599f8edaf10fda929dcc,0.018145161290322582
ba188b34f68ab1f2049487e803a08606,0.0020161290322580645
5913a889c9087fc468b470f0cd979326,0.0010080645161290322
0c97055f8ac8229c327c39bf1d8f79f7,0.015120967741935484
f0a47a9c0d66915a6495a904d8db42e3,0.006048387096774193
5c067ac7f3af93ba472a775d06f3cb8f,0.0030241935483870967
a1d4a74c07d4d5052fbc06af5e8c9826,0.0020161290322580645
430da0b6c786f7294c04d8be5a3d06d2,0.0030241935483870967
cad10958058a3c17411a419316863553,0.0020161290322580645
be9b4a22708dcd746a85a9e97cd5fcff,0.007056451612903226
8c7aa0a6d24ab9213e0c6e665c9b338f,0.0020161290322580645
95377e2712b3a2ea60b9989f5e397382,0.0020161290322580645
8fe0851d9d586fa7bf7511cd406c033f,0.0010080645161290322
edc78d0900f79aeedf84a079378f6725,0.0020161290322580645
2baebbf26d21ed4347d0fe7a7089af60,0.021169354838709676
d77bb5e1f9a8077eda6d88c81e88667d,0.0030241935483870967
056a6224da987f95f133f21c746f9fc8,0.0030241935483870967
1647fca3b839390a88e42d8f4b48d92d,0.0010080645161290322
a0247708b48e9e3cd414c6a4a4726cad,0.017137096774193547
c1c84705f3ef892121b20969f23ed1ad,0.004032258064516129
2533f3ff15596334c238b5e354edf038,0.009072580645161291
7f9bf81e1e2e10055858a2c93bff2580,0.004032258064516129
90ca18fac66dd3838d798e11776214f5,0.0030241935483870967
8a5b7bad95c4907cba932dd2a88844da,0.0020161290322580645
8705a33696b46f16b4ef44d6cdedc070,0.0020161290322580645
5f82545fde53f70ccee028132b7d511f,0.009072580645161291
4a7979e3cea852a1207908f88f3ce9fd,0.0020161290322580645
aec99545641713feeaca86ea0c1e8a12,0.0010080645161290322
0e47941df4472ab49b818077c1237293,0.0020161290322580645
185f8a1b0208dc8949a38de6e969d063,0.0020161290322580645
b5a9d7cd13870896e9d9ba31857f08a5,0.0010080645161290322
a04aa31807fb7532f65313f49d150211,0.0010080645161290322
d798e457bac181da375fda211bfff97f,0.012096774193548387
ddddbc8e4b879822bfbedd02f93672dd,0.004032258064516129
12344444158176c73cfc2ea7025954e0,0.010080645161290322
12024a8a3d024f0f03569c9164d78432,0.0020161290322580645
ba4a5b15dbbaee77b7d764c233d60ea2,0.004032258064516129
0bc2cce7d7d2c6dd4a95731f18e09c4f,0.0010080645161290322
f2f8942f7239d4c4c2b52c2a23ef1427,0.010080645161290322
a677695fdc927696d6c77d5a0652dca9,0.0010080645161290322
0107daace2fa616b69b7ebef182e0d7f,0.014112903225806451
3636f4949a6df9fb6d0733b10730767d,0.0030241935483870967
ded2a060a7383ee260cb80429b720c6c,0.0010080645161290322
6bc0d7ac9d81558dd4e04db1f09fe076,0.0010080645161290322
f8d3e20668ebdb006c5617215c34b8e2,0.006048387096774193
73ba9d03c075580437b54444fee14744,0.0010080645161290322
50cfa7f9d0e30842362429d07cb92944,0.005040322580645161
217255ec94eb4cba4e537906e742d27a,0.005040322580645161
2ff7854fc6cd1ca57cc75fd8d4efbbb9,0.004032258064516129
98f983288a1319483a9d8218c215b87b,0.0010080645161290322
ecad2e626bdd1081a688dc0a44b0b4d1,0.0010080645161290322
cc033a61d02ed6562768c285ad50e276,0.0020161290322580645
948cbb292987718f5c72fba547bc5b05,0.0030241935483870967
307996a7697e693017a07239db289ef5,0.008064516129032258
1f7a30acdca130bab3cb0f0e97a09f50,0.0010080645161290322
2cbf227355903fa8571cfc55ac75f071,0.012096774193548387
114a7f460c9588b33a50b33b99c78bd0,0.0030241935483870967
f8dc4d17a9589b91dc466d20015518e4,0.006048387096774193
de6a4c1743ce4c2591e652cc5b538319,0.0010080645161290322
6eac884705a13575db297fad7966d9a0,0.0020161290322580645
461f6e4a469a2e70b9acce623c3cc933,0.0010080645161290322
13d1a0069038d8857f3231f26052dc3a,0.0010080645161290322
03599f77feea2c0ad2c41ed251e02508,0.006048387096774193
4acf9034e78fb959d58f94eae4c7dd29,0.0010080645161290322
b088e2501e058be7dc9799d1264d8460,0.007056451612903226
79e61215dfb3266b529aca785faeb1f0,0.0010080645161290322
c5f0d371c7b9586f1bd1e9ba864e1370,0.0010080645161290322
b0ccaaa9e0537b219a52be040956aa2b,0.0030241935483870967
81cebb02fcce8e366c5667e7960c5d48,0.0010080645161290322
351c067b97695e2d31204a8c15a36070,0.0010080645161290322
a37982c3dd90a6806c9a598bb50b17cb,0.0010080645161290322
b19e105823f34cd1710c56f8ceef4ca5,0.0010080645161290322
68b803af0df14b893037f5d4a1aec128,0.0010080645161290322
f4566ea213524c8577584c3ac8b19890,0.0010080645161290322
0c6522c021ccd8a7d67c5b241bcefc95,0.0010080645161290322
771a67199083c3628f55f03f00152e81,0.007056451612903226
b41785b66908aa1550b52da98e9c8bc7,0.0030241935483870967
4ef3055d55d33546d5879e21c58dbee6,0.0020161290322580645
5bfc93ba017bcfd96a0a2668e7b87ec1,0.0020161290322580645
83f50f95ced9657c181ca63e1ba15b20,0.0030241935483870967
ac779eef244e5c46c56b626fcedffdfb,0.010080645161290322
c6a4a5c49beabe7cf2c0461790ab3929,0.006048387096774193
2aa20ecd28752eecc00a1977bc3c1319,0.0010080645161290322
ccdb5f6545b60213f8e958a9dd05369b,0.0010080645161290322
0dc287ba84e0697c4a523c5cff310fc1,0.0010080645161290322
2a7ea021e1e23a7033514680a8867514,0.0010080645161290322
81705b95d0fd3b44780b901b20b44e96,0.006048387096774193
81a66f2e18708a4a747b1f442d2abe47,0.004032258064516129
a4b6ecc7ed276682dc904a63f7eb913d,0.015120967741935484
93f6227c860976b230b00284867d10e7,0.0010080645161290322
4095197688683dcb5eb28f3937819714,0.011088709677419355
70e2de495eab016c7b7a5ef6a13a4323,0.0010080645161290322
a81a80c17eb1353e6155428ba5315cfc,0.0010080645161290322
3483d261f1eb190bcbba1fbce4dabb2d,0.0010080645161290322
026d62a342dc260a62de1b24fbfc5daf,0.0020161290322580645
4a714cbc31cfbd8e9c33e382db883a9c,0.0020161290322580645
f4b84d33e7e992fdcc68ce666f80d90a,0.008064516129032258
2e20f231030e8549cd53febbc7ee3b43,0.0010080645161290322
414b58a87cc0af14712e305a47806dda,0.0010080645161290322
52d892e8fc94eb3db773e601766633e3,0.0030241935483870967
cbf3fde1acaf3b791dbe9577c7e242d9,0.0010080645161290322
ec1c1b2d51ee77f39e191dced637d071,0.0010080645161290322
4d66ed062798a067923248696dfc0696,0.009072580645161291
b2902f7d33c2c28be71b9f5698de8400,0.01310483870967742
22c7296600803ce2361bc6a9b0b5a054,0.0010080645161290322
a356e8633cf0b5dbaa95e751c3d9e003,0.0020161290322580645
a35d991b7fdffef0b5eef0b2970b2d7c,0.0020161290322580645
5a780d82017967c39d04333eaceaa7eb,0.0010080645161290322
c09959e32cc2947be463fbe98a2a7f78,0.008064516129032258
4346cc40d813e80f9621a2ad9bb75cb4,0.0010080645161290322
f0778e2bcb5cc8dfdb4bf443459f21de,0.005040322580645161
47ef4ee2e5b2bd662e0ae6c39003cdae,0.0020161290322580645
d28cf42b27d52d2412fe6b691a20d29b,0.0020161290322580645
9ecbae10c6b7780646166842feb28ace,0.0020161290322580645
1794f4e9b759cb2ca902d09380f13c2e,0.0010080645161290322
20fdf3c37da0aa6039f052367946a705,0.0020161290322580645
9ce5e776ec07acb56d9097811e8104a0,0.0010080645161290322
d3f7e4a1f5e3a45b07203dac22a0e94a,0.0010080645161290322
c6059e5b2b1b8922003b77682a5b63b7,0.018145161290322582
4b8c5dcec4c0f7072c5d8bd4532815fd,0.0010080645161290322
b00fda501e6a70c6c555ffa540f37f20,0.006048387096774193
5f4e4e79c70541f25883d50f81ddbfaa,0.004032258064516129
5bd28907a9e05ca7d7251469634e6296,0.005040322580645161
3bbf04e147dc23d269e8781900c4475d,0.0020161290322580645
da619741132cd98326eb72de8acc1edd,0.0010080645161290322
0c8bf69d68183c2156d2f8ce7ba8dc9f,0.011088709677419355
c4732c68290e27a71a540fda6f405a0d,0.006048387096774193
70d2abd0667934aa95e46704b0e6b78a,0.0010080645161290322
97567edbe4b35b173ce141e93778e0f7,0.0030241935483870967
48e537eafb87fc4de5d87b022bc3fa66,0.004032258064516129
21391351be4d2ebc0deff945fbebe725,0.0020161290322580645
4c384f639130032ac12a92a0450c63d6,0.007056451612903226
c4632d133c952e691f1062d134616093,0.010080645161290322
99b20a1d1f0fd3490d4cfd4577357171,0.0010080645161290322
1465abe209af4828980ec6b005229904,0.0010080645161290322
ab60d688931b8a8ae81d7e9db0868b79,0.0030241935483870967
54aaeddbe4ff584df2b674c848a36010,0.0010080645161290322
ed47be193d10e98414bd85571fa44a78,0.0030241935483870967
32748d0f8076548b0b9db79c2cbaeb72,0.0030241935483870967
18a68ab31ebd8fd350c1f9cfd99033e7,0.009072580645161291
38266edaa48be13b1e77ff1ca6d2e636,0.0010080645161290322
3807f2d32e52456f936ab46372e66f92,0.0010080645161290322
427b7ca0b455d57fd02b8c7c7d6df50f,0.008064516129032258
3e5aae0fd785a2c97c60e1cece4f7f92,0.0020161290322580645
071b63cb3ed1502a01fb6b2c3803a3d1,0.0010080645161290322
4598499df3e34ea74fe551d58fb4e868,0.0010080645161290322
a0ceaa706a5e76c756a7b2ea958a7701,0.0020161290322580645
36b8f091d2cb4fec0ba687efcdfb1d53,0.0010080645161290322
04a71675658267f3c03fdd2c76d4b5eb,0.004032258064516129
6eb946184e493f3a0d01d9f6404cbe37,0.0020161290322580645
c84de36c44303c692fedbea403599174,0.0030241935483870967
8a97ada8d5960e029a054ecb8788f469,0.0010080645161290322
d4cd686aa2d906d1b218df6e6073c497,0.0010080645161290322
d45f635d19e265a93eb189db8a50456d,0.0010080645161290322
6f0242257dceb931f99cfc4a8da5ac31,0.0010080645161290322
5b48efb4d3837debc1d70ff48425ef3d,0.0020161290322580645
1d1d57f68f3907d83574e82f1ba07c7f,0.0010080645161290322
594d9d887ce836f67764dcab04d6c41d,0.0020161290322580645
1ae47e4471889b3a77b8b9010f599344,0.0010080645161290322
7649d6edd046c79690d4f5de57e49d55,0.004032258064516129
7b31f3962b488ed7d2398bea3cf3725d,0.004032258064516129
5d61899dc24121f982ac8843fb779886,0.0010080645161290322
9976169865868de337ecc079002b0dc8,0.004032258064516129
84f3bd38d912f21b6859cf9aeb4d795f,0.004032258064516129
ba33758f1cc6cde3ce21af78b28c9a94,0.0010080645161290322
939091f6e3d9da8d330005bd893caa97,0.007056451612903226
92cbf6ef55c27661979306bba4d13b41,0.005040322580645161
517f5e2b3423715d156cedd246e5c6dc,0.0030241935483870967
69e9d4bdabd1fd4991b54b7e20fc72e7,0.0010080645161290322
e3ecd1479633cbe7b6028e0b0f81e533,0.0010080645161290322
d179ac04b346f1e3a311359e0bbf00bc,0.0010080645161290322
334c6ff1323ec4eadaad33d4f2ea6448,0.0020161290322580645
57a6f11f64413aa7136911b6baaebfd2,0.0020161290322580645
cb52e0c7f912601a9671ba5df6cd4633,0.0010080645161290322
eff0d5d142053d9a406b3e6bf0f20caa,0.004032258064516129
6f03ba6e4d9522b6df735d3aa98fcb16,0.0010080645161290322
3678c78006056106f0291d2f4ccd6ad0,0.0020161290322580645
0b0870467eb2ee605da4e3b3f6f38f92,0.005040322580645161
7d3ec6c19ed84bb3519d09ff30e02970,0.0010080645161290322
f8b905012f51a9a8d5f64299003610e9,0.004032258064516129
ecc993f69c17729a20baa92cbf8d6b45,0.0010080645161290322
96407fc0f3a39df772421164a028b618,0.0010080645161290322
4f08af7e7f987ee34bcb19fca775195f,0.0010080645161290322
5ff42433079c53922a75f5bf1eee8a7a,0.0010080645161290322
14c294259c13a9c77b1bf2c8a6d29985,0.0020161290322580645
df4c45fc938beb7713f2fcacffec0041,0.007056451612903226
af8526757ca924e794d5c8164b0e56d9,0.004032258064516129
8fe31f77ff8cc8b306405cca8fe7aa47,0.004032258064516129
985101dbd3c29b54f1677305f6bee5cb,0.0020161290322580645
60425c221cfa6b04bd56e610303fa6fc,0.0030241935483870967
cfb64510b5620363646b011857b78043,0.0010080645161290322
4f7a364b77c8f4a6cbe7ee1bfc9c4138,0.0010080645161290322
ca845670ba889058c04bc655a00270d4,0.007056451612903226
e96309be45be26ef590ed979a1b60ecf,0.0030241935483870967
4eaf56adbd560453328ae2516f65a90d,0.0020161290322580645
c96e33241349628c8bfe8c374db2ccab,0.0030241935483870967
51ebed3a7cc52ab45755d44c7c45e288,0.0020161290322580645
ba6e57663162d6b71aacf46d0083712a,0.0020161290322580645
42bc044fa5ab3b8d1a53e2703c602089,0.0010080645161290322
dcb58f08018cfbd67c446c1b80157b5e,0.0010080645161290322
e2957b9fac15227a2fc0e9eab67eabdb,0.0010080645161290322
1bb356df9f19b128c69ea5aa526187a2,0.008064516129032258
205782c1e15742adf47ef22847bc0625,0.0010080645161290322
cf4da624ef892fea886504603436a157,0.010080645161290322
c9500edc30206859291c46ad1455f752,0.009072580645161291
efef6126a7549925a01eb812ec5c88c3,0.0020161290322580645
f1a41936a2456a13d69ca381cfbf0610,0.005040322580645161
08ed48b843117674728b2a024e57734e,0.0020161290322580645
45e62e5adf22c0433a690a56f0564762,0.0010080645161290322
c28a7701c8b76c4e2df4ccc65ee53209,0.005040322580645161
1cf83ad81d5ea538bc0c0cedb1e87747,0.005040322580645161
013ceefb5db9b8ee8b79e3618b247c11,0.0010080645161290322
4391b829ebcce37f352748d8edd057a5,0.005040322580645161
24d2f0f695367647b77d5913b9469197,0.0010080645161290322
32a820b6e47527a1efb8b5e15221e2ec,0.0010080645161290322
0de02b1347f347bfa20140dbd4f7be60,0.0010080645161290322
e7cef3a94abdf2c23d9764b86090b030,0.0020161290322580645
d02369e060a0f0b3ae06413c516a0c34,0.0030241935483870967
ff9e10a331d904dad2f4a6d9cf7128fd,0.0020161290322580645
fc64f4e1f967774f0a7142ddb723c3a4,0.0030241935483870967
40a78369ee8d41a93b84972e96f8fcc9,0.0010080645161290322
e80317d0fb0618cf19a96ef454fef9de,0.006048387096774193
b972c7b923666610a0cfaa8a2098b340,0.009072580645161291
dbdff606522f621bf4769f228c7f548f,0.0010080645161290322
b1dba2f99102e9190b209ec05a8774fd,0.0010080645161290322
ef5cd70f637bcf2eefae41f27b722657,0.005040322580645161
83b11e5d3ef5f52f1273c720daaba5a4,0.0020161290322580645
32a18eb923a5c7df88fe40acae1c4e29,0.0010080645161290322
dbe0948a9065923995144a0a8068c76f,0.0010080645161290322
b62c8639c09af098aff2d1384310ffe3,0.005040322580645161
5f17d527f2d5990c1920cd4fddf9515f,0.0020161290322580645
63e3e9be18d5ea16a1c10c255dfed692,0.0010080645161290322
c650756c4b2c8187fddb9fe93aba4d92,0.0020161290322580645
ba069e7d0f005c4de02d085f21cdfad8,0.0020161290322580645
83ae11898d7befc6da97508469aa1de1,0.0010080645161290322
e0d96e2bcee012c4905381c0b909108d,0.005040322580645161
3309a65165ef1aa7335085ee1a3fd03d,0.004032258064516129
857660ace8c50ec09aef7dfcf6edea8a,0.015120967741935484
f64ae3babf42f6ee2a10085b0cfd02b2,0.0010080645161290322
8f260b2a73156e06aaab5bc1ee997112,0.0020161290322580645
2b81600b4e83791cfe2f1e1d2bc1ad12,0.0010080645161290322
c00fd50befdd9be590ba09ea8774f788,0.0020161290322580645
1fc652b5b42db20cf2bab304cf195495,0.0020161290322580645
204443673aa22571ce13e4ab1c6ae911,0.0010080645161290322
43b4cd8df1b33677c33553c73d9e806c,0.0030241935483870967
0fda268b5625d98fcb9c62d089e36c8a,0.0020161290322580645
07f261278ff462270a3fdac9a2045a09,0.0010080645161290322
bd7f89afc82358dc2d8a78ef79ad1c81,0.0010080645161290322
48c77b6ee7274487f15caf9a76db526b,0.0020161290322580645
f64be8a0bee69e6fa041d35de31f6fde,0.004032258064516129
21cdcdb00d82a6992123b7c55f67d63c,0.0010080645161290322
64006efab2b75c91042d3a16ed6a795f,0.0010080645161290322
0c27f677fe0ee0672868ca1cf44e4335,0.0010080645161290322
5685d1eb43e30aa9b326e419f1401ae3,0.006048387096774193
911c0a48aa4f4a88b573a349de5b8019,0.0010080645161290322
78da3305f10d3344467c895fe3435232,0.0010080645161290322
db44fd0f0564b3de252e93957d586889,0.018145161290322582
43e407bd0e3d95c6ab1338b1e986c202,0.0020161290322580645
0a82bcc61caa112cf7e3116bcaa3c8bb,0.0010080645161290322
1b7fd66c8b833010e52c252f120cfd9b,0.0010080645161290322
53907bf8443ee108e057d90e55684911,0.009072580645161291
97f82d2632cedd3efbc7bc10a02edcad,0.0030241935483870967
1425bb0f3c972c3fceeda33de316fd71,0.008064516129032258
ec76ce0a00f76c1a37de91a6a513ce44,0.0020161290322580645
697567f9aa81c8351131aeb184fcccd5,0.004032258064516129
b18a02870a65f01bd28473dc2d598e97,0.0010080645161290322
7990c61a072174cc9d570a20328a53ed,0.004032258064516129
959f7846e465cd58c9258572d94e1acc,0.0010080645161290322
f458102cab5b4541da504980cea0c8ab,0.0030241935483870967
16483ef20803e9b6ff7b671d8140103b,0.011088709677419355
7374e9a34a492faf5606c955285f0d5b,0.0020161290322580645
4b7e7f90e35a58303d79dbb5ef7c5289,0.0010080645161290322
5880173d645dcadbbba6d0991e668bd7,0.0020161290322580645
a8ecd03156501dfbdef5977941df3859,0.0020161290322580645
a3a4d2c40011cfc3914167f7334bda2d,0.0030241935483870967
d305cbbe0f385cf6cb4f2cbac6ef1696,0.0010080645161290322
14d8772c6cea02d000dc57616d6c875a,0.0020161290322580645
f402dfa5da0f4bd53468557a1a6b01e3,0.006048387096774193
9c690c456c6bd178b7eb42688ac40d6e,0.0010080645161290322
27e91db0328f42f90f70d801cf02cf25,0.006048387096774193
4d044ed3f6cb5fabf8f870e740c1513f,0.010080645161290322
a598c265f883f429d399bc528d325f58,0.0030241935483870967
2dcd9d6a1d04bdf0679e1552c8801212,0.007056451612903226
756e7e2935db1440c112394a4bf3940a,0.0030241935483870967
1d256673b707ff6b91bbaf24ce7299af,0.004032258064516129
f7dd54be96283c3c5622315181dc3caa,0.0030241935483870967
c60383bd9169e965a022ff93dbe04bc4,0.005040322580645161
bd05bdb27584fcb1a47841864178346d,0.0020161290322580645
ce62b0bc4dc52b517414139160626b14,0.0010080645161290322
c1b30d6070f26fe374995aad5a9eae67,0.005040322580645161
c4b429c1c6232752e716ae86e05c561d,0.0030241935483870967
a39a749be0056ffd3d913fe93231d07a,0.0030241935483870967
991050e9bc244bcce646ad1df9ad05c7,0.007056451612903226
aa4aa683db9aa6c9ca326dd1d40e1f71,0.0010080645161290322
9f8119029c8b972ae0375c8b968c14e6,0.005040322580645161
52aad12960d343319f1aa602ad69d85b,0.0010080645161290322
377d8941d59ca40bb76e6a2cee8c36e5,0.0010080645161290322
488d9c53431fece087ec8dfecb58371f,0.0010080645161290322
e64c2ec8822ada6a89ec762b194106d8,0.0030241935483870967
139a0e3d00f1950c292ddc171246f94b,0.0020161290322580645
d07f1c5840517a1e6d72b40023bc7cbb,0.0020161290322580645
d2e36e4099b2beb3752736a72b9fde8b,0.0010080645161290322
4fd60211648f33d2c714c8d281e72da8,0.0010080645161290322
4a7d727433adba9d76cd62c5de1f1303,0.0010080645161290322
42c2e1944076d6f5db44c606b12f72c6,0.0010080645161290322
0d8af9d91e6c8c6b526d8dca1d4f5d34,0.0030241935483870967
cece2fb18368be7d3ec55d942f77f459,0.0010080645161290322
227ca95a1c24ca94e01da7280e9b9246,0.0010080645161290322
81b3b88708f1c776ab21b2fc7873f084,0.012096774193548387
3e38c577d896689eb8c1bb883e9e2525,0.0030241935483870967
c1632963d52d73b9f4e2912534fbfe25,0.004032258064516129
33206a2306ca96922fed904661eff421,0.0010080645161290322
b6143743855c6898f51d16d5171d9208,0.0020161290322580645
c71603063244a899ee478d1761ee0e81,0.0020161290322580645
98e48aa12316e0ad7c0a736f5b8e7de5,0.0020161290322580645
cdce04d738e587eb6a58f8a79ed36c20,0.01310483870967742
d66ccf7cd067eeb2d64dc63a6ef1e707,0.0010080645161290322
7bab41de03e61c498e5817b7ac1c172c,0.005040322580645161
a8a68401aec11d67913b953ecd5b2d92,0.006048387096774193
4abb5ec9e66c3becee9b06a34cfe372b,0.0010080645161290322
3fd079d034ef0f9edd8e3a0d290050e1,0.0030241935483870967
a1807a29ca710f4c6eab21f57774f684,0.0010080645161290322
f4dbdbad28369592b5502b71865ad1d0,0.004032258064516129
123e81b3a9df2bb00807b15a648cfaec,0.0020161290322580645
4a1795421da9861cdf986a8fb354e360,0.0010080645161290322
39e85394aba9d9a9827e2ae871add905,0.0010080645161290322
7829d86fb49a8bdc3ef76ea177b9ffb9,0.0030241935483870967
0fc748cef87d8aa37e0034853d8392d0,0.0030241935483870967
de1d38dddee42a1f983c95cf39b2f03f,0.0010080645161290322
2825d53d703c29d4a08c712151ff9e71,0.005040322580645161
dad6f93a13a1bcc07651876f01194fe5,0.0010080645161290322
46ee30a8050421b4c577e2e75c636a90,0.0010080645161290322
57b5de3a9f20d639d905ef9a006d6d20,0.004032258064516129
99bc99dab9060ec3fa96c3caa63a3ee6,0.0020161290322580645
9573ae3526d8ca9884baf3ff71e56335,0.0010080645161290322
aeeb35e31c4deae3a66c1c1c8e6e0daa,0.008064516129032258
9f73adfec808ceb9cb1db35d4473c37d,0.0010080645161290322
19a7f942bac8dcee31417077b9ca2e1f,0.0010080645161290322
49e44d44345b69030ff458ce6214366e,0.0030241935483870967
b09668129d4a4c5a30de7821ccf2446d,0.0030241935483870967
b6ad1fa45d3bf419279bb1cd913893a9,0.0010080645161290322
72d0efd6a7c1c62cd1a860bfd69ba5da,0.0010080645161290322
7fbe089485aafbd5a85462008134889b,0.0010080645161290322
748082a20037b1e2637108640c8058b6,0.0010080645161290322
ea365202dc5426b34248a8c9595f7a9d,0.0010080645161290322
297c30ce8898e703b2a9d7c98b2baf42,0.0010080645161290322
28ab344ec1d27e10f0fc2fd9eca02272,0.0010080645161290322
54ec093cb17a781a404bdfdad95c3c9b,0.009072580645161291
bda3bf76871dea60f8627a0ccbc38305,0.0010080645161290322
535ba78b4288a2d1f12d3e2f41d341e7,0.0010080645161290322
cb6a6ba5deb6769c3bc9371f6f733b48,0.0010080645161290322
5d254825f2de5dbe3ed62084ff943d15,0.009072580645161291
8351cb475673a3a5591b04111f1d40a6,0.0010080645161290322
4d98afe170d0844f8886dba264563a46,0.0030241935483870967
175bdd6bd4b612e4f260d4d0f78f8c7d,0.007056451612903226
8c693747a5ca045443080edcd4f8efca,0.0020161290322580645
f0a4a5138151882c30fb221eeb942541,0.0030241935483870967
5e6a915655e4ce8a0e83480661102c09,0.0020161290322580645
2f61428e6396a9acfd920b1c3fd43e07,0.004032258064516129
160b9a7312615e75e737924c4267387e,0.004032258064516129
0dd52127d2b87c78d722fba23547d013,0.004032258064516129
58a57d2349c7a6ca82985a9563c5b477,0.0010080645161290322
ee13121405583369e4a205ec5f347205,0.0020161290322580645
1960fe4a047871a71b7cf49d49348a9a,0.010080645161290322
31ecb238435f54de1f43e83557969729,0.0010080645161290322
5b2d85873eaa202e3313a4365e0a994b,0.0030241935483870967
f9fc8218f0aacaa06a85736d9f787a23,0.0010080645161290322
68a80b317ff18594d65dc91e4124a6fa,0.0010080645161290322
b48d6d3ab153ff2ea2059d33c7db35f1,0.0010080645161290322
c62a8e2f3eb9d87272295c6df242e357,0.004032258064516129
2ce0690e49bc4b49ce157ce96878a794,0.0010080645161290322
77ffaf0d4c9c613a7d79eb2c4f621b4f,0.0020161290322580645
63198951a04bd128f70caade098e38b4,0.0020161290322580645
9e4b526e88a458f8698ee74df015debf,0.0010080645161290322
f9ef2dfb0f23ac763577e22b9e8c38db,0.0020161290322580645
3388eceefd8f15afccffd60997bbbe48,0.006048387096774193
00292fa9ec65e133a63dc2fd4d43e703,0.0020161290322580645
292dbc5e1e2d485ee73c2f49dadecaad,0.004032258064516129
3c356228cf4b70f6df66ac1860909de3,0.0030241935483870967
9c8e0f557d7df06a991c8cdd535f04c7,0.0010080645161290322
a2cab12018340483ef10bf4652aed9e7,0.0010080645161290322
1dc9eba2595d9e96370028e722abafb7,0.0010080645161290322
a2aa23f346a467888384a07c772251b2,0.0020161290322580645
396d8107faec6818aaca90f3d3906514,0.0020161290322580645
1ac50cabb672575a3297352e90595c8a,0.0010080645161290322
6751fbe787f8781e856756a8b90eff7d,0.0010080645161290322
8f0f78f6c93f940bb447696e3e7cea1a,0.0020161290322580645
29dc48ba4fe84912b2bef6173686eaae,0.0020161290322580645
4cfa3b7c2111fe842b7b596acb759f11,0.0030241935483870967
ceedb016e7628567e25ad61c46a8be83,0.016129032258064516
9058f42966d7b123d8b761aa686c8754,0.0030241935483870967
44e16ce4a63e4acb5376b935727dc912,0.0010080645161290322
ddf9bc87174f8f47cc86346859ce7771,0.0030241935483870967
fff40570484e3e75a6a1a02589c8ccf1,0.0020161290322580645
02abf0b1490e42a36dfde4e123af9067,0.0020161290322580645
57c2a06fb1401c1af79da6f9329e6ed6,0.0010080645161290322
d990a144f4dc821181b67409436309d2,0.005040322580645161
5d40af4e452ac02b4f92b143e1442d8f,0.0020161290322580645
4996a270ca4478f1065cae7bcfda2657,0.0010080645161290322
d694717f099090d56002fbf1f1b40f3b,0.0020161290322580645
c41f24af076295d264a94a2b95dd581f,0.0020161290322580645
03ef96da8216c10163122d772fa20d6c,0.0010080645161290322
c6178d46f91b123b2c226120a3167a34,0.0010080645161290322
33aa76e4b6667fa59bc27f099a0fbfd5,0.0030241935483870967
2e1704c18a0cf8652d49f80dc6b73f5d,0.007056451612903226
48089818046d330ae05651622b309897,0.004032258064516129
5aca4c7ad16f12dc9ee161f1bf2184ff,0.004032258064516129
8918cdbdca7a83498abe0d6efee8d453,0.005040322580645161
444781c34b39995e0eb5dc5f187f6381,0.011088709677419355
8b17d3a8f8aff5e59c7f3a9260a133f1,0.004032258064516129
95698c31f4a5412572f0fe042c72f0c2,0.0010080645161290322
948b17ad55cdd37f24cff7332af89058,0.0030241935483870967
31956cb06cb01525a0eee416fcd71e45,0.007056451612903226
f6ffebd8195ce092269b0cb617bb1dd4,0.006048387096774193
ebecf8aee275f6a34a33034f78b77130,0.0030241935483870967
af1cb99e98e3379d78a4f39f6cdd4526,0.0030241935483870967
545f73cab4aae84cc364c78e4f0be456,0.0010080645161290322
31ae8605f46fbaa62993cdeb8d6c7244,0.0010080645161290322
aedd18deda9c6f056399f0c3df5c9b81,0.0020161290322580645
3b896e3577796ef325af3ae6216a15e1,0.0010080645161290322
89af144e44463520f47a2542b0ba03df,0.0010080645161290322
5bc76ddbc116986f069b51d006696c9b,0.0010080645161290322
015cc3bf8635f59ab414d1357f277ef1,0.007056451612903226
2f2c779d9820024d6bca3ba39c8a8445,0.0020161290322580645
fac2699200e1b962c544686af12ecf91,0.0010080645161290322
d9d8fbe26d1e76a25083269a78b5cd22,0.0010080645161290322
a7004d1c00531c37632ff91325b2b876,0.0030241935483870967
0a90fa6da571194ee32387470aa11836,0.008064516129032258
65ecd8c9cbae44967656fac0d8db8e17,0.0030241935483870967
83d012a3d0f2ecf4c45dd50b1271ef56,0.0010080645161290322
2209af1a5156d0f4b019be6a2e705ca2,0.0020161290322580645
18250facad16cb620cf0e1559a78d42c,0.0010080645161290322
197e4a8336b79aac6448ce19864d76a6,0.0010080645161290322
c8d369227aad2e5b0b8c8581019a94a8,0.0020161290322580645
2732d12685e7fc7f1b9b0c7c218abb66,0.0010080645161290322
98539bc452e7a708faa013ba45c12eb0,0.0010080645161290322
f97c520c8810d6def8ec5db5035df211,0.004032258064516129
2cca9e3bd17f06418ac623fb0017c4cc,0.0010080645161290322
0de798df1f4df6bf0563cf40e56ffca7,0.008064516129032258
28e9ac5a7e57c252849d53da19640676,0.0010080645161290322
09a60dd93ff199f006b5d5dbfc2fab61,0.0010080645161290322
fabcee9dfd59742a68fb20359ad57515,0.008064516129032258
089a2cc3001ddcab1c7c494983bdceb6,0.0010080645161290322
0d7409e63714c009e13d1c990ac4a965,0.0010080645161290322
0043d0170c0ef4c149d30bca6a215814,0.0010080645161290322
09949b65f3e6fdb521a3a2c7a4aca965,0.0010080645161290322
506f60e50c9abb07ec2a7c1f26fd2d53,0.004032258064516129
5dc373da3802075f0c1817f948efe3f1,0.0010080645161290322
e6dc27f345d3869f32e3b97acff188b9,0.007056451612903226
7f9374574a92b5b66db9a3c2f09a8d49,0.0020161290322580645
6ed571f042e45717ff983e56c61147c1,0.006048387096774193
13edd3d615805d990147b5137f0374c4,0.0020161290322580645
2b61a9a26c5c8b11ba60c33d606def37,0.004032258064516129
49e22135c907c4bfbb1a7b3a520491dd,0.0010080645161290322
1cf5667bb8b634af7abe140553bece92,0.005040322580645161
c64ba583ac004a948533a9ea7dd4da05,0.0010080645161290322
a215b8eb81791a8664f46bb3129ddb11,0.0030241935483870967
3cc8319ff487f64cc47802fcc0801457,0.009072580645161291
b0089667e6161805a533c252cd4c5344,0.0020161290322580645
c509bc1ca00d20c206fd6c97eb9e7fd7,0.01310483870967742
05011e9ff61e1b79529d27d8d947a2eb,0.0020161290322580645
c8438f3e406d412b69f229d7876a2d65,0.011088709677419355
f967e9b103f5004a12e723bcb8d93d65,0.005040322580645161
a6b81d1dbf55e1a5a17c6770544b352d,0.020161290322580645
65b9b3bb9c0edfdd0b3f8ceb44230097,0.014112903225806451
8a165e8e49dc9f307353072ae1b29887,0.006048387096774193
647d8cb7662afbbe813f50e9c79a6a32,0.0030241935483870967
2422766d3ad3e4af0bc1aa6fac53c2c8,0.010080645161290322
4c994d69be815a075726a60531d06ae0,0.0010080645161290322
f60c7e460c93cc1be737c51a9d00c0dc,0.015120967741935484
0756ee57ec9b68d24576c54de93c0bc5,0.007056451612903226
2488a70ddadc11a9abf512008435bba0,0.0020161290322580645
01b2dde722277792aeda34088f5ad1da,0.004032258064516129
a83560ab9f4c7734304ab74603f1ab3f,0.009072580645161291
3cb520e0e8b237273ad0de91940eb41d,0.0020161290322580645
f51aed2a9d075416f0352a73962831e7,0.012096774193548387
0857260dcbcdff6c445d5c0a9cd1c170,0.008064516129032258
abd5c056665c6fbb129635f6055a8fe1,0.0030241935483870967
b876fc45a0819f1ca6912ce0d23788d6,0.0030241935483870967
7ca433270a153fbfb7515a5497b7a401,0.0030241935483870967
32d67233bf5edce9b9e71f02894d0e76,0.004032258064516129
887fe7af31928733ae3ff3fcde922e7e,0.01310483870967742
a55b86b46c1b8e96fae0e5c5addf4611,0.010080645161290322
cb31fc5ba6ddcd133fc10f1ae9957ba0,0.008064516129032258
b4a5fa270cd4b8f39f6734161093e707,0.03225806451612903
f020204fe11a35e567b72acee8856799,0.0030241935483870967
0f6d29d58652cc21daab1a822061725c,0.004032258064516129
5fa8d55d8f0b98eb60d7202885ae36c7,0.0030241935483870967
1d9f6f28e413134704e4f96956f61608,0.009072580645161291
030f0f852a3582c13200d6a6bff46e70,0.0030241935483870967
c55010976344dc9c38c83d8794110211,0.007056451612903226
a13a1a2f090430eea06b2ade4dba39fb,0.006048387096774193
de0551fb4e1582bc1fa068762294f375,0.017137096774193547
2ceadec95fc868d59a102d9d62f97041,0.004032258064516129
631d11678378985e831b62be77225372,0.0030241935483870967
a05bbaa6b1e6a0fd0da470329bab285f,0.007056451612903226
2652de6031cadd1b3f3e23ea9038a853,0.009072580645161291
28af4e2a6affb33889592d0e2fe2691d,0.0020161290322580645
bd7b8492d0bbc49fd843cc4e18c2a274,0.0030241935483870967
2ac14dca0fe7a1bad4ff7c714ed0f7b0,0.004032258064516129
c3f4d7601ff27738bcbc7d03e81cefa0,0.006048387096774193
f52c355c6d5a4c5f091c718ca1beef5c,0.0020161290322580645
511fdd82b944143124d2e8de34d875db,0.006048387096774193
1cf454def1eb7872b4894e66ebd2b756,0.01310483870967742
6d328a8e63341e02f2704755af431def,0.0010080645161290322
f294114d82ce32291c5dc2891ca2f134,0.018145161290322582
fb60db5910a20a6894fd335c83a53e3f,0.0020161290322580645
23f35aee915d9d1dd6c8a0606460ff8c,0.005040322580645161
907da26cf0f4677c6c36d03d794c65a4,0.0030241935483870967
cc78e7fe85f4e08c89f953cb968a0ca5,0.0010080645161290322
859b75cc55f500e81159b63f333443b7,0.0030241935483870967
b734e4ded783c3c4821c16d66f899705,0.0020161290322580645
e9b12a5946b0dfb77431a5ed92036548,0.0010080645161290322
d4bd4548e9ab35830ab13ff674416192,0.0030241935483870967
0909e28337b0efdda2cf27ec11968955,0.0010080645161290322
9cd2bfdd44eeae7775c99b401fca7965,0.0010080645161290322
6bf3ba37e398d0c87198bb9362f58460,0.011088709677419355
a1820fe9a6476e061eb508be2efd5e89,0.010080645161290322
bbf5cefec36da7abbd8f6f00218b5b88,0.0030241935483870967
4715df70827d4c173b0dccc1eed907e3,0.0020161290322580645
a0781b835d89713ffb687b0b9ccd555b,0.0020161290322580645
a798abb22f0cd02c6061ac9753910e3f,0.010080645161290322
da8890b12632500a02700eaf1401718d,0.009072580645161291
9554f00e0d8d47294887fb0c1c62d004,0.0020161290322580645
8b4ad8d6a7730c2d6924cdc58ac98765,0.015120967741935484
98aa2e2bc1ec98f6dabfd94e5baccf4e,0.0010080645161290322
5e7fc07c116a7b1644f81be47a863a12,0.0030241935483870967
62e72727a0d9c9ae31669a5331d08db8,0.009072580645161291
ef3facc7c876a427adaac5dca43d284e,0.0030241935483870967
a2c42d7d95b2166f5b5caf0805c35e17,0.0010080645161290322
23184bd5f92900631a788196210da181,0.0030241935483870967
6a33af52d1176d601420c2b81f6e2181,0.0010080645161290322
e0249bf6a153fe9026af14f029994f6d,0.0010080645161290322
fa51a4a194912260b637d6f18e00f307,0.0020161290322580645
e6f18d59b63da818a21500099633bf54,0.0020161290322580645
99d9120a82509b6e8cce6262d4d2500e,0.0010080645161290322
d2df82362edee35da66b7df2d8225388,0.0020161290322580645
2b862b3a576ff39e56092dfefd8cfffd,0.0030241935483870967
3b59d4a2f7f7b6575f2a42a9cc66aa18,0.01310483870967742
dd143558777ca03ce5f4fca52796283e,0.0010080645161290322
60da66a145ea166cd11442f3467e41f7,0.004032258064516129
3f0c97519e5dd72af06d30fddd761e4d,0.004032258064516129
3290933a9863dd92592aac30a9ec06cd,0.005040322580645161
9b07f8a197b9a7b6a1c507157652de53,0.0010080645161290322
3c348c321d17baa2b62e9adb11402526,0.0020161290322580645
942c5e6ed6697561edfd72b72a9d4a15,0.0010080645161290322
08293265426bebbcdcdadaeded79f889,0.010080645161290322
8df1cde338ff7306605ccdfe9eb45997,0.005040322580645161
cf9c7dc9fca0235de574b5616f617763,0.004032258064516129
c185a60c2ff93ca15b7cdde80c2034a2,0.0020161290322580645
d117a20b7daabc35e9d810f3a93d18b5,0.007056451612903226
e119bea7385364be1a96a3b0bce569f0,0.0010080645161290322
9155480c32369f1b332d417e1872449d,0.008064516129032258
55c63ce04fff71a9cd3e28f60a85c3a5,0.0020161290322580645
1c0ca724472a3394044c432d89fa5514,0.0010080645161290322
832b91055bc8ba6290676690a367eec0,0.006048387096774193
1fa42152c584606102c03048312e033d,0.0010080645161290322
924abc21ee37121b1490697eb4a6913e,0.0010080645161290322
2845bf98e33ba245501812c8ff38b9d0,0.0010080645161290322
2c51380050f270bdb6406e575f3fb70d,0.0030241935483870967
261962af70b3f8e98b2a3a66a471e7f8,0.0010080645161290322
0c174c1061cce891d1e071493b002733,0.0030241935483870967
2e525fe182e0bd2879339479588ef608,0.0010080645161290322
4afeb22e3f96ba4ba590353927951f51,0.0010080645161290322
4ba7e126c8f29ce416fd1d3a2a59fe5e,0.0010080645161290322
e053ba393b96c2dd63aaccc944487df5,0.0010080645161290322
f65c51f512964513db5a2097aef2e4a3,0.0010080645161290322
a0f8181ff6e093ed8e338185241c4cd6,0.0010080645161290322
391ba60b64ef8fb0fd75e376e5ebc7ce,0.0010080645161290322
4d82d32077eb0f55cdb836954c240933,0.0010080645161290322
3013629789ecf4923a3900d58b6ab127,0.0020161290322580645
f8c3bd85a88800368631800cf21f6a71,0.015120967741935484
9c2360563799a00d23ee6c3cba77d46a,0.0010080645161290322
7f3971809627133a823484903cbd07a6,0.0010080645161290322
526d959bef5106b5f6f473b41b0098f9,0.0010080645161290322
c110be28499a5b91582c8bfe4d278b61,0.0010080645161290322
783f5e7fe7984999474d50a6c2c5c09b,0.0010080645161290322
6cf3b5113eafdb33ba9ac55472c693c3,0.0010080645161290322
7e721afee1b3c85b37e5854083b1bbf2,0.014112903225806451
8d4e2f98483f29b81327b490aaae9d9d,0.0010080645161290322
afad5eb59273be32aef976ea43e6efb8,0.0030241935483870967
e0cd9089ed69cdf79174df1971a77003,0.0010080645161290322
b5828f731d9d7ac098105089012c908f,0.0010080645161290322
d0a4b67ffd8888aa023aeba34c008cb0,0.0030241935483870967
6ab3ed95aad1cec569d062e92a6ceb13,0.006048387096774193
2af7731f32c07ada95ea0d0c379baf08,0.0010080645161290322
3bcfff3aa26150703cef63f04235ac7c,0.005040322580645161
4060be28072a120ebefbef199c09187f,0.0030241935483870967
1f4f563825257148af3fa09bd8f32114,0.004032258064516129
3ec31be12cb0dd6729e0f0b9beae4684,0.0010080645161290322
50d806456a0e8469c36661afaa555479,0.0010080645161290322
0b34bf27fdf1cbe94e4824659db98417,0.0010080645161290322
375b0e236555b9cdcd930daef7f1189a,0.0030241935483870967
931c2abeb944436b014ed99088e06bad,0.006048387096774193
e100f12a9ee2a92f2349766f69dff134,0.0010080645161290322
fd4dbd1847e185cd61ed5aa9f33c04e4,0.019153225806451613
f606c9118f7d942633632ca2ecd01be7,0.0010080645161290322
476e8a6dc7d6303eced6d92040b8f6de,0.0020161290322580645
6b4da891b4663d65c290bc3be08552b9,0.0020161290322580645
dbc8abe8ea7e772cb0dd5e66206221d2,0.0020161290322580645
15bfff7b00256c2246d5b766ae43a480,0.0020161290322580645
ff79636557cdb8a0e0c84622d1bcf6b7,0.0010080645161290322
8d31b9284d786e43c33cbe6c537f1b6f,0.0010080645161290322
23da58545cdb8033a7a5b08ad2d35a68,0.0010080645161290322
3c92275b64192f31a190c4d6b60001ba,0.005040322580645161
4fed36b0643aa2ddcecf381c1f487a85,0.0010080645161290322
a14941d263918d0c95f6db67b1f29119,0.009072580645161291
7efc1d4bff7f70a35f89eeeac5ffc61b,0.011088709677419355
3a46e68306ce75c760e4d3644b00eb6b,0.0010080645161290322
c98ac1d0b27e2b6b606a53e95e1d3fd6,0.004032258064516129
8421fa929dfe7a4694509dc48ff4a8fc,0.0020161290322580645
bd05ac78c36105b63130c82c48c7aa45,0.0010080645161290322
895c0c596aec3c1a30214dfac9aac37b,0.0030241935483870967
8329db253fb521683e345d91efe04d02,0.0020161290322580645
4fb77081046115d8fb5f128293b56143,0.0010080645161290322
af964d6c981fba1f04fd97217e24ee2a,0.0010080645161290322
75ebf7b86e72fa06c4d4fb8fc55a66d8,0.004032258064516129
cbad77b92da1d27eb576e50ce2b02ece,0.0010080645161290322
19d5bcdd56d9286c9e9198b0132fe27e,0.0010080645161290322
39396a10f7b31458fc7774554e24f30a,0.004032258064516129
2ef87d0efd839cc838a19a1802bd8a55,0.005040322580645161
96077c3034a662fdec8afd0959fd0432,0.005040322580645161
2a2f9b54a3d142feedfa744b5062fdf3,0.0010080645161290322
bc01d68868ce73b724c7eb067bd6b962,0.0010080645161290322
1785d8bcd622cf6fc63f73c9524aa763,0.004032258064516129
9a139c2defd9ba99183de5544db994a3,0.0010080645161290322
d5c52d867f4b3d86735eb8d8b3ff85f9,0.009072580645161291
df663b73d36420d66e932c7b29d04c9d,0.0010080645161290322
76f8abccf2eb644e334e7dc9f1658404,0.011088709677419355
1e404079b383611a65c297410d4a9458,0.0010080645161290322
8c548f39608edb05d57e82d51864566a,0.0030241935483870967
cc9f366ad21123977439de7b86e2b2a8,0.0030241935483870967
094a3c7ca6ba15ecd84203e895a5d49b,0.0020161290322580645
d2d1d9d57e61a764383ea2c84cef04c5,0.0020161290322580645
7d84e33ef7fe275f8a728d1c447f95c2,0.0010080645161290322
9c64f5f66ce7366e52d76c2fe1029a0f,0.004032258064516129
774a18b2c57d856932a6840932ca2fc8,0.0020161290322580645
47d13adb18b4507f34353bd1f6c5855b,0.0010080645161290322
caafc33263dca4d4e982cd31b00dc484,0.0030241935483870967
b256880d6f80118c4a13946b4576e217,0.0030241935483870967
fb32bfcdd4d377d06b94ae248acf3fc6,0.0010080645161290322
ad162c0af1b87fee0e2500ae916f61b8,0.005040322580645161
8c86596a7f14347f9c91dca3e37648d5,0.0010080645161290322
73712685727f4cc5e63a7783aabbd30d,0.009072580645161291
b42cd01c00229f3dada72870c8a4ca34,0.008064516129032258
b29ced1971663671cfc60addac8d61f7,0.0010080645161290322
0fb008e08820899363d1327cd119f6b2,0.009072580645161291
e3001dfe5cae0ee914a709bfdd45ce28,0.0010080645161290322
98031b8e0dbe56bb9d6e9a12c5aa7971,0.0010080645161290322
48dd549abc3633c4aa9e7212c7f6e8cd,0.0010080645161290322
96e8131867bc902889273f403e68669c,0.004032258064516129
c6b6bd210739b4b68ff3a57f39d856c1,0.008064516129032258
f729616afd94472f7c41ad85f317896b,0.0010080645161290322
ff3f431c8afa69228691179b20de7a1c,0.0020161290322580645
6bae353ed1b37d9547b15371e37a09d8,0.0010080645161290322
3cc8048262fff80f54567912ec4df046,0.0020161290322580645
68cceb0afced4392ac33c40b4b64b5e1,0.0010080645161290322
efca5ccb26ef295dbd043441dfce2698,0.005040322580645161
5fa0a6355e8d28f549e6ee42e79bb41c,0.0010080645161290322
f8fc707932baffc8458018cdbc4022d0,0.0030241935483870967
89732ca71cba0ca6a9786f187439c0ff,0.0020161290322580645
aaca67bf185031c4ba400379cf198e63,0.0020161290322580645
1fb12feda087aea7c043a65b8fd003f3,0.0030241935483870967
5c96a1a109f0d4bd515f831ce6ec0783,0.0010080645161290322
bf6787b1ec7096064159d291c4e70762,0.0020161290322580645
2508fb736da36e57f2f8eefab39b432c,0.0010080645161290322
0ed8ca06222e9b4657011df747901b09,0.0010080645161290322
2169fa1dfdbd76b867277b428796eff8,0.0010080645161290322
5fc45ac47161a2854a06b159fb52fe26,0.0020161290322580645
46f0069a9c96a0d314feaf79ab71049c,0.0030241935483870967
379bc95fa3a35ebe4fed675394f0109d,0.0010080645161290322
4b62ccddaf04c24048999844079e9349,0.0020161290322580645
7db357a4adb452de8504d8ca1ddb3f99,0.0010080645161290322
b201d54d80cb003229ab313e27162203,0.007056451612903226
051be475a32de25bb3de67081cfd6a79,0.0010080645161290322
2c45f1b6731175d99c31cdbe81cfa7d9,0.0010080645161290322
f6268f1b20e1bf4ce7899c9b5e3789be,0.0010080645161290322
1a75b3e415638a9ee734aeda4c070c40,0.0010080645161290322
6e49583d0403f45feb838c7008d9ae91,0.0030241935483870967
4c9e1217c68d5f094210b93df914d420,0.0030241935483870967
3b0ddb1cb10350ea8b0eb5ce1f1857ce,0.005040322580645161
40f21a564d04a68c4f148106863e57be,0.0020161290322580645
603fc4022ff1e6f607f431216de37e27,0.0010080645161290322
e20947a0126b33506d91f01044c241de,0.0010080645161290322
2e6fd3574126ee9f19683b9ee92277b4,0.0020161290322580645
e09c67ce040b77695c16f14e8ce5e279,0.0010080645161290322
44599e3570aeb29948c808c6d1cbec5b,0.0010080645161290322
ea37d7aff7430e4f411eb63a03798c6d,0.0010080645161290322
f4619130d639bc0b2b8722e675a3844e,0.004032258064516129
988c2de9bba74a990142a4af4143eefa,0.0030241935483870967
c178d8ba92acdd0be08049d201d4ca42,0.0020161290322580645
21f45e7e31a89b7f95568004aa0f81f8,0.0010080645161290322
687ba133295cb43a9c3ccf93b61f464e,0.0020161290322580645
0670a382558aa9ca18e83b8fd5df922d,0.0010080645161290322
aec8c99f5c9edb6f61a36bdac8af53f8,0.0010080645161290322
2fca05719aae3ce70ab4a36c9bdf17f7,0.0010080645161290322
25e9e8577f611cf2414c836478a4a0b9,0.0010080645161290322
e93d8841a7cc906456a9ae28cca605dd,0.0010080645161290322
d7d81375271684267af9a530a54bfda2,0.0030241935483870967
e32a5203745eb6dae636825c8410744e,0.0020161290322580645
d17ea9b16e752fd44791d79dcee60645,0.0020161290322580645
efc2baaca8ed24bf58ad2ae4a1c11068,0.0010080645161290322
08011ad8c9fff7a253deffc8817d4448,0.0030241935483870967
7ad2d59c65bb6b3353d46b15a7a36763,0.005040322580645161
b38fc1ddf8b70de17b677ffbd73a4766,0.0020161290322580645
f185a7284ba464d41b251c09d7977403,0.0010080645161290322
5326d6b8d8b567861242777b1612226a,0.0020161290322580645
f70cdc9e9291420559d1674876ee1e55,0.0010080645161290322
9b3edc3dc45732c6cc5586f257f0ca8a,0.008064516129032258
67262f6db3586385d2ae95d9f6aa9d33,0.0010080645161290322
5c8f319f80912a383dd1c4552ab6cfe4,0.0010080645161290322
aa8148d53e8aa6e3b86d905eddfbfe3e,0.004032258064516129
033b2b33d6c2a3b8890a32c2cfa77d4f,0.006048387096774193
c7d9d0450e32615d53bb5c4de9e25e2b,0.006048387096774193
784ef215fc7d9c23aa68a97ae132a843,0.0010080645161290322
45e3f85256b854696be17320e24fa357,0.005040322580645161
529a51cf1aec5c468b3e8cd467f508a4,0.0010080645161290322
5c6d6a58d2e1d337f6f0fd648200149b,0.007056451612903226
4522bb9f52d633ad1d2625ed62d2358a,0.0010080645161290322
74633b26aee25230735385a79c8db402,0.0010080645161290322
79cc57276bfbe51e3f3143d95127bf17,0.0030241935483870967
4cd426912cd3874ca0db573710250b18,0.0010080645161290322
afc7aaaa199433d064aa513ef34b50bf,0.0010080645161290322
f0def42e07fdaca46f1ff5a133f660a5,0.0020161290322580645
d79949c9dec318c5874686e268ef0857,0.0010080645161290322
77c85a52543e50d55d481e58fae4bd5f,0.0010080645161290322
ec27e4100a5dc6291cf3e0920cd9f765,0.007056451612903226
85e2bff23381bc2091010e3c3152737f,0.0010080645161290322
7314600d407df7d8124f6db6c8ca230d,0.0030241935483870967
aa4f342c4c895c3b59a6c7ee001d6de1,0.005040322580645161
d5ee36509245a570c38e7f89c1250dcc,0.005040322580645161
693b3098d2c1e2b80611c48b4229c8ec,0.0030241935483870967
bbe1bf8057157a95c2cb31fa6d5d9f3d,0.005040322580645161
7e430f3dc12bf1aaada5cfcfd93a44f0,0.0010080645161290322
6860055d18034966e035a9b42791c2af,0.0030241935483870967
a0035f5110ec111e86724b224f6b1f38,0.0030241935483870967
6abd0ba5ec757bd2ad71f381b2bcaf1c,0.0030241935483870967
6c31b5f6b719f85a45d13e436be134c2,0.0030241935483870967
32d75d4b7bbc767aa8b79121252fa2e2,0.0010080645161290322
93196c67ec72175ecb80a88494c0d46c,0.0010080645161290322
6dfbfba7f98e0e48af7a3b7e209b5d0a,0.011088709677419355
639364f60c08e37d54145ab03ed8b720,0.0020161290322580645
1aa595146a47b6691e154856153e2ede,0.0020161290322580645
1698d4465369c72b9e1f893613b39383,0.0010080645161290322
a75543fd993fbf155e4b276e1aa87aed,0.0030241935483870967
38463b94041d18b66b811b16e2ab50b1,0.0010080645161290322
59d9f45c4aebbc3678138985283f5133,0.0020161290322580645
9dc4c4f02850ab5ffdcdc5c5eed59810,0.0020161290322580645
b2ec2a52018dd407dee6f6d2ed43427f,0.0010080645161290322
d34851f27724e0291135ec4138edfca8,0.004032258064516129
80b1b040351cdc7be39b2763a8f31a4e,0.0030241935483870967
6ef6f513844d559605e04e624a13b272,0.0030241935483870967
400db4cb3da237460208b5282a83fa3e,0.004032258064516129
8a19a6e05d60d58d6c058a698c814ae7,0.0010080645161290322
d3575e8dc53fc62020bcf1a3be32e26f,0.0010080645161290322
79768b1c852c5b7047b7f701a32882fa,0.0010080645161290322
8731da9f07ccc32e322312fe431ebf47,0.0020161290322580645
ba79cc80279a19addad46e1330246769,0.004032258064516129
e60aca8cc5397600125b43ff441e1306,0.0010080645161290322
80ad5b72fee116a0c9503e97f9289eda,0.0030241935483870967
059838532ae0a16ddb4181fa0a3056b2,0.0010080645161290322
ad0fd67b109b38a9dd9caaeb29730d30,0.004032258064516129
1506ca213dc7063e533093105f6e8630,0.0010080645161290322
43f8359410115bcc50dc599528c0a591,0.0030241935483870967
9d425c2087c04865b97a64b595598e0f,0.010080645161290322
d974dc46b4a01893efd6f4c01b2305be,0.0010080645161290322
280dd5a0ae527ab3a70760f2622d0ed4,0.010080645161290322
13197d8b67bf547afc74e2c9166f8797,0.0010080645161290322
f25a1534e9109aaf176186af97a89b69,0.0010080645161290322
0fe72ded6317192b08e1dca4fc5ede4c,0.009072580645161291
642e89e191db37bd35b5659cdeeade9b,0.0010080645161290322
676cc61f48dd6aaf848681a1e4caf35c,0.0010080645161290322
80da7f8b1b2f229cf9327e4fb9d04eb6,0.0010080645161290322
9810285bc89e336060513547759f164e,0.0030241935483870967
832801b206e3f2ab1f8ffe19b497319f,0.0010080645161290322
150b8fb2979d707644b6e1d71341f623,0.0010080645161290322
35c9834c942523a64a5edb27ee615416,0.0010080645161290322
4ca78c8cce96117de56493eeaa5de22c,0.0010080645161290322
273a87cb39a737a8d623d53e825d6879,0.0020161290322580645
2a9fdae783b249ea60f1ffac5d35903d,0.0030241935483870967
64a9608d5ded95b4ec804a6ea3afa32f,0.0010080645161290322
96bf995deb45807bbbb768b19c3115f4,0.005040322580645161
79a544c28e6186430bb7befc67cc9eb3,0.0010080645161290322
ea7136cd5b4fc00ede322fadb5b64108,0.0010080645161290322
01b6fe1e808908ee736723a1b7e6a5cd,0.012096774193548387
cc744e6ffd2472813ccd688c8679014b,0.005040322580645161
6579ce60a26a1843dcff1494c29fb2cf,0.0010080645161290322
439c0459c4b57d1b5a404580a4207dc1,0.0010080645161290322
49b31046e52ebf100535d47930d2f6e0,0.005040322580645161
ba26bf6e1d16031d29d666cd5725db8a,0.004032258064516129
a612f37a7b36975d22d0442b897a5eed,0.004032258064516129
74587ee0a03c32a99fc809b06aa14b3c,0.004032258064516129
3b8171a9276b1514292b64b72fa56c2a,0.0010080645161290322
50937444b75c719b81160ef3700b9aae,0.0010080645161290322
5f550af792b5d498609d2c27da5dde24,0.0030241935483870967
ccdf048e392de99fd8a45a45ec224a54,0.0010080645161290322
793626b367cd3ae535ae29ff2df75bb6,0.004032258064516129
01b9fd2cdd6aca42e10309570323be28,0.0020161290322580645
7b487af704889cf0ebbb0127a35e7994,0.0020161290322580645
80166299f855f4c9d95637d4ff1e4fbd,0.0030241935483870967
e4c40780334d899edf34113bbb68835b,0.0010080645161290322
c3a8bce0f4488c91022c0dbdaeb53e6f,0.0010080645161290322
2079f9435d2c4d2c7b27a6ff0c230cf8,0.012096774193548387
798bf8a4b932328f5f61bfe400cd4382,0.007056451612903226
f62860500d0a09b83375917e44f1ea3a,0.0010080645161290322
a33e29df6ffed9931444c0f687b016f5,0.0010080645161290322
f7847b152a51a4a39be410ce3dff8676,0.0020161290322580645
e4bd4a5e713c35567f1bf09f7a40bbbe,0.0010080645161290322
3431c0e5c0f32c5804c4fad4f1954736,0.005040322580645161
2ee6daffe87839cccf91d6cf77112d9c,0.0020161290322580645
f0e270c8e7cda5daa78de0d4b6646a5a,0.0030241935483870967
0ae56550f6ba380121c509a3db1bcb2c,0.005040322580645161
7de3159316afbbbe051b810b1f2da8a0,0.006048387096774193
c9a4c77d3801558435dd78a60ddf8ccb,0.020161290322580645
b8cb8332c227ba9cc498115fe23e7613,0.0030241935483870967
4dacd35fc036829de747acef8a7d5952,0.005040322580645161
e4f8b543b9e2ead2c98d908d28da19fc,0.0020161290322580645
9c84a2ae49cd410933c0e6f7adc213be,0.0010080645161290322
87cc2973f570bf80cc9e3162f10ccc3b,0.006048387096774193
62af6d703117005a6fb2ffd441e34f22,0.0010080645161290322
c348a7cc121fa43fb14ca92cc4273c2e,0.004032258064516129
41d305a4da14f79e3e1176cede90e556,0.008064516129032258
14de53486750da07ed6229402b3e088c,0.004032258064516129
b1c958777a9af66b4e871256f3df531d,0.0010080645161290322
862c0881b9de395ef338a60fc062cafd,0.0010080645161290322
7e8144bdfb2d1933a537fa3d4a8d0ef3,0.005040322580645161
3c39aa8022cff36f842f25ae4efdf9a3,0.0020161290322580645
89d14e0e8ec9f5b6c2339b251e70f823,0.0010080645161290322
a1593dde61a744880d8c88327cda4f35,0.006048387096774193
d7808b8524fb9deb1714c7069176767d,0.0030241935483870967
237a8fbf2954bcf68bb87bf06ba5913b,0.0020161290322580645
5ff5eb4dd1fd266304a56fbe9ca2559d,0.0030241935483870967
bfd4f26ea5d12c7488408bf2f68cab48,0.0010080645161290322
72dc76e7e154a394523d2f560a2bc2fe,0.0010080645161290322
746666feb44b0ef38315d4645c3ac1b6,0.0010080645161290322
1332894699ea5c7a0d60e159b3304f40,0.0010080645161290322
a146e89c67de4936d2adf86934773eb0,0.0010080645161290322
cd51d8e2f496b0e5e767812377d0b272,0.0030241935483870967
b91b13165c9ccf5b4a5736e2b7f0c406,0.0010080645161290322
e3313d26efce07716c0f80b0a8eb033f,0.012096774193548387
80f662aa5cc1642a293659c0d52adca2,0.0020161290322580645
a356b0b742b341c077472c87f4d92f94,0.0020161290322580645
6a5cbbe41414b650de24e229e16d8f08,0.0010080645161290322
f8810fe358ff6bbb19d549b590a87b8a,0.008064516129032258
3cc0f6cbfb57e940c35d46486bd816b3,0.0010080645161290322
22063cb414db7dd13dcf549dba4feea0,0.0020161290322580645
aeb2e6c1a574116299ecf56420e5327d,0.006048387096774193
5104465d7f67dcfd36471fb96b8617da,0.0020161290322580645
2951710f7015eba8552105c968d64807,0.0010080645161290322
91226b4ba449451682087a6b310933d8,0.0020161290322580645
18d988cf72013ee8ddef3733ba8151d1,0.006048387096774193
699c8b49e98ed1eea085b0144824ebca,0.004032258064516129
c0b1dda4bed591ae7eae70f9ac94e190,0.0010080645161290322
c0def8c2176ac6185b3a00f818e3ea2a,0.0020161290322580645
b5fd14122ef7a7c55580591ec80c70bc,0.005040322580645161
4b15391f901fcb9d5fbb705fc0e4d8d1,0.0010080645161290322
b90c9efdf9657df302fa8eafce7038d7,0.0010080645161290322
c9935c5805933c34f60c679547fdf9cb,0.0030241935483870967
8518a71a235690c228244ccf444742a0,0.0020161290322580645
fd07b2f19f46dc0b88168046e5ee4c52,0.0030241935483870967
e85637004c18ed6f88177ed3c26aa66e,0.0010080645161290322
9c38a6a35d2e2cbe6e4211976764432a,0.0020161290322580645
cb43a1614f561960be84b697cb7bd8e5,0.0030241935483870967
888210d3f8a04b93cfea67a8b5a15db3,0.0010080645161290322
cbbd54d4769e68d2937d891127eb305c,0.0010080645161290322
27bd1582f23363c138e99508788044c3,0.0010080645161290322
abaa1e63f4b1c6e6808e6cdad41701c2,0.0010080645161290322
614b6a71e4e8a2497541737231db2da7,0.0010080645161290322
7ed4addad76d4941fb3af46e275e14b9,0.0030241935483870967
0bb4cf72475deddc5a50666815cb61fe,0.0020161290322580645
708bfed45dc8c4bc392a9ad31dbb5db1,0.0020161290322580645
a82aba426da1ca389b0a835b45de7abd,0.0020161290322580645
a399a53725a09f0b80f4b5e2694797e6,0.0010080645161290322
9712ed05fe94c0798f459bae678c1793,0.0010080645161290322
7e8b6c3b2c50fc0f891e9f2da01fba2a,0.011088709677419355
a99809bbdacc52efc499f1429fa6db93,0.0010080645161290322
b82b3a3baf2d364af547141ae34a04e2,0.0010080645161290322
767dee17e4d6bd04b67583c700aea874,0.0020161290322580645
34e8ff3e941ac5ffacca70d34f208374,0.0020161290322580645
5944075da2e507d84102857f51088f64,0.0010080645161290322
bbc7961b7cf7855734b4695f74411c33,0.0020161290322580645
96a317e0851dda6d26aef0287ff64290,0.0010080645161290322
97fe14971e7b9953b9195612ccef13b4,0.0020161290322580645
5bdc89c023d34bf1191754ee77969d3a,0.0010080645161290322
051f95f9529910e471076bd534282f5d,0.0010080645161290322
a90ee41f961e6e80408d2e2fd213fd2c,0.0010080645161290322
f06a6bf12bd4c6fe1183eb64e2b27092,0.0010080645161290322
63374974e0e51391067d472ae2301629,0.0010080645161290322
a55e40b5fefe11bfc58961bccb93808e,0.0010080645161290322
4fc7db9feebf06a88e44df362f184692,0.004032258064516129
9910af85308499297d6462693122507c,0.007056451612903226
80a1f9fe32e023048fb3cbaf78449a7d,0.0010080645161290322
7b576677259a7e2b636f0a6e1c12f850,0.0010080645161290322
1e58b11effa3c258621a27fdfbf32d76,0.0010080645161290322
0f83d5c248375ae51e741e679ac02e50,0.004032258064516129
29293afc61bac83c2d9938046f8963aa,0.0020161290322580645
4038d450113e9de18317e75f68c87ef5,0.0010080645161290322
5516d2cabf109d89639ad10a8d9a54d9,0.017137096774193547
5ffcd6418fd31a2482829df1e5ac63b0,0.0030241935483870967
fa9ebee0b218de3db3c7b0c756b54cca,0.009072580645161291
656c5070fee78af9694bfdb61e7f904d,0.0020161290322580645
9f97ad204f42919e1396c9b529d2d26e,0.0020161290322580645
edb46cccbc411b8909f7fef3f6944fef,0.0010080645161290322
143b8c1d8562e0034add46cf0256c5e7,0.006048387096774193
b9a585c47becaa3b157ece22b0771882,0.0010080645161290322
f8891c99d2536bf3e245f995e2229b90,0.0020161290322580645
01163141515c76afd3ea8bef038c0c67,0.0020161290322580645
760233e049895a6ad1542011596a79c5,0.004032258064516129
d81a205715a509d60b262e565d4b167b,0.004032258064516129
fdf6d65ebb33a54220bb0107c9801982,0.0020161290322580645
730d38e073fe1c1ca97da8d726240634,0.0010080645161290322
0012cf18245d5dc8feaa4a4d83f2820e,0.0010080645161290322
3a16eaaf51d98694db0b9c208a9040ea,0.005040322580645161
9c1fe05b6e3a58a7199479fd6d5a65e1,0.0020161290322580645
35dbd5560fc0139bd48e7b265553af79,0.0010080645161290322
9bcf79b9f747dbd06db34c18720d32e8,0.006048387096774193
c740ec029da2fe9d88ca324d04f2774d,0.0030241935483870967
a9babcdb2643189e40cde0b3fb8c50e1,0.0010080645161290322
1b739a0217a3d3da2cbb6e10db342410,0.004032258064516129
a635f0436e52f95865bc63494dab461e,0.0020161290322580645
d2f12c773d75cac5290946cdd95037e6,0.0020161290322580645
a9c0a89a98398092ed5c13be383fb165,0.0020161290322580645
3326b7861e2362c78a0c288e7f7388ad,0.0020161290322580645
de31abb7a159fb68cfb3d9c1cd6f993b,0.0020161290322580645
da19337673b19206e20857b39fbdbd19,0.0010080645161290322
fa6a8cceb3dd139b0c3d2cde675677c4,0.005040322580645161
e306eb2da18c387fde55f3f3c5da5531,0.0010080645161290322
6023508eaadddcbfa18df70eb9c70951,0.0010080645161290322
63caf9fa6f2060b969f04bdfcb1b5796,0.0010080645161290322
68c460304ff7151d2bc91992b157176a,0.0010080645161290322
e8a4676f450511c30ab1fcf7b19cde5f,0.0030241935483870967
fed64087bde8e32bfb7477aff6eb85ff,0.004032258064516129
1d2ff81dc216e849618fd99f61828586,0.0010080645161290322
8fa31a04654e25cbcb67f4fc0c5ee952,0.0010080645161290322
fb7e9e388e2228b84f06e7f09a076166,0.0020161290322580645
a8e98f89fdda8f6355a1d522c89139be,0.0010080645161290322
cecc4e0da71ff9327f072b662ca11b62,0.0010080645161290322
e6872e235da5005907d9857ea4d395f7,0.0020161290322580645
f702fbe4eea25e04c7709807c3ff20e9,0.0030241935483870967
4ada5859e0eb363c4761a789f17ce8ba,0.007056451612903226
a800791f6add36d095b5624c6d05a103,0.0020161290322580645
a8c4039ff1107234e44e5fe4abc65236,0.0010080645161290322
000a8607e539857ce3a1aa6ea66e72ed,0.0020161290322580645
9ab85d2840a93ca3d0c0ca0341a306e7,0.0030241935483870967
b3b4e859fbab35ae6afccb5d6f83d75d,0.0010080645161290322
717d2dfaffb61de0327b0cfe9d1e5249,0.0010080645161290322
ee4d799387911e07937cbdf45f317a41,0.0020161290322580645
b11e059d2ea233821f6456694733208d,0.0020161290322580645
c57d79c70b5e433d9abe06fad8741d7e,0.012096774193548387
48177d8ade3bfe35ebb5be4a8403503e,0.0030241935483870967
8b991510d74581755ca56127754bce45,0.0010080645161290322
6814201905bfd080061a959cba4ce1b6,0.0010080645161290322
9f52061668daf9a68180a78f5a038f5a,0.0010080645161290322
cb224c74cce2bc438ed703aa917d21dc,0.0010080645161290322
041c9af7481179e1175d7b0660295f9c,0.0020161290322580645
c8a6c5660429a11cb24619888daf591a,0.0010080645161290322
0bbe63e8dbbdcac07118d08cc7312768,0.0030241935483870967
16e36fc58d8fe9f6544b8422c75465b6,0.0030241935483870967
1f35b744c598b332c6dc0e722829d4d9,0.0010080645161290322
44ce360fc43d21d0f1fa64fe1a680f1c,0.017137096774193547
d0f885e6974a40e15c235e4562e43194,0.0010080645161290322
e7fedb60c10fdffc6a86906a4142037a,0.0010080645161290322
6fd75e1191937da921b4459a21d146bc,0.005040322580645161
29952ed7b0ad2c94fd144c5e36ab092a,0.0010080645161290322
fe26d7c079c5c7d5b071e5be427bf4e7,0.0010080645161290322
6914739f798395e56b9cfa27c6aaeb20,0.0010080645161290322
494d3924f75b016c4662b38e464d1445,0.0030241935483870967
cd2bf426efcd6176509879bc14bc7ab0,0.004032258064516129
000b26d29488ec8fcc4e36dc3187021b,0.0030241935483870967
d787b417445487a1a137bc282ed51d87,0.0010080645161290322
7f8485062d017b57c721090479b79883,0.0020161290322580645
807a6167d1e5f8fdb6720176698b0d33,0.0010080645161290322
8a08364c28cd220faeb7a6360d4683fb,0.0010080645161290322
8ac9f3c974780763238c51f37d09847d,0.0010080645161290322
d820bd2880e1a54050cbee20b7b10b68,0.005040322580645161
b63fcd5ef705b6c25ddfdcc0bb1a206a,0.005040322580645161
c12331989624002d4f790eb1d19dad02,0.0020161290322580645
4f65cf905533aa16147124f3c9991dc5,0.0020161290322580645
ce33f26f3bd4784cdb63910753fa0792,0.0020161290322580645
9348750064a5c4f480947326a5186206,0.0010080645161290322
8611f3ddd18de4746d89044b9d2c081a,0.0030241935483870967
dbfcf521bfcc694e47cc2be9ff39091d,0.0020161290322580645
24446d23be1de230ac73f32b4ff326a5,0.0030241935483870967
ff85b4978d90c4e9c738090a3785b945,0.0010080645161290322
b8558fccb287fa72dde0c2ec130f1b7b,0.0010080645161290322
6a4db215713e153fd17d51e58c5224de,0.0010080645161290322
6e64bc9ec8ef5b60abe6be066fa10be7,0.0010080645161290322
09372e0cc8a367464c99d4aabb28252c,0.0010080645161290322
4e67b4f4b00dfff1f671e18f2e5f351b,0.0020161290322580645
725e3b562f0a5a50b40b627da588de31,0.0020161290322580645
8613b53d63a3a1663f9f356911c9eb91,0.004032258064516129
34fc25d6893b5254481fec30ad8ff77a,0.0010080645161290322
456acf71fae63f1b311b1fa56bd8863b,0.0030241935483870967
fc0fcf3d67de5ae4f247cddcb3716384,0.005040322580645161
ac173a73ccd78c95a5429eec95f0adc0,0.0030241935483870967
c6a943de5fff5865604569eae4cf6128,0.0010080645161290322
2b1c381a55137d7bb81387b545bf6c27,0.0020161290322580645
9cecb7eacd5052367aaf430ab4f11029,0.0010080645161290322
78c6fab395272e3e2253cc3ec313cee8,0.0010080645161290322
5d5828aacec244569193ec73d4122f88,0.0010080645161290322
a0257192eca6812c5dd65f73b34e72f8,0.0010080645161290322
1017c146ac1ca61270b9d0030976e044,0.005040322580645161
a5a017254f597bc04661f302b103197a,0.0010080645161290322
9f5e5d357fdb6348593f14100633a70f,0.0010080645161290322
0eb3555d911b0ff8bd79b397d9acf180,0.0010080645161290322
281f94d540380e567d0ede5f8fc4344d,0.0010080645161290322
a49ab7ae331e7eb43e1539774a077075,0.0010080645161290322
e9bb1f0ca38e23d921f14ff578cc933c,0.0030241935483870967
f011a601ca89f3c8c362dd618e9b7fc4,0.0010080645161290322
ec0de66281cbebab0613e931546df61c,0.006048387096774193
219878661e0f85dc8aa19f3b0ba297d9,0.0010080645161290322
5675dac9151007276c10ed564023cf3d,0.0010080645161290322
05e25c4897f4d7e52d384cc9271e3675,0.0020161290322580645
0a60e782bab60979d3facfa622c2e072,0.010080645161290322
ac418734c2ed0aad30a45b8c116d28e6,0.005040322580645161
4ee64540f9f7b20e7a4e688716e37286,0.0010080645161290322
e1957a97787a9bbefb591b8b0ca9ebce,0.0010080645161290322
e58cfcb87eb1516e54e580d17ac1dc42,0.008064516129032258
8efd91e50c73589543078c294c913a78,0.0020161290322580645
e7af103a491810eeb8c669f94335c648,0.0010080645161290322
15a8a30a89f5ce52fcbfa85a24b75434,0.0020161290322580645
4d3b24def7309ea45a5350761055af7e,0.0010080645161290322
90577ba0ebe055fe1181b962bc04090f,0.006048387096774193
43fc5985b9e35ab0080e7879234f552c,0.0030241935483870967
03db2f9468bb2e8dc20e2fa7d5c919d9,0.0010080645161290322
7f0e62aae5723d741c48b621a797072d,0.012096774193548387
b8836fe307ffd6d91130d0143a338132,0.0010080645161290322
a31799beb73b1849e0d63786bab4b8f9,0.0010080645161290322
905b50f8c944c187817334b55d18a1f1,0.0030241935483870967
7a5c6bcd554338b2a7adeb4c7f761787,0.0010080645161290322
40260148fd9feb2a0c7d0120565e891f,0.0010080645161290322
747f1dd56c75825bd061785a97dbded5,0.0010080645161290322
326424602498764a240bff8311b56dff,0.0010080645161290322
453a07b03582f981cb3dc11c5abbcc5b,0.0020161290322580645
6b400c3e58e8cf9c89ef7702f2fea0e8,0.0010080645161290322
057beba47f22ed8044cfe65b3b8c5b76,0.0020161290322580645
ea673e94d8498335b232341f200daf62,0.0010080645161290322
597732a805b6ad09d801f37c857cb975,0.0010080645161290322
6ced0c76d2733c2779aa1d52587d0a74,0.0020161290322580645
193d865d0a619d1468a31853f8fdebdd,0.0010080645161290322
ab53b596f019f38b332ad7bfa0b2331c,0.0010080645161290322
6a9c08b453985aeae73973626600ea16,0.004032258064516129
3c445f23f50fe1a17c986ba28c62347b,0.0020161290322580645
32cd4adf77e3856ca8349915e3dfb051,0.0010080645161290322
a70d835b64b0281e04ff0454887b9b3a,0.0030241935483870967
39143e5c400401ea5a5aafc2e8833344,0.0010080645161290322
2ab96b02873014ecf9881e77f58b2bd7,0.0010080645161290322
7898dc4ae3476c747f7ca34aff26f46a,0.0020161290322580645
1f50dbd957c782be35222cd06500b92e,0.004032258064516129
67190c604dff031cb375269426d45c5d,0.005040322580645161
a7837cc3e4d8200cc0849f337439ac15,0.006048387096774193
1e57c78b2ecdd2062747b6908d42a916,0.0030241935483870967
6d715f97307a9d627f4b11bfb32b463e,0.0030241935483870967
3c0d4417a9f8117821adb672a00e0f7a,0.0010080645161290322
4f6f2e1cb06f8411fe12841ac3a3134d,0.005040322580645161
4f7d6bb0069c47c3243807493c326ebe,0.0010080645161290322
da6920ef4356a3e874c4ce273ed16b2c,0.0020161290322580645
7b429f20755f83db644f6bcf3989cd26,0.0010080645161290322
f0f875dcd2821abcb0e74319f25f98f7,0.004032258064516129
520bb67c0b6594bf53122fa7d436708e,0.008064516129032258
3fc956f4480df8442935cbee61bd4815,0.0010080645161290322
68cae0d629c2c8b72d8a9588bc71b69e,0.0030241935483870967
aca6247c7d4d6d9ea668b1bb512f4846,0.007056451612903226
2a689b049fe1356c2f7429d8373e044a,0.0010080645161290322
74104ce1aefbcff70776897443fedee0,0.004032258064516129
c4339955e39b34200f9473a67eda138c,0.0010080645161290322
defd32d00e4376f9234f860543b10c77,0.0020161290322580645
5ee64cbd97ef72378db4aa30ad02371b,0.0010080645161290322
7fcf1cfe88f134f359d6301e60b3b19e,0.0020161290322580645
4ebb95614656c783db25432e9faa35bc,0.0030241935483870967
e7160c4a39fd19b70968d217569f9491,0.0030241935483870967
8362314792f1ae147b9874c1f54743a4,0.0020161290322580645
f23ac0d019d8cf19bb93067f1dbf19d8,0.0020161290322580645
788ae56f02ddeb66ca1c24b01d33531a,0.011088709677419355
9bb2557b7c20c24109cc7c809673b131,0.0010080645161290322
0005bc5138bf42e4115f8e36b7909fc0,0.0010080645161290322
37269d707634326db63114b9cb677d50,0.0020161290322580645
46be0120e033f9d52d16dd6e37be76bb,0.004032258064516129
f03f29f8e9d8a2aacfb5687661cd2cd3,0.0020161290322580645
9a25c00e440ea7c48d9149cf343898e1,0.0010080645161290322
60636d7db9470d031e855ef5b8ee40e3,0.0010080645161290322
b6496003b7179ce994d489f99a29cc0c,0.0010080645161290322
811e6658c3489edb8b85b947c891c27a,0.010080645161290322
0d7addbfe060c33d87da1f57e28764f2,0.0020161290322580645
e6bbfc4ac0a0e5b079fc7ebf0ea6a11c,0.0010080645161290322
db1a004844a9b36b86c8324f85b3e9e3,0.004032258064516129
979ccdb5063c5207c601dd30054df20a,0.0010080645161290322
5a2a81d9ebb2a5350b354ce92aecc209,0.005040322580645161
780c582a1cc52d444f7a7a79e77ef2c8,0.0020161290322580645
7d1cee67f9cd016c92f774095698514e,0.0010080645161290322
0e9407d7f99b1761165145573770276e,0.0010080645161290322
b856fc59074dfe6a5d425d7ca06d1146,0.0030241935483870967
c16e809b92c97107ab18afe496dd884f,0.0010080645161290322
cc044b3157d1c2a192308ae6a39c1f6c,0.0030241935483870967
5fd67cf0abb63200cfd6465ad3b0906a,0.0010080645161290322
24193508f045e00fa52f7670a81610a6,0.011088709677419355
c58488d9a5439fc0b5cc7f3ac1445ec6,0.0030241935483870967
aed2c97d4a21e27731c1d6f761f1aeb9,0.0010080645161290322
00cb655eb89900fdd205c510873bd5a0,0.0010080645161290322
fd7648091c125247e744920320269873,0.0010080645161290322
bc42ccc183e4777f412d1e017dca99b0,0.0010080645161290322
183bfcd7a89c8a2a4142dbe65128a3cc,0.0010080645161290322
f2e120f843b8b6ba94216fcf580becf3,0.0020161290322580645
9958ebe33e6023f431510a9ea51a7271,0.0010080645161290322
ac62b8b1d2853b128a4c5c05cb35c13e,0.0010080645161290322
6d66bb429feccc40fd29e8391b9eb680,0.0010080645161290322
8d9ab845aa9fb34d17e9198f37ae6435,0.0030241935483870967
35aaf00e70a21222cd313b5dc5fe4d5b,0.0010080645161290322
9313081a872d914768ca08d7928fa38b,0.0020161290322580645
780980aacb0a3e5ff1434b195794f58a,0.007056451612903226
2de3f76ece1169d6634f31c1eaee7be3,0.0020161290322580645
2de5a50282646af3ce5cd6bbcdf8f293,0.0010080645161290322
10df701d47286a6ed30c544e219c87f4,0.0030241935483870967
7a08a37eff6224b432a537907a0cec2c,0.007056451612903226
646fa4598c29d876a62d0e3eee3ae32d,0.0020161290322580645
eb2f2b93d91a9b7154578e8c720cbb95,0.0010080645161290322
698c5273bb01b621ef81ef1b4d3e4b09,0.0030241935483870967
f6667db926e4d18ed034ba75a451fcf0,0.0010080645161290322
c71c13ede236a579b946f054feefeb27,0.007056451612903226
5bfef4e7e21aee58609421e4f24b5dc8,0.0010080645161290322
7bd9f0dc1103571e1ee140d275bbcd03,0.0010080645161290322
3aa888096e565e1d4c83c030d7602198,0.0010080645161290322
c3db8f053adf9b276a6256732eed235a,0.0010080645161290322
d3982367a3e156d8d9e8849067dc7e71,0.0020161290322580645
252d0fd6601d9776290e142e5bfd744b,0.006048387096774193
6ab3720d22f7bc4e073494a799b342ac,0.015120967741935484
bb7e9530020d91190a86a45453d05d41,0.0010080645161290322
108628526fe5a182e0704647caa22222,0.0010080645161290322
cd79a5aa8571c0284af7a57a86a4d795,0.0030241935483870967
ea6265476f08a35fdb764ae98206ad5e,0.0010080645161290322
70694b874506f1502e7f15dc8edb2cf7,0.0010080645161290322
fe3e731a0e5b8010f27525c37ed4fdeb,0.0030241935483870967
e796676dcb0da73da1c3fc365b4ffc8b,0.0020161290322580645
56c0019bf8a6c2dcae36f2966bfed340,0.0030241935483870967
f30eb6bf44616ac8a4a94461ca2b260e,0.005040322580645161
86cb3a37f04b910ecf3a5d00849874a7,0.007056451612903226
d659f23d2cb6f221577d9744e1aa0957,0.0030241935483870967
dadfb9dfb457b59204bfcb4772cfea19,0.0010080645161290322
1a43fd11bcf4586c16a7b2b67503a4dd,0.0030241935483870967
5181da3d87f52e7d8d5e34595795cfac,0.0020161290322580645
f08ea64947df21b8f79b30f6952199ec,0.0030241935483870967
ff2448a510b2582170a824a1488c7a04,0.0010080645161290322
e168e2df5a70dbef9addf96ed065292d,0.0020161290322580645
b7eacc499e054bacd52ea3c38240dc81,0.0010080645161290322
fa18e8ca97e24809c16517ea416b09ce,0.015120967741935484
9825ff45c6387c9e5dc210c3e2edb7ed,0.0020161290322580645
3bbce8cb8403b42d0c7c009b39d5ef8f,0.0030241935483870967
48ee78a2ad148980e0c9904658fcec95,0.0010080645161290322
8bb76f4b00097873b7135afa3b012594,0.0010080645161290322
eb63ad93df04c2fa1278a1d60136d287,0.0020161290322580645
7be28f385245315de76835711fe65b91,0.0010080645161290322
e0b21f5d19e51125e9e7147a632e611f,0.0010080645161290322
f8015a315b557ca01de6971e90926e46,0.0020161290322580645
6ef6370409ae54ca67f21adf91606b9d,0.0010080645161290322
cf6a9ebd8e311a54d0c83353e643d67f,0.0020161290322580645
e50940718ad0294b3b3e3bc31c2eda0e,0.0010080645161290322
1132320594ceee9f5d81b8fd18a130ff,0.0010080645161290322
cd064af255bcfbe9b805a20c3740c63d,0.0010080645161290322
872990c32ef30ba104b194464a5093f4,0.0010080645161290322
8f861b12b11eba2a62b7f264d88bbf83,0.005040322580645161
0eb307e44be5587404809b83f7d1e374,0.0010080645161290322
b15b17b3aee0e499342e297f913b7be5,0.0010080645161290322
0329f72fcb87d7b15c71a76fa4869002,0.0020161290322580645
27224a9f1671f9506adde1c5e3464f08,0.0030241935483870967
fd6bcb9bfa086818289254eb8d3cd128,0.0010080645161290322
174b09f25bbd2324d167f886d959248b,0.0010080645161290322
eff9629f61e42a482445ed344fa10f88,0.0010080645161290322
4174f0f2e11c7a1d1661720c641066cc,0.0010080645161290322
9f85c47cfcda068269fe8ad87b8ea599,0.0010080645161290322
8174ec6523151ab4746e07b43eb8de8f,0.0030241935483870967
db0b7bf41efe768063d06773f93cb7d4,0.0010080645161290322
f892b2790d03cbbb52c08b20bba90b5a,0.0010080645161290322
a2de2239fe7ebd76f3ee3502ba74d164,0.0010080645161290322
3f47fe1a19482469ca13927833cb7223,0.004032258064516129
bda8dce9ae8d738a7f41239980c5e26e,0.004032258064516129
6bb79f4db2b683f1adb644821e6d04b2,0.0010080645161290322
7d94e30a48bc74ef3e79b01e4896a661,0.008064516129032258
2ca1babcaf30683a98d20d5ce97464da,0.0010080645161290322
f612577c41038148d427416cf89cb79d,0.004032258064516129
d0eeba3e4c6b05dcdbf4f6b0b033cd25,0.0010080645161290322
097b5f5f65317c74db265e999dce0fb2,0.0020161290322580645
7be9908f9262e3c68db087fc41fbc87b,0.0030241935483870967
7f9a18b5da41504f14ffc173be55f040,0.0010080645161290322
87bde052c9d07b05a47ea03efc20e3cf,0.0010080645161290322
e06472636d5683d66146dbb7ae2f7ed2,0.0020161290322580645
92cc0251bec002c0cc871d60e934a990,0.0010080645161290322
160eb4dd9ab9248491f66de57e97bd60,0.004032258064516129
ad1a01c92447b12ee47fa59a35670fc7,0.004032258064516129
bd9071a67386191fa123d2bd8f5b7bf0,0.0010080645161290322
e7dddbf5fa85d5818cb4fe3ebe908888,0.0010080645161290322
89f57ea9700069b27659a5bb5a6d2c7d,0.0010080645161290322
b8ca5c7dd8d93c0ffd28e8a926a6d653,0.0010080645161290322
7fe96ce9f0760a413fa6b9ef8280ea31,0.0030241935483870967
6f8e84c829247b21c3e9a8d29fc11586,0.0010080645161290322
156cbc1ccb7363a46b8d103b7e0ab07d,0.0010080645161290322
7022fd693350006ca8e0e6bcad9c1d4c,0.0020161290322580645
b66fdfe1e673b8f7b6398e5044afe754,0.0010080645161290322
ec3513f2af05cd2bed44e4c2397605dd,0.0030241935483870967
a28bcfe6b75f7ca6f63012e793fd648e,0.0010080645161290322
a7fa3a860d2c567e4c023a1880608324,0.0010080645161290322
bd1d2c1facb260eedf0326d13d001ea6,0.0020161290322580645
c1b9b826a757f684ca83710fbba3f690,0.0010080645161290322
400f36f6a767af1e9862c04df2caebd4,0.0010080645161290322
30e89660ca0bea5b3efe50c7d6f6972c,0.0030241935483870967
e5ed35c7acaf93f04575124eb08bcd0e,0.0010080645161290322
ecddf6827a0796c6aadc25b4a47e0fc7,0.0020161290322580645
42ab1215f49bbb617f3dcd0290bcee2d,0.0020161290322580645
8e78183065413cd702d3cf476c66c64e,0.0020161290322580645
b0d0beecce27974bc5547da9cd04a99f,0.0010080645161290322
68d561c62020eef6aa2dc7554258456d,0.0020161290322580645
54e526be8716a8e975248bda795d4f87,0.0010080645161290322
fbb461ec58d83155f6104c4a8852b775,0.0020161290322580645
3f8e1e284bd2bb1aa6f0d930a822c125,0.0020161290322580645
78cb59b86eb42ade66f460edec29c0d5,0.004032258064516129
5bc57a5e5fe43d1d2d5fdf641e91dd28,0.0020161290322580645
ed996b8f5589e0a0a902aabe37a173bf,0.0010080645161290322
a679344a870f7917ae96d10eb4111ab9,0.0010080645161290322
16c8ecb69f771930803db2f73f374eea,0.0010080645161290322
e45a2c0059fa420117833ef27aa2058b,0.0010080645161290322
b70fd7ffd7b10a9abee7be22903695d4,0.0010080645161290322
9c52caaa7b2710ca9de9cc912a1715be,0.0010080645161290322
9c020070acc2d18f38169f0a839f3add,0.0010080645161290322
0d30348b7321a3daf9a1ec22e144b823,0.0030241935483870967
de30bd6a833303fcf1e763d945c05c84,0.0020161290322580645
d44aa621468cca9dc51986d297fb0f56,0.0010080645161290322
e825ed53731f2181e637a6cb763c7a14,0.0020161290322580645
366bb8cb619cca15e7964e0ba542841f,0.0010080645161290322
565b53e0e6fbf92a880275ee2b752036,0.0010080645161290322
13dbcc6cc8a0208afe5f5d08c50ef55d,0.0010080645161290322
b3440b0dbc5928931834c2a13f909450,0.0020161290322580645
c424701b74fc0b7463a1462bfaf148bd,0.0010080645161290322
a54942d73b5d227cdb51dc36a264c99e,0.007056451612903226
62ada1b9706d5e11072e7d78ecb0a4bb,0.0030241935483870967
c1bcdec868f4c0215298b587a8d74f8a,0.0020161290322580645
37b7c450061e0ea6a450146e6b3c569a,0.0010080645161290322
abce9bc4c15a54fb258adcba5b5a5a8a,0.0010080645161290322
b2aaeb4c0f6447362338b573175fe875,0.0010080645161290322
5270b02a3cacf2e3f6b9640fd1ee1cf3,0.0010080645161290322
16855633fe6129a5f5400ba7aef4bfda,0.0010080645161290322
27145eddf50d2367b8bf866be5ece707,0.0010080645161290322
e3f53547fb0024b842fe673a9dcead15,0.0010080645161290322
4174ae1d3cefe29bf975cd5554ba1ce1,0.005040322580645161
d0309ad131312d425619892c703b13ad,0.0030241935483870967
b6e5e908e458630f1a09a34c51e15986,0.0020161290322580645
23f9483ab286a395e9c207ad5a0beb74,0.0010080645161290322
83504d634f28876e0b890f8a3c40044c,0.0010080645161290322
bf06e2ef92dd03af4bfdf840a10142ec,0.010080645161290322
5f3a9e656326a6e21032420d9b73b7b0,0.0010080645161290322
e78a16972ab7187c0d088aebaf82f7d2,0.014112903225806451
5067a8f13b1e686865858255678e06cc,0.004032258064516129
ffd574e0901b7150f439f9c2d19e48e4,0.004032258064516129
f4d237a2733ff753fe96e5b7c052de7d,0.0020161290322580645
736c7b35982c19faa739491179d08654,0.0010080645161290322
06060f9deae8d06aae0396dcdbc33ad6,0.008064516129032258
acbf2eacb36192e415806902ce56ed5d,0.0030241935483870967
9d49a7ed5c6562a5d0b1bd4e77145c22,0.0030241935483870967
8631f980bb96e897f70610a4c5780c46,0.0010080645161290322
dff65f1bae88efb9237eea24808ab7c1,0.0010080645161290322
7d55fc3f48aa0a2187e89a2ea8eab0d4,0.0010080645161290322
0a2968483dec2a0cf2ac1c83866d3701,0.0010080645161290322
f31b22c908b9017a4f89c4dcf9d10e9d,0.0030241935483870967
96c891431d8722f1b2a302006bfb0fdb,0.0020161290322580645
7243b7b4d6e57a1f2e80dfe75ca40a06,0.0020161290322580645
b97b989dd86b71ee63dd7546d31c6ddc,0.0010080645161290322
c3eded2a8e10557c2f497f16f1a7de22,0.0020161290322580645
6c187c7c3b1aa1a12b145e8ecd624731,0.0010080645161290322
4e4b3e44661efc885d58ef63491c8702,0.0030241935483870967
be80d53cddb8df4bf59816f91a5c2395,0.0030241935483870967
4d0f7823f681d956c1d8cbf981254306,0.0010080645161290322
068ca5e3b409d3056b8622896990a654,0.004032258064516129
82a967a366ef61581eb55e3ec5199caa,0.0010080645161290322
928c5fd567edefe92774372cecd578a5,0.0010080645161290322
b9d135fd0b93ee371f0c345642b7b1c9,0.0010080645161290322
a55e1da0d4b83096a51a05c57722543a,0.0010080645161290322
acb136dc518cfd37c5fc2770767c57d2,0.0010080645161290322
183b4f897083ff98ae8df70f6dbc8fb4,0.0030241935483870967
7ca0276bc283cbc179e095ba604e8922,0.0020161290322580645
3c2ee6451e7ad9945f27a45dc2522a73,0.007056451612903226
bae5bbb6aaa37ec0ad615047e5f28d5a,0.0010080645161290322
22d366ffe12f678e4c7a13d6614a8555,0.0010080645161290322
c2d9a3028347f67d89572e9566656b4c,0.0010080645161290322
3f11b17e818762b143bce7525c5174e7,0.0010080645161290322
3996fdc07a002f768922b79975cae51c,0.0010080645161290322
32d42eced0b9a77a99ca77342ea5e84f,0.0010080645161290322
9cd1a0c39e22eea68c17e8dc485176d1,0.0020161290322580645
bc975c8b15311bb0941d8b66d0b8f1e7,0.0010080645161290322
c6c10e641c4d2379548028289c4d02b7,0.0010080645161290322
ee156c3f628a2a3afc0652a3281e179c,0.0010080645161290322
a8d6765469a938f1816e00f85953a19b,0.0020161290322580645
4978a7927b6d0fb6c9f675a206895813,0.0010080645161290322
b04b3e238f9fe4235038bb9960c04528,0.0020161290322580645
250c72bb6411feb065aeb676759a069d,0.006048387096774193
3f76c487adecfaa33759701669ff9ace,0.0010080645161290322
26a90bef1d78b6bf4a3e3ffda803ec18,0.0010080645161290322
cdda0e278ae1b001e97908b7f38fa568,0.0010080645161290322
2a842dfd66265187c18ba44908411d40,0.0010080645161290322
971431b820b00c421ee83c9619484250,0.0010080645161290322
733eb78741ce2f6f59df48e4037bce77,0.0010080645161290322
bf4ff2c08aed23d0f4436bb62598123a,0.0010080645161290322
e3964a084a155aef1a51892e3bbfaa66,0.005040322580645161
6c70d7a5d4139a240c700f64bec6d6c7,0.0010080645161290322
af7955ec9d0e57044e97a0b6adc42946,0.006048387096774193
76b027cfb105681883b893f34a9866da,0.0010080645161290322
73c0c5e126c09efb1a316a38497a823a,0.0020161290322580645
c1a115e53aa430071495aae721cdfe70,0.0010080645161290322
36e95305b20f53a764d1802f0e926bb5,0.0010080645161290322
187575de3f6702de40ab22b227bd81b9,0.0010080645161290322
bd0d05b9419c9809a4b8e9c0293d27d5,0.0010080645161290322
978041d51f4b08faec0483ef79cd4b48,0.0010080645161290322
87a600c80ba977b6a2ccd762081537a2,0.0020161290322580645
cbfaf15cb084558aae3c3c6b5b417e0c,0.0010080645161290322
abf4d9651b4bbc7edcf350f6d3962638,0.005040322580645161
8424ca0f9cf318e1f15820cf08ec481a,0.0010080645161290322
bf34f91db5d2f97ed33710c46a91ab62,0.0010080645161290322
d7c269eb69f319eb4c1f8e91547a4742,0.0010080645161290322
4e14443f84096a16e944f5059211029a,0.0010080645161290322
8c8f711da81f8884fad68e17c614d9e8,0.0010080645161290322
d35309cc4d31ff61104d7d9091e37efa,0.004032258064516129
da93edeacc756e4a55355da8e544290a,0.0030241935483870967
b9b0c4f479f89da23c38c3969cb8f5a4,0.0010080645161290322
2c6197c10453f0301777d922545bd1b0,0.0010080645161290322
6f4d99983fbb765802d982e217e703d8,0.0010080645161290322
663e50f2f53428d287f85421720a4a57,0.0010080645161290322
29c9e48827492abe00f4f47357c96f4e,0.0020161290322580645
5d20f93c621d95608e5b8473d56d5b52,0.0020161290322580645
0ca6b23715c4fe5a3de607d83d1093b5,0.0010080645161290322
ad1aa1ebd466fdd75974f51677dfd796,0.0010080645161290322
2eabbdd14a93c72fca4529fdc37c4487,0.0020161290322580645
9128dcf6c5d3e94600a2d146f5d866db,0.0010080645161290322
f95daccc7c507e37800de5207028b992,0.007056451612903226
1ab073b6a0db7d416ccbfd75a18c4323,0.004032258064516129
69e410de19827cef3e31163304525eca,0.0010080645161290322
c80de4186a54aef39fc5f655ec350bba,0.0020161290322580645
15535fedf49a777611f7a91b685e5363,0.0010080645161290322
b854c456c2aee9d3f0f8733eebf4939a,0.0030241935483870967
e0258e02acb47044281dab53722f3783,0.0010080645161290322
8ff07f4337de9e5af2293329d2e1cfe8,0.0010080645161290322
5b7f46bc2a1b8d0a64f482aad605d2ef,0.0010080645161290322
b381f6129073e29326f339c26877c920,0.005040322580645161
cbe0d39fbb47cda941a2fcfc2ac5f658,0.0020161290322580645
5717b98f3d828d51972f79f2513a3f9d,0.0010080645161290322
08f1e2338929fd795eb31798d926ec75,0.0010080645161290322
8065d23031a39eabd597f7d67a545873,0.006048387096774193
25163fa3267352744a1e27503fb6c3a4,0.0030241935483870967
63e6df8df3daa7167d714677a3d40e91,0.0010080645161290322
8c108477027d2f64ba5aeba6dbc73f51,0.004032258064516129
632fd97ad21c87fdd9abb6cacaefa9f2,0.0010080645161290322
f0bc64071bf02b01252674c87fcb70a0,0.004032258064516129
a125a0b7b5f205c3c2c3c5697e59ced6,0.0020161290322580645
d4993a3bd17bbbb6e4a5c15b15f2708a,0.0030241935483870967
cfb4b6041436853ee3efa0d77e16fe47,0.0010080645161290322
5eda579ca31aa61f0a951825944829d5,0.0030241935483870967
6b6af46f2e632ebf3f01a0fe993dd648,0.0010080645161290322
a1c2ed9f8e821a8c7d4590bf38806909,0.0010080645161290322
8b710540e477cfc6e826a5586bddd13c,0.0020161290322580645
5ea73f367a7ab840ccff667704f88656,0.0010080645161290322
6b6f53d9061046da14fbf4378893e0b6,0.0010080645161290322
fbcb9287e96c6fdfe6e99e5ec746d6de,0.004032258064516129
38811e4ebb601fc7a75414314f70df46,0.0010080645161290322
c60ee275a7f83c39f17337b14ed71bae,0.0010080645161290322
873f7a1e68367f33edcfe9973e8c6314,0.0010080645161290322
d32b4b85f78eb17fdd909e32e688622a,0.006048387096774193
4e303d950abae174d58e2b4a2ece4407,0.0030241935483870967
b9d7da8fc2c73b980a9459ffd60bb055,0.0010080645161290322
1a1b4ebd1f4e03c5cffc75dbfbff33c7,0.0030241935483870967
13052f87456194683973925ae16a51b6,0.0020161290322580645
c78b3268eded0d5cb57b376d7e019942,0.0010080645161290322
2184e773f4aa890baafaf3674e4012a5,0.0010080645161290322
20e6927b3c697d8e565d388a1247e585,0.0010080645161290322
0a50e638fa4410b2903a70c0440f4cf9,0.0010080645161290322
bacf43434a140ed468d0dd9a29af9c95,0.0010080645161290322
6d281bdd0f72f4407e7c5db7b3287adc,0.0010080645161290322
6b0ec6d0a5cb573e7e2609ee15213f0f,0.008064516129032258
d38bac33aa0adc172d0718c6df8c7367,0.0010080645161290322
645c8134c6649928e797c697e8f21032,0.0020161290322580645
3b28090468a9b659ec9c12198239815b,0.0010080645161290322
62545ee47cce262f6e04bb1407d30e20,0.0010080645161290322
5cdceea8f9f92e9ef00e1e199be37b48,0.0020161290322580645
cb2f2b8f23e2436f98b826c4bde2b8ab,0.0010080645161290322
60a67d328efc454ec2fc9b5a4246e714,0.0020161290322580645
d0bb9305ad6dc4b1e9a9f7711f4a76c0,0.0010080645161290322
04cfc69555fa0b3d863403b3827ca91d,0.004032258064516129
dc1318dbd9d287e17ebc27703a07839d,0.0030241935483870967
802c9bcdeeda81bd21ebc2fc03b792ea,0.005040322580645161
90036f88255b6b53de74635a5f1f9c6a,0.004032258064516129
ceefb8fade04925c7bbfad924171a220,0.01310483870967742
b7b0092b7aa6947c19588c8ed47626d5,0.0010080645161290322
d6a184a00594afd7c92b3f5ffbd8308e,0.0010080645161290322
6fb5bbae3bdf362dfae3fc7d39d032bc,0.0010080645161290322
f0c61a689eb93b026847f31235150b95,0.0010080645161290322
0266857880ee5e71ce8a0ac79bcc2946,0.0030241935483870967
bab61fea92c1fa0f67fae6625503f08b,0.0010080645161290322
1e78c67f3d3ab12448577d4859d4cc70,0.0010080645161290322
4b3d13f13816302b793e354e30610a6c,0.006048387096774193
9aebe523b7b356f02d7a49ccbbf41f39,0.0010080645161290322
721987e015cfbc18567ff561967e53f8,0.0010080645161290322
bd82f23c57a4847d77d65445c30e6c00,0.0020161290322580645
b29deb0964b5328b6206ea33b9035302,0.0010080645161290322
479433fcc74de48a300282a7c62786b4,0.0010080645161290322
779f0741ef5ac4fa1008a233c121c44d,0.0010080645161290322
922157915ad03140b56fd8acb5dea7c6,0.0010080645161290322
5576a78e617a1bec800cc35e1fa1c3e4,0.0030241935483870967
119da0897fbfb3f5721a782f1eea6d1f,0.0010080645161290322
973bad6d427661f391f3c55b338bec22,0.0030241935483870967
7bb0cb0c871aa459538e0f96d70d8de7,0.0030241935483870967
b20baef85b59530ac350e8701a7561ca,0.004032258064516129
394002ca22807877d036824537aa2f9c,0.0010080645161290322
f4e54888a16b88af52afdc572a6e7421,0.0020161290322580645
bbad15effcd91cb7a3edbb4a4d22b11a,0.0020161290322580645
ebb0a1a7320a206fe84330abc8fa96c0,0.0010080645161290322
da9f2a6b0b22610d47d090497ee2ccba,0.0010080645161290322
dff2f7aabb0775d38a7a510b1ec991c9,0.0010080645161290322
e63ed361e502d9be08f942aea04ce85b,0.0020161290322580645
f72304ccc8dcef6f3d38f36f48e1b392,0.0010080645161290322
8370ed6fe6c710bd5e64d90e380d1873,0.0020161290322580645
4170b5bbc5bddc63c2e15378576ae20b,0.0020161290322580645
192549fb89bc0238376771b7e3ca403a,0.0010080645161290322
d2589a845c837dbf413021f74e82ce0f,0.005040322580645161
bdec6479d688f81291abe90db9fdea10,0.0030241935483870967
996e5aef241643bddb0071027b22fb8c,0.0010080645161290322
22d798de6143b4c03108cba41473c1ca,0.005040322580645161
0fc934e96ae0823871b99c08dbf8439d,0.0010080645161290322
20e9bb85d2e3fd059e8b31016c8bf7bc,0.0030241935483870967
b6ca56a3627c258d0841a77b6ed542ef,0.004032258064516129
97665fdf89d6e947580d52443438084d,0.0020161290322580645
e08eb3aed89dbb3c2a2706e7429e331d,0.0030241935483870967
aeb180d47fad137ce7644c008f11dd01,0.0010080645161290322
0c3f6c7dee125f3ac5c18972e89dfd76,0.0010080645161290322
9a24fb84a8ee5f3c4ea711e9dcc4b01b,0.0020161290322580645
54d199173fd4ae9f0b58b5109ab07ff2,0.0010080645161290322
92f51814ec79fc2099fef1b9bfba771f,0.0030241935483870967
7210f48a92def824d173060ed7768970,0.0010080645161290322
f547ef647bab280b578ad6191cb971c4,0.0010080645161290322
feffea47daf1c2c83d161559dceb268a,0.0020161290322580645
1e5332bdfe4c2b6605f310b1365320dc,0.0020161290322580645
062765c2c058aba3e7b5f1fee1e92165,0.0030241935483870967
481c92743e5c8c3603069732b1563e7e,0.0020161290322580645
c19dfd61910d00a03d82f9658f8bc47e,0.0030241935483870967
28cc61d22f5b637180aff9054c23bc06,0.0010080645161290322
7a0e9acdff78587a39988a9f5d6f8de4,0.004032258064516129
ddae7b118f14f147ace2691b18a50fe9,0.0010080645161290322
58464ec27209abed9698e88ab974e84f,0.0030241935483870967
64d0a182b41ddc2ed31ebfc1dd2dab3b,0.011088709677419355
70055e9b6d28ca89e25b75ec981d5ac8,0.0020161290322580645
e2ac9f73521adb07ab6a082454b5bfe9,0.0030241935483870967
0de45a12f0907f4be65125ccefccda20,0.0010080645161290322
033cd471dccfb88a8541c96f272f0af4,0.0030241935483870967
fd6de60dfbbfe10a961a13eb85dd447f,0.0010080645161290322
cceb21819b328ad472f3e5fa20b3cbd9,0.0020161290322580645
02f152bb5fc65dabfd1de6a0f253a382,0.0010080645161290322
3f05da4c13593c33f4dff8d442f5a887,0.0010080645161290322
864bc14fb45943da1edef36e3c90b34b,0.0010080645161290322
9131e982902cb4c0003eef5839b2f055,0.0030241935483870967
c179ebfbb0c92f62e8a00c9e48654ee8,0.0010080645161290322
8f70b132a8a1d1bb2962fb308b55cbd2,0.0020161290322580645
3bd7d9ee9e6d15da69e521932b676c78,0.0010080645161290322
a1c55759801fd14aa99281f3fcbf62f7,0.0020161290322580645
26f31990311ea3bd210309f884d4085b,0.0010080645161290322
de89b11a65f45a0f6644c1a2df8e22b9,0.0010080645161290322
1a857a175b609d1f4d924e8e83e9728c,0.0020161290322580645
2c99c5b6fe0c094a47e6483b5326e54c,0.0020161290322580645
e7e626dfdca8852753df88c473fb22a7,0.0020161290322580645
e5aee454b877ac654b1e3f3729121185,0.0020161290322580645
9bc67b311a3ec5efd120a8b215417c95,0.0020161290322580645
ff4f0b37086f8aae5a0a59c591c21547,0.0030241935483870967
aa77bd1a38df9387fc99878830691648,0.0030241935483870967
6b8654445afb70fc892f6b13664c0224,0.0020161290322580645
6d5b440ca2384c4df9b80fcee91adb58,0.0010080645161290322
7236beef2afd3daa8faca0b3865918a7,0.007056451612903226
320f2fd39aa5113cfbacf200cc9243c9,0.006048387096774193
e0c4780aaa580483d57464cb3216ccbc,0.0010080645161290322
846b433f433cbb20d6208bd54067f911,0.01310483870967742
3da8e01dfe9df93588095688297a04d2,0.0010080645161290322
469db4bc99e197abe797a96c1c70acfe,0.0010080645161290322
98f470e09a6f6cd0305e4a1fc62f14ad,0.0010080645161290322
3d3f8e98bbdb874800ccf6f77061db7c,0.007056451612903226
1df9f8146cdae686d2f9a8c99973239d,0.0020161290322580645
e0a7039a0814ac8cefbebea663597e74,0.0010080645161290322
3c743be0fdb1d4f4c733e8726631e6a7,0.005040322580645161
1aeacea6424887833fe74a97161eca88,0.0010080645161290322
6895d9ca330693f16d849e5f4ee0b05b,0.0010080645161290322
1ae0f4f9313b7a3f0a8104b841dee218,0.0010080645161290322
1fdae6a3c528feb78715ebfe586846fc,0.0010080645161290322
55fdfd6ff0ae4bfe6a05b3ae5bcb5a30,0.0020161290322580645
f38323528f797a1b714ee874b6772609,0.0020161290322580645
1661c49d1dc41645c0bf242b2064f1f3,0.007056451612903226
c078b8117329c98917db0e8648d0af49,0.012096774193548387
032ac511cf55da8f8f5a4b30ff6ce487,0.0020161290322580645
8f9e7d452ea18528bb593d0c4dd377c1,0.0030241935483870967
ed243848bbe93673c1f4ea2a1709b72e,0.005040322580645161
a1222c392ee145e3c3fa9f9ea863b19c,0.0030241935483870967
14e7c259d28cda6e8a0a4481863661b3,0.0020161290322580645
cbd64fe0bbe8415494e529c0fbc98b5a,0.0020161290322580645
609107a7f4951a9fe2bee313c6052e11,0.0020161290322580645
a9b10aa6181447394e2e92f3091867ae,0.0010080645161290322
be376f8652b44617397bebd6ab7075cc,0.0020161290322580645
c92ddbca2303878441c68f8d19099c79,0.0030241935483870967
583b0be69b4e4e94e125c5fa5ee41fa4,0.0030241935483870967
a1c01b4aff27e767f6879e0ec20c9a7f,0.0010080645161290322
c9c1911e10ee439cb3df4d4b603b41bd,0.0010080645161290322
2995a3fe0b7a78cf181b5395ea45a066,0.0010080645161290322
bf16f5a76ed4ac116fd7e107078ba36b,0.0010080645161290322
6c3a0e68ac838e100c2578ed813ea967,0.0020161290322580645
fd0dd768b5f30ac8b9f0e63492ca142c,0.004032258064516129
a438c63a5ae07fa32c4c4a9c2056f1bc,0.0010080645161290322
ead88059c54dc8477a63895731be166b,0.0010080645161290322
140f077e54f1f69d7898ec4967f2387d,0.0010080645161290322
f44b364a20ca5ebe5b66166d8bb6b0d2,0.0010080645161290322
cadcbfb5baf13def4bc732406c5e45b2,0.006048387096774193
80a7b87ec47f98eff946057f7603b49f,0.0010080645161290322
4a2cf4d8161e69702fe32ccaa53f5dbf,0.0020161290322580645
4db7a5bdf9ecd06f48c37d5bb14d4dcd,0.0020161290322580645
f3e29a8a9d9029021b2cae09b919363e,0.004032258064516129
fcf52a37ed440280ed20c09d2f4414c6,0.0010080645161290322
45e655b6b11c9d8697516d5d2eb9aa8d,0.0020161290322580645
d25a3e63068c838e16ee18583ed98968,0.0010080645161290322
a64cf27ad20181964900d2db35f003b5,0.0010080645161290322
d69a1f698fada5e0308a8e9246ca69bd,0.0020161290322580645
294f2dab5cb1ab27eceac20883b36b9e,0.0010080645161290322
54a0ac439392b5e625b5e2b56a734c33,0.0020161290322580645
403d577351d92108286740bd5021e4a9,0.0020161290322580645
0cd9d994399089cf4a000a3eb8f22638,0.0020161290322580645
9afa1e93fc658367cfe44eda3a894e94,0.005040322580645161
50b890298f79c05de9d94fd9bcbeffca,0.0010080645161290322
d93b0d4f9aa48a2babb195fb7ea8cdf9,0.0030241935483870967
562e48d88a232c3f467f68be4afa60e7,0.0010080645161290322
5ea9d886882470e638166a94d80220ef,0.0030241935483870967
a26908016377674d36fe940ae04409de,0.0010080645161290322
582d5fbac254dec084163d7a9086a609,0.0030241935483870967
87a767a49c4395991095bbb10d2b2afd,0.0020161290322580645
dd5daaa46e4b512e48ff5051007ad894,0.0010080645161290322
c6e3284c938a9042d013851150c66d4c,0.004032258064516129
f3bf2960364abb85b0294298ec0dd5dd,0.0010080645161290322
97431c1010e2884e91e496fa169c9da4,0.0030241935483870967
fcc46e7671d400cf80f7f4928e0989ec,0.008064516129032258
0e493f86e65b8f8fb69da57a3b334617,0.0030241935483870967
dcbb16e4b750707cc310c4c3bb4520bc,0.0010080645161290322
35d3e33ab5c6a81ce4a28851c3693954,0.0020161290322580645
7a450ef1545548f5fab95aaf97a14c06,0.0030241935483870967
d30661f41ff3d0e35c7f8d895a687845,0.0020161290322580645
de4ab2444eb4b6b582c13125e0ab1448,0.0010080645161290322
aee0d6f2626271eacf89d2e803440657,0.0010080645161290322
6e6eb2f4b8240a13fae84b90546d6b47,0.0010080645161290322
20dbcb05b03debf5a30b292957c18d94,0.0010080645161290322
bd3b6f5e6dc083bbdef8fd10f4703ccf,0.0010080645161290322
6f690fffe4f5018b05f54462f1c798bd,0.0030241935483870967
0f3e68a92e64eb84ad26f16c047cc275,0.0010080645161290322
77accb524fccccc5b9d1f4e058f30722,0.0020161290322580645
25f9108151677e3ca5099f82f83d1672,0.0010080645161290322
aa727b222f3530fc6b54e76d6f98446c,0.0020161290322580645
9f0f684354e19a4105f4a384cfeee335,0.0010080645161290322
55bfa1fdb5a7fb4f9f38e6085be0105f,0.0010080645161290322
4f499e330d0baa6e4304dcdfcc5e5f88,0.0010080645161290322
0c4204a0e15fccc22a7456685898cd5c,0.004032258064516129
7dd95d8c63a21086d9ac6c0d9477cc8d,0.006048387096774193
6f99cd113f5a76cd039635db2c639e2e,0.0020161290322580645
8b4b32a9b6fc011237a28daf9bcc9ba8,0.0020161290322580645
15772d5af78e266876ba0f4f5908e2f2,0.0030241935483870967
707b88a3b727eff2928b62da813136b9,0.0020161290322580645
68520133351764c1b7390ff1bbae5da3,0.005040322580645161
8b6408a271af28ab0a72171321379a30,0.0010080645161290322
8746003444d8fbe21fa5a975460daf84,0.0020161290322580645
8e05d9ecd92e54d26a7fa36b05784d4e,0.0030241935483870967
3729e4afee11998dd0484a4bf8952d80,0.0010080645161290322
2328505c9b561989ef5335283e8ded45,0.0010080645161290322
99c84cb87b1e6c6d87c37e5adcc6c54f,0.0010080645161290322
b65bea94078e614410558ae53a0a7b0e,0.0010080645161290322
d1dedc6a61ecc2d25262ea578d6db7af,0.0010080645161290322
2372425168349318a4d10fbfaa4c5093,0.004032258064516129
6ce138660ee94b52108bc8d6f402e344,0.0030241935483870967
dea51b6d6c9568dfe6d476c16f20debc,0.0030241935483870967
8ea8beb04c900edaf5494efa09d78a42,0.0010080645161290322
1834b7900e37c33c1cbd7f331203fc2b,0.0010080645161290322
3a6464a3c79800b648734ab777730405,0.0010080645161290322
b17b5c179b19eabd0578d92f27c6d907,0.005040322580645161
821bfd659d102389e13552c64807751e,0.0010080645161290322
9fc430d7ebd6cf94587df16069f463ed,0.0010080645161290322
b34d62774ac1843c379f55055a99d1cb,0.004032258064516129
f4593df50d47835691b8c6e8511a5349,0.0030241935483870967
d65792841ae7a4816304887b21597090,0.0030241935483870967
94a6631dcca861ec9eb97fb5be17a3d1,0.004032258064516129
015ac2b6c5cbf969a14e39a9ca9b8fab,0.004032258064516129
11c209da8011b1c43405c7b9decfd31b,0.0020161290322580645
bb38c864eed2e32ca144f063ee736eb7,0.0010080645161290322
db90b739b55d40f079f98358a8bbf46e,0.0010080645161290322
df3a792688c7f60c4dd84aaae3c7bc7a,0.0010080645161290322
962864dac06e122ff60542a2ec6a2b6d,0.0010080645161290322
4aea10ff23f0dfbd0d752863d7cc9f4f,0.0030241935483870967
fe8b3ca27d4577b691902569e54429b1,0.0030241935483870967
e857dec2d94e637e33e3df7435aaf6f8,0.0010080645161290322
25e228b22da05b954dacda14bd15f973,0.005040322580645161
215c3eaf5d64d2c7cad0a8d121db1cb5,0.0020161290322580645
9f4334509ea6cca32eaf82f46a918bf0,0.0010080645161290322
dd73f58cc667204c095bc3ffd52e4ffa,0.0020161290322580645
4033bf845a22c4cfbcfe94d97113be7a,0.0020161290322580645
aaf5fbe6a58093d03b4eb390ba6142e4,0.0010080645161290322
39d492e5d3b98710270aeabea3fb9ee7,0.0010080645161290322
bdbf897fa3d4b9ad5d288ac4b1b0cd43,0.0010080645161290322
0138c87dff5d0f0e73e706a2ad956a84,0.0010080645161290322
45b0f0e0d69f9a36e4aa08b4bebfb5c9,0.0010080645161290322
65e0a45aef378afb436009c883752c4b,0.0010080645161290322
463c85a80e84749dfd4965988ad8f4b2,0.0010080645161290322
00e9294f1dd84129b03708741df55cb0,0.0020161290322580645
73dee0470447ddf1e10735cb31fb7c76,0.0010080645161290322
a220f4abb5c9597dafac50bae736edaa,0.0020161290322580645
24234317a2d0d6387023e12c744ba325,0.0010080645161290322
3316a1720ddcb640b7d4712df4bc5758,0.0010080645161290322
b5f464512281322518b5f6ff1fbfbfdc,0.0030241935483870967
6b8f7f3d2b2f6e8d2522d920adff5e8e,0.0010080645161290322
85877d33d9f161bdac4b83686d51cb22,0.0030241935483870967
cc79dbfc8549e4370f3811242e6b66cb,0.007056451612903226
c85a0d32f54646d8b276ca542211118e,0.0020161290322580645
91d77ca7384ba7611f1a3333683896ba,0.0010080645161290322
3f5d0271ab77427c6d6334e14f63b233,0.0010080645161290322
35071620bca53748b776aff058c2f20c,0.0010080645161290322
f64753ee30b6e83c7a426c21d89c3288,0.0010080645161290322
0f4ed1516afdf5b7d0cb1708cd3971de,0.0010080645161290322
235fcf9af335bbf510ddfad5dbe16038,0.0010080645161290322
a73dd5f04ac91e39c5ff98a2d241e523,0.0010080645161290322
fc60fae05a3e09f3effdb70bf677c39a,0.0010080645161290322
060157d38bf5b95a1237bf72a6de19c3,0.0030241935483870967
2df2c0c6710062cb2fb7cd5004ed666b,0.0020161290322580645
2f98efd20a0aa6d426eb48a17a053972,0.0030241935483870967
e7ed2bcbd530375f1e132ee67e32d57b,0.0010080645161290322
b14b6de8afc7d42c58c881ad51c926c6,0.0020161290322580645
29e7c6ed78f2a2def2fad37184f1257e,0.0010080645161290322
ec5cfdeb990032fa7381c805fd0ea4de,0.0010080645161290322
17bd162e304ef936600c4b285c1e3ce4,0.0020161290322580645
8e542285f74117a2921d08a811ab285c,0.0010080645161290322
5ec4ed392e3003255a5f5e2a42f1e6ea,0.005040322580645161
49a76bc9aa93244b003ebde1f56e6bbc,0.0020161290322580645
35f8bcbd328446a6550f576855883e7d,0.0010080645161290322
2819889374b19f7eb08890f52077d5ad,0.004032258064516129
65d1a6f705b3b48ad100a71e7a1a1692,0.0010080645161290322
9cea33ab7e93d9eb2c300bdf1baadc22,0.0010080645161290322
f33ee406ba89ab89b0359f13fd785011,0.0020161290322580645
1cd91659d1c6cdde51376273ae8c8f05,0.005040322580645161
f9532cfb1625e8fc089499b88644c7ce,0.0010080645161290322
14bad54f801cedcf25809d9f58e0d8fd,0.0010080645161290322
fd19e95fc3f42491006d8ad39406ccd9,0.0020161290322580645
84b14fd55acb1ed245d0b549463ae8ae,0.0020161290322580645
5b18f955910e439c0d18d3071ca685c9,0.0010080645161290322
b7628496f4b128634ea40a42a59055b8,0.0010080645161290322
3d958429655e9cbf6b8f88c7c717a723,0.0010080645161290322
d12dffd2a5a98bc176e4284dccd26dec,0.004032258064516129
717a79877f7b63d86ac9fe060a9a24e0,0.004032258064516129
0f9a10003c6b579a1ac92049f3153548,0.0010080645161290322
c2c764af42ca9e7e2dae27f1d314ae68,0.0020161290322580645
dc48656d4d357735758bff9ee974ebf7,0.0010080645161290322
e820d3b5510c0690ef2067abffdf30e6,0.0010080645161290322
57b028350dfbb7549156029a2447a1da,0.0010080645161290322
d6231b55d0bcaf5908c1f6936fd2d20c,0.0030241935483870967
8c11d113bdb86747c883d0aa23290eb1,0.004032258064516129
051a156f051f73b2ee960d3173c42cec,0.007056451612903226
60c6c37c82dc73f97bb5d45806ac0294,0.0030241935483870967
7c7f27764ed4974a85452a3873e99f0e,0.0010080645161290322
9c0f10e743cdcfb6b4f6c4bb9792ad0a,0.0010080645161290322
d6f4ff9b24b33713f4b89533efc78fda,0.0010080645161290322
98f0d15073b44ea838ee3c10be93e590,0.0010080645161290322
18cf1328709fbe33a6ddb23c419759ef,0.0020161290322580645
395484a298afec3a12f41dd1210a6f32,0.0010080645161290322
29947cf8877ad22b7004848ab4742495,0.0030241935483870967
b141a18e34b44bd2f9df4efcb8620ace,0.0010080645161290322
5da0fb426b1952c02badd3858ec2f7f5,0.0010080645161290322
1534aec09096be7c27f29a1ae0c67076,0.0010080645161290322
8a61beef46eb2e00863809a66741c46a,0.0020161290322580645
1eeaf201f06475f241cbc7c9f01803e0,0.0010080645161290322
4c39d85b746b4a21c3eb2d5cb1511eb4,0.0020161290322580645
cac6fd8c690274863780398b6260a51a,0.005040322580645161
34455584e2c89fa3cd01bf3d3d90dde7,0.005040322580645161
93a1f6e509057daf65fb8e11290804ce,0.0010080645161290322
659f7c7c7b5a6326bf4cbb893384b43e,0.0010080645161290322
68f7da817830fd6f26a2f28d9fd0e83f,0.0020161290322580645
b53de4343f3fcf1e4e1ec9dc70f6546b,0.0010080645161290322
1998462537ccf32445569a7b6fd27686,0.0020161290322580645
f920d8f2039d1f63d1ad736c7cd3c66b,0.0020161290322580645
79a135e2eef28318caaa97695b7a016f,0.006048387096774193
4fc3d15011337e12553e56bdce0207cb,0.012096774193548387
99bffef002c1f4ab6d0061db831786c1,0.0020161290322580645
3f4430674a75b335f7384858dd67cac9,0.0010080645161290322
075279ac2393584e696de6c31de80e55,0.0010080645161290322
2f14b548c43d297fd2285e1f5f505f09,0.0010080645161290322
7fca7471c224627b3acd38d50d56f948,0.0030241935483870967
10ac26a2799915773bc8083dc8fbf7a5,0.0010080645161290322
748f8993d1250dec15ebee26ee1a9d82,0.006048387096774193
229d55f39e2da67d7944dc2799106963,0.0010080645161290322
453a8c21cfdd940131916e469b6db18e,0.0010080645161290322
7588387c5efd8fa4b4c39baa1c65fd19,0.0020161290322580645
1ff271ccfe681337f31c7de3fcac0c39,0.0010080645161290322
04aa46a9fdf54ed11c4f9afa6a8b4d5c,0.0010080645161290322
81900a99eef5829939a2716ed4b46e36,0.0010080645161290322
8591c730aa30b0e3c114707c28d01e44,0.0010080645161290322
e0ff3ca3494952807ac1169419efa5fb,0.0020161290322580645
20c8f776b238364390fcb803904cee36,0.0020161290322580645
80f084dce288a44a89a66b80a134d0f1,0.0010080645161290322
f57b6ae605c10875b19360f02902cf39,0.0020161290322580645
d681b57794fad21ac640be2a49b3e006,0.004032258064516129
e4779ba8dcb78273b8632aaf0ad5e661,0.0030241935483870967
8f19206cb5387d09543a92a9f6c29a08,0.0010080645161290322
de25f08f04a09b293d6d8993af51c163,0.0010080645161290322
4e00fcaec0ed7a1335bd5931c95bd795,0.0010080645161290322
7e1543b72d971eec5558190548317f29,0.006048387096774193
7bac61cbebb679e89a7b003145d7c1ce,0.0020161290322580645
2649a27729899a7c5262f7de71ceca02,0.0030241935483870967
8884585e8a32ee06d34cb2272fbde355,0.0030241935483870967
5f5eea68dc3d5c181a3e6ca72198f22d,0.0020161290322580645
94df0e66c27236154093f9d63c326491,0.0030241935483870967
f9b2377ef0c544b73bcaa3b929a39955,0.0010080645161290322
676e5e35f62c67096dd4afa1a955db80,0.005040322580645161
dc7a2fdb3a797b954d918ad50ba9fef9,0.0010080645161290322
5950ae5e5d8410c7c6b1074cf85bd031,0.0010080645161290322
a6f416dc3e47a884a2dacfabb00b5f79,0.0010080645161290322
73400a75f8660323fb8cdf220ce4dd6f,0.0010080645161290322
358350604f223a45c5392f09e9d22596,0.0010080645161290322
7e5242960bc7e51ffd87fa415e759e58,0.0010080645161290322
54e5c9daf522b18cfd1dd62d7e195887,0.014112903225806451
69b8aab927124d0ef0946c887d37cdd1,0.004032258064516129
d5f8bfc2f604e5d655561f2b61957011,0.007056451612903226
3310805e943b687ffc6bab4865181176,0.0010080645161290322
eaa194d7efb42e78d62bc0b7305f3d04,0.0010080645161290322
94036883f90873d79a4a7fbfe403ad2f,0.004032258064516129
1e50474aca5d05e3d9203e3bce9cf7fb,0.0020161290322580645
0784cd6dd65fb3fbfd2b4ba4310d429a,0.0010080645161290322
0f67c6396439c391e9988658fe966219,0.0010080645161290322
5ee046a02fbb830e7f62d119689ff84e,0.0010080645161290322
e8f1cbf0ff337679bd6043d896148d07,0.0030241935483870967
544ae7b2c6d1e031bf8c13ba74b39a84,0.0010080645161290322
4f983191da72784fca418a4c7568ee89,0.0010080645161290322
935c36ef4d588ac4549c163cb3760165,0.0020161290322580645
0b5fc407e2111394a103e5be1477583e,0.0010080645161290322
66e6c11035531ebc4d251aeb768a9385,0.0010080645161290322
6cc9655b1459dcced981590de5dd7d89,0.005040322580645161
00532fa15b26ca168e03dc596b10ec84,0.0030241935483870967
41e5bb9a1a15a5cc28c4b7dc2e19c195,0.0020161290322580645
2f4de3abdb1f57f974e166def52cdb1c,0.0010080645161290322
1d8066d755f8f452eb903f554838b1a6,0.0020161290322580645
3694ceec4c62ed26c821b50dd0dbbc6b,0.004032258064516129
67ca0910d563e30dad7b42e7246cfdfb,0.0020161290322580645
556cdd4377f5fe671256881c60dafddf,0.0010080645161290322
21d9c420fe8aa10a8ce38dc286d40cc3,0.0010080645161290322
af6f290c189ed1fd08329085140145bf,0.0010080645161290322
cc61c6cb382c3926cee123b4619e6e02,0.0010080645161290322
64544f532cfa843508beee2c0675e843,0.008064516129032258
0a3856cf4a9ad76f25603078e714b196,0.0010080645161290322
093cf1794e42ad6e5293a6da0efc36c5,0.0020161290322580645
aab57a466276ffe2ec87a9e96c62999b,0.0020161290322580645
f187cfc50c6bdc99197061ed6599aae2,0.0010080645161290322
79816c47f5c906f1933d017b0861ba44,0.0010080645161290322
8c8d78d5a9d358733d78f813cd77c5b9,0.0030241935483870967
88275a266c5499c807588ac30d1c4d49,0.0010080645161290322
6b76457c70aa5f10be871f763c181c07,0.0010080645161290322
05ea6dd95208f755b832cbe359516b5c,0.0010080645161290322
33650f50ddf75c1536b6021629b30b7d,0.0030241935483870967
f3b05bf1d90e07e34139a8774ca757c9,0.0010080645161290322
41fb63388c31970984eb2868611daca1,0.0010080645161290322
53706d4d61bdd1bc045e0e0280251eaf,0.005040322580645161
2ff8886b8250fb3f961c17eb13f35f62,0.0020161290322580645
3e7b4f7aa2aa67f0301690f13dd64077,0.0010080645161290322
74d17806b0ce10624686bf902cbadcaf,0.0030241935483870967
a0f2a3bd3a57861114ee9869162dac15,0.0030241935483870967
dc2711d9e62cc97216e48796c4533ac1,0.0020161290322580645
8988fd5d53f62be0e530d3c969bcc556,0.0010080645161290322
180f9347eb9451faae6b8a36236f7b1a,0.0020161290322580645
efb36441befd4dfb7debb037e03179b8,0.0010080645161290322
bbeadd997adbaef495bc95f451309e15,0.0010080645161290322
3148256a5069875a9f70c45a9f9bbea5,0.0020161290322580645
9c22a580d948bf43fbf9b0a8dc1f4773,0.0010080645161290322
307af738be99a192b64dcbf6b62acb06,0.005040322580645161
153d12e84d49e2e950dc02ff091a4bd6,0.0010080645161290322
53e2f88fb020a1078a5cdf6f8cb52d96,0.0020161290322580645
39fb83e8be1771eed2d831376ad5d5c7,0.0010080645161290322
7986fe3d2fb32ee22f025cbeca906765,0.0030241935483870967
2de4252c4eac3be7ba33c3c61921544c,0.0010080645161290322
02156662301627913676d98425fb16db,0.004032258064516129
3d8e6c0cf0d01ff3e35b40dd7c432c1c,0.0020161290322580645
88146e735a8c872878dcf0abbc625356,0.0010080645161290322
93823c95177b8a576e9ea8d0c17b831d,0.0010080645161290322
c8cd3cbf4d70edc5a3b6c835645a0c4d,0.0010080645161290322
d7130a2536c5b200a01662b82ff93d06,0.0030241935483870967
6041af77c2f7eeb6da555bf24ac7b50b,0.0020161290322580645
867ef55516e42915f9969f14b3640967,0.014112903225806451
b484d452c10aa5cbd4a701bfc797b370,0.0010080645161290322
9f4efce1a528448fd2a64f60c172c503,0.0010080645161290322
815bf60eed0298d7706a65f8ee9cdcfb,0.005040322580645161
d769b174dc79d32fad7ceadb8c6b2df0,0.007056451612903226
14934fc4d2fd2e1be10abd1e6444df3d,0.0010080645161290322
39198712cc9a98f3b505441f074c77a7,0.0010080645161290322
c1ef81eccdc9403b8f1adf41501b1860,0.0010080645161290322
6670020a36346d782ce565a2b20094bd,0.0010080645161290322
861dca8ca82a210771b26f00162f1e9b,0.0020161290322580645
1d0ff07e34de73fbbdd96097c589578c,0.0020161290322580645
87351ab140b3dd5335e5751a4fa9e3b2,0.0010080645161290322
45b0c6b916391c8f39e857a9eb12372f,0.0010080645161290322
f98c6db600bd22b62db8ebdc3dab3685,0.0030241935483870967
d57060e9c7224b7d622fbe5eb5bbd36b,0.004032258064516129
551c3f27fd248d045e09df8134e54219,0.0010080645161290322
bbd1269e18832e5a92898830cc7724bd,0.0010080645161290322
9dfda914c72e29b20d226a9db749001f,0.008064516129032258
9061e5a4fe9875d4d85b87870128b169,0.0020161290322580645
0e5391af7eff2bc8f2d269934251cd69,0.0020161290322580645
652906d5764a209696e99095ccfcf52c,0.008064516129032258
8a8054e0c166065adbc3f72d89205f49,0.0010080645161290322
ad01a1417ca1d8a5a7a768ea78e45673,0.007056451612903226
0a9774cbf5ec0189331224ab5f5fea87,0.0010080645161290322
c4cbe0d20bf567e0346d08d041a23804,0.0030241935483870967
67388371976c2bcaf86d88caa84cc4cd,0.0030241935483870967
07694d5f749677d717bdd386661e616b,0.004032258064516129
0181b8f6c12fb527c8169de56c22dbda,0.0020161290322580645
92e2ea277e88870303e210e3cc461651,0.0010080645161290322
cc1bc63927ba5ff5e1b2b641fce48e71,0.0010080645161290322
db6a89b018733a123c5006ad4f441a63,0.0010080645161290322
a2fda0ae57c777ba3527e4c066edcfd2,0.0010080645161290322
558106964c372c533e3d50b434812832,0.0010080645161290322
a53fd12a35854a3681a0454fa5d00f6d,0.0010080645161290322
18de38d5ae7be5fcc69cdb11be8255fc,0.0010080645161290322
053c4d5b8717b60387f777efae437b40,0.0020161290322580645
661afb61b6595bdaa8ab4d2b9ac24432,0.0030241935483870967
57120e0cdef520b82ca544781031ad33,0.0010080645161290322
4322dbc36fd81117af11fb1c910fd913,0.0010080645161290322
10f5911eccf3bda5a72ad4deb3d2771c,0.0010080645161290322
03b8390f818435f5154d0e2c0767a4cc,0.0020161290322580645
9224f2e37dde861c409acee7c141c56e,0.005040322580645161
75dfa567cd63742ca319f552d114e315,0.004032258064516129
df23c58df65e82671af58b7e9f4e6d35,0.0010080645161290322
7e4074687e9640a39333763c0ac4832f,0.005040322580645161
3d7f8bcea5f7d26382bd4181045d075f,0.0010080645161290322
4c6b08c8c23508cc7227227ec520ec8b,0.0010080645161290322
a4c1853c54e469690130866ae4cb1cec,0.0010080645161290322
2c95ceea3a965e8e76caa6788fa6c311,0.0010080645161290322
9b1b7638d9be091c63f1e700b0abd7da,0.0010080645161290322
a156017f925db8b6c28f04d5d341cfe5,0.0010080645161290322
62803710d47af14172b449551a73d30f,0.0010080645161290322
29c02495f16917cb2ee8316ab7d662c0,0.0010080645161290322
07aabc8c93b2035d81ea95a3055e31b3,0.0030241935483870967
bbc1c182c6e2efcf112d6e82da2d3280,0.0010080645161290322
64c4d756aac617c7b60c8092cb8e05c4,0.0010080645161290322
65551353840dee8709d9a9ba64ce31bc,0.0020161290322580645
2737d79dca85010f40091aeb9ca5edbc,0.0010080645161290322
7158c8fd1c663b44a0f7c85929317f99,0.004032258064516129
aa3123ce084320b240c248b01f8e7283,0.0010080645161290322
183260604674f852baf77282219ea612,0.0010080645161290322
9d35c8ee82987df8119f4973d540853e,0.0010080645161290322
b039cd610753cbb7a52f502f204c5d05,0.0020161290322580645
ebfacdb4611b8c7315929ebeddba3635,0.0010080645161290322
a929d30659494772c5305bae881777f6,0.0010080645161290322
269773eaaf72d9d0bdfe654526584036,0.0010080645161290322
479afaaf060f370c5d32940aa99852d8,0.0020161290322580645
397d7fa2c6327c07bf0321ce9c12d454,0.0010080645161290322
59dc2d6e82db5175bc48cbe402817a1b,0.005040322580645161
7a5fc5093df00c35b2230ec0097c83a7,0.0030241935483870967
b8032bc568fee2165167c7659f5eb92e,0.0030241935483870967
a33eed47d60c6c419c4a77df9c94449d,0.0010080645161290322
a6ac57ecde10d7536f9e5d2dd8b47c66,0.0020161290322580645
84b3bfb9b9d10a8a4d1a6f9102cf6a1c,0.0020161290322580645
f5a41c31d880a4735f7ce1ac0e0180ff,0.0010080645161290322
905eef729ccec195417103b3876bad9d,0.0010080645161290322
33dc920900d1eb4047fdda3a7e7c4f91,0.0010080645161290322
8fed69c9787d2f81f085928eb014ba32,0.0020161290322580645
69031fcce0e0844dbb530ba4105077e5,0.004032258064516129
7c91445375e5d4e0c30e4788b0873b16,0.0010080645161290322
c5d91e8283ca102032a0fbcc68e24157,0.0010080645161290322
0eaf18c5cd5f0636a58c8394b57f608c,0.0010080645161290322
495f71cf57099424407ebd9ad27059c0,0.0020161290322580645
3b97c55e5bbdc889655730c8d84325d5,0.0010080645161290322
357feef38ff683cb5f1c1cf0ec29d3d8,0.005040322580645161
e9ba208985ac85e6c6160a2e75577ed2,0.0010080645161290322
54511712faf20eac297786f51c7f6c60,0.0030241935483870967
df322887f891afa551d78a505773677c,0.0020161290322580645
e4305b41791d46a53b3bfd303bfd75bc,0.0020161290322580645
390b6dd6699cfd6f9e2a1668d28b6f4a,0.0010080645161290322
7b8ce7e3fd1e59b3a2b726b14ae0d0d3,0.0020161290322580645
acbf6c785d4bedc8badb2ac94e1ece94,0.0020161290322580645
24e9a725bf7dc468623aee9d7547fc25,0.0020161290322580645
1a0db6f41579b079d8aa59be6de537d0,0.010080645161290322
c30c2b5a0887eb782f0d2c77d57822f3,0.0010080645161290322
055f770e02fbcd5be1f0157f0aee0118,0.0030241935483870967
1ec2d0b4a8d88fa3638f5be74815e6ac,0.0010080645161290322
a6a8e2b6f84ceda902ec55189f0f9b44,0.0030241935483870967
2768d8226b154f7f1bbe40690c4cb1f2,0.004032258064516129
b19e8b50f56edd8ebd5c73e981dd4c0f,0.0010080645161290322
7f9d7d82c046c8c79e7c3c270090ed45,0.0020161290322580645
c965a2719393d95e7b3b8c89d9a5625f,0.0020161290322580645
ad618e0590a0d4f1a84e8812038b6a88,0.0030241935483870967
5acdede4116a46a337ccebf65cae6955,0.0010080645161290322
07df5a129e4545c02f8d39c43a4432ec,0.0010080645161290322
609eaeac4556a359233fa8fcf2540820,0.0020161290322580645
618c42630beff1fb05a48a1cb6c3218f,0.0030241935483870967
e175a6c3d528daef225e6d4591db07f9,0.008064516129032258
f96e38e2858867352fbe344b08c7eaa8,0.0010080645161290322
62acab3814ddda1f174dfb8b1562f213,0.0030241935483870967
7a7b6cb29d3e547111edc83f1d550b18,0.0010080645161290322
1a5c4ef63b6884559d918faf66faaaab,0.0020161290322580645
397321d64c75f4415c1941a4c7825f89,0.0010080645161290322
2c0fa4f09b72e538e3c6acead5b987cb,0.0010080645161290322
c53ab895d7feb115fca65add5fd403d9,0.0010080645161290322
68c25f4f3bfdcd5cbfda8f477a26390f,0.0020161290322580645
c4823534a40564a00d494de55f560095,0.0010080645161290322
2e42c8bf68eb448734c7ab279be4e28c,0.0010080645161290322
7ada7aae96a7eb2de1581158b561ee20,0.004032258064516129
5ddc37a3c95e7ba3d68a89730a8c08e6,0.0010080645161290322
92c19cf5bc8c6ad6820c60db99a2d63c,0.0030241935483870967
cd317f26b86e75d10fb67fa5bfb53a36,0.0010080645161290322
2450a319cc2abc7ca431884bf998486a,0.0010080645161290322
9914cc0f9890173321c671dc4a12d936,0.0030241935483870967
7dc6e9b72a60fd4b7d91ebf179bf0b36,0.0020161290322580645
60c64046e3851f0e6077d18dc5c47231,0.004032258064516129
d0bf5cbd013fc5ec21862bc295ab30b6,0.0010080645161290322
b8d8b972eb7edce9fc73964b14b0d5ad,0.0030241935483870967
2265e3b00c4508d7f2fdba330d18b17f,0.004032258064516129
6e0bdd4b64390c56cdd86e17e358bbb0,0.0020161290322580645
e19441f6ad064e2a38d09911267b786e,0.0010080645161290322
7fdfaa991ed86ba8e2625b9c4a1888a9,0.0010080645161290322
b8b0e4b979a70c9eb210193310b844bd,0.0010080645161290322
f39f1256bb4b6ebd513b5d63623a687f,0.0010080645161290322
0d71b3028f48af3330589b671c20b387,0.0020161290322580645
087ab3a6a72ddc9263c7c301d49a79cd,0.005040322580645161
56793c187ee12c4d4f6d1aa5d79295f9,0.0020161290322580645
8b4def4cca4ed329200eb6766a53ff44,0.0010080645161290322
f4e0ab61845c9445a7bf1eae34a96475,0.0010080645161290322
af25adac3aa4a6a6f6c97b23b7755273,0.005040322580645161
393ecce4373f840536ab5430c7ff8661,0.0010080645161290322
3889f548446e89f8eb5259f42fc14331,0.0010080645161290322
e0c91e797583b248bdef438cf771eed5,0.0020161290322580645
0b8352c37cef4cd521cacbea92afdc2a,0.004032258064516129
fdbd0640bbb5160cffb0e11c7bc44490,0.0010080645161290322
47e74fa360a941b91a12d2f275684bf0,0.0030241935483870967
fd8729785a49727295bb2d096a00c8e0,0.0010080645161290322
54760f0be8c3c1e51b5a622512158506,0.0010080645161290322
dc02ba2305755e9e5877d3d9219f66e6,0.0020161290322580645
de577237efbe846b1a8ad0b94b0af149,0.0010080645161290322
8ba8457c21c71806b07f36773c3e30e0,0.0010080645161290322
b2ef50c5a658e7f6fc3631de19a9d486,0.0020161290322580645
9e98cd6180912c05af503e399a0a445c,0.0010080645161290322
1cceb36e450664c641059812068ac127,0.0010080645161290322
14eeaed2d013704645b36ddf6a6ed801,0.0010080645161290322
0faa295f155f9acddef6b050ad717198,0.0010080645161290322
b0a49b7aea648e1231882d0cdf323c4a,0.0020161290322580645
1664048ad32984aa859c8e9414038fb3,0.0030241935483870967
5ff6216e1b30f1f720306746aed2c65e,0.0020161290322580645
dcfafe802a7f6152a464ea6a195385f0,0.0010080645161290322
6bb8c7234f91d025f05518ecc3ff6af9,0.0010080645161290322
9ff19990945fdfb4674c015fb5d22e39,0.0010080645161290322
31b22c603b24e5d85a5937165845508d,0.0010080645161290322
c01a6125c383e99008aa3a00e23edb01,0.0010080645161290322
84a85055d3db23a5e8b5ca8ae65aad68,0.0020161290322580645
5a5d72f59fe7a05e0fb2ee8cb0005d7a,0.0010080645161290322
7a809be8fb5795cc7ee5dc631a91ed66,0.0010080645161290322
4ed48570b6ee61c587b21f2bdd98f1bd,0.0020161290322580645
f18736f0b4328fc39411d2de5fc0ad8f,0.0030241935483870967
1b58465002960a219e88d01dddfecead,0.0020161290322580645
5fd52a0b9b22cf4a0ad56c3a1081c1d5,0.0030241935483870967
375c4368d62cba8637887fab2b43b728,0.008064516129032258
f3ef4693d60f3907576af9854b5c7f54,0.0010080645161290322
0c73e767fc946e72897c3637e07042ee,0.0030241935483870967
b9ddbaa69bda5e537a8cabe475c0934e,0.0010080645161290322
2b764671c281e648f24b53a63bb543c6,0.0020161290322580645
6dd116fb8f728893d1ddec21351c0f8c,0.0010080645161290322
6f3d07f48b678fd0dd8c314539a17dba,0.006048387096774193
62da59ea9c2969954ae9b0e84a1a3099,0.0010080645161290322
d3a6efac30aff6d0cf0e5b1a8ae35628,0.0010080645161290322
c69822a45516a24d40be45c955b16833,0.0010080645161290322
eb75144b5cd093dd3be1e730f814a420,0.008064516129032258
0a9c01051aed477261242e2d9900d413,0.0020161290322580645
b9ad6d6740d461efbb10c5851dd121c4,0.004032258064516129
2f928b7af8eed2bf33033fa03e0011f0,0.0010080645161290322
407c36153f8787a0b9d38c46fb50e79f,0.0010080645161290322
086d3f4f407e76e0bdd160fa3913e3c7,0.0010080645161290322
35f8c1cb17291ebd8af3b0f9705f9c73,0.0020161290322580645
eb6158ab1138da68cd8a53cf8f978950,0.0010080645161290322
92a1dcadadf8a2fbbf5dfd9c003a2675,0.0010080645161290322
25e7d0060327ee5d8c297e7e928e38a6,0.012096774193548387
e661f3a193d72480460d8e8212fb2a93,0.005040322580645161
55817f1f038b41b8a2a2136b1c700203,0.0010080645161290322
76e5c500b8f0c909da0779f331c0d8c3,0.0010080645161290322
3604adaf3f8939ecbafe0a6508f2ada8,0.0030241935483870967
9ea9a50d1c455da79d2eef57b213cbff,0.0010080645161290322
c1aaa8cf6bfb72da732a6a40f8042f52,0.0020161290322580645
1cb00e10b31454f0a11b0da5747c7235,0.0010080645161290322
e11cf62c65519b553b5aad26f9a84735,0.0020161290322580645
60d4fec5d6c3a6e40372dcc5e68230a1,0.0010080645161290322
46e786821ed4af2f06ec309122192427,0.0010080645161290322
aaf94e2e29913d4cfb725c4fb40007cc,0.0030241935483870967
3e9321dad48193b161df98935a1255e5,0.0010080645161290322
a474d1c5bceacf5c6b66ef7e84f6a50c,0.0020161290322580645
fccf48b938a5a15272e9298853533a23,0.0010080645161290322
0705b7973a994e50b85f785d6b511e5e,0.0010080645161290322
05fe30c2e4ed2d3f77582c48026198da,0.0010080645161290322
0220050c835b7da49b60c9a08ce31e77,0.005040322580645161
b041fd6a3b625d910c01074ad123120b,0.0010080645161290322
3fb9e5e4e12caee6387dd2e6429f9acf,0.004032258064516129
6a84cc13aa03d25d1d0de1735e99166d,0.0010080645161290322
13d0fadf1935f13df6cf340815e36169,0.0030241935483870967
95a2b595cd161fbe3d4a4577b79e8ad1,0.0030241935483870967
877a01ea260c60c59f73370faba07476,0.0010080645161290322
642423e1aaa79544d1c9e112aa82fa86,0.0010080645161290322
c794f10fd0d5fed3240f7f45ee4c5ae6,0.0010080645161290322
649865b6e705fc51adb552ae24b6ff4d,0.0010080645161290322
1ebcd5bd1e89f80231f39518ef5d9e8d,0.0020161290322580645
a88e1d1f2a0b9509cff885746788c426,0.0010080645161290322
9f1a3480fa7f7569945cd328c9aa704e,0.0010080645161290322
9b54e928d830194986986b978bb9d4fa,0.0020161290322580645
12e0db5748dd733be042cd88713faf49,0.0010080645161290322
655d916805d41b7c68b0071f888684fe,0.0020161290322580645
537749794dfa70add14f1fb7844fb54f,0.0020161290322580645
eebeef2f7a629b8bc202a9bc74145e7a,0.0010080645161290322
421f83c7ee7f73e4d96ed37d3b46eff1,0.0010080645161290322
700d59bbfec0111e44de5c3a1a52522c,0.0010080645161290322
73db1de86ae6ed8b45c7bc7c640348f1,0.0010080645161290322
935ec6d7f3db21acabb1a99dd645ff84,0.0020161290322580645
2f0808b4ab32b10427ee612451c0db73,0.0010080645161290322
6c490fbf51894585e127648ae4375faf,0.0010080645161290322
4be7b327e17792cca59a14cf89aac064,0.0010080645161290322
7234fa2ddc526ba2e941865deb543c55,0.004032258064516129
5af0a41ec33ee5bb3dab84c89dd4d1a5,0.0030241935483870967
86d77d14dc95632e9e9a783f88d5f1e1,0.0020161290322580645
dfd9be3d2cd1604ae9566ed9a869eb9d,0.0010080645161290322
b04ce6cf5096902d7595485dfdaf2e26,0.0010080645161290322
d7466ab97edf938c5ed46f6bb1649b60,0.0010080645161290322
26003f64cbae782b53a8da8d0ca24f98,0.0010080645161290322
d8b1cde27db9ad9a51b47b67b12cc690,0.0010080645161290322
a9c44aced939cab44ea690b1baaa0c99,0.0010080645161290322
317003961065e95375e6961ad3ee3560,0.005040322580645161
35a0fed25c22e43f55e7c6d7d225ac6f,0.0010080645161290322
f629f43efe582da0571b15a19fbffdf9,0.0010080645161290322
2bedd26e7de1ab2321a1c715f5bd4a1b,0.0030241935483870967
2d42ea018261507e21800c685a004a83,0.0010080645161290322
d876fbdc32b3dc4e3dd65b162ebf8d17,0.0010080645161290322
bdf02524cb297704112250b5ef58ff2f,0.0030241935483870967
20fabc1b49f5544d7d267b115e1b006d,0.0010080645161290322
f535ab730843fd543acad49b950c6b56,0.0010080645161290322
0443ecd5d928c196798d34d924f7598f,0.0010080645161290322
e4b1eaf107d2e5e3e9826ecaa4d69dac,0.0010080645161290322
ed531d5aea81974d14a4f90dc7217e1d,0.0010080645161290322
082dff131cc28adbdfe3084538b286e9,0.0010080645161290322
6463887527f6ed37d8fd6312c3ce998c,0.0030241935483870967
77b024d5ebb820dbed21c49b88e9a802,0.0010080645161290322
ae3cd0ef5d92c630b2e47d94dd8e69c0,0.0010080645161290322
64915d0c08fe7d5cb16b4a3f346dd1de,0.0010080645161290322
80d40219a07c649cfaf47953eabed0ec,0.005040322580645161
1f579f0d1f4053d58a2216c5bd23909a,0.0010080645161290322
962d7c88610a4514e2e85d4b2f964914,0.0020161290322580645
2c2a1fa6d6e456f22c1f1ca4bff34dda,0.0030241935483870967
92f93c0c111acd3ee4c0676f9e5ec204,0.0020161290322580645
f283cd6d309acf7626b1fbc0079d275d,0.0020161290322580645
7bd2d4cc6f2a4afcc2c9f4bf047abc7d,0.0010080645161290322
97e4eee73291917a796a303041850790,0.0010080645161290322
90364ee4284125c573908cf060fb08d5,0.0030241935483870967
cb706fa390cd77589379dcb7bd94e532,0.0010080645161290322
01866ee4c6c902736b9baecb00f135c1,0.0010080645161290322
98ceab04b5161571105b8f56f2702bf3,0.0010080645161290322
ed7b2c8acbdec9856e7447058bfdd64b,0.0030241935483870967
746f8566a4c421b7d6d12c25931ea58a,0.0010080645161290322
a167a598315789d60cbf89e6bb469e82,0.0010080645161290322
61c21131eb8f5f1805eb320023366b22,0.006048387096774193
c51760acbc2732aead7a63c0bd4aa130,0.0020161290322580645
6d58771f2d81ed3bf62fd93534992fd3,0.0010080645161290322
29c6cb17d8cff3fc4fb19c9e3eedea29,0.0010080645161290322
c45c27815cc6b25da2c8a03ec4cbbb0e,0.0020161290322580645
2f5cc70a2c2c5e2699b893bf7e602d31,0.0010080645161290322
424147d67ac5124f3e8eb3baa9698d9b,0.0030241935483870967
0281d168a72d07b7763279d8a208dd08,0.0010080645161290322
685c84907fe1fed57d981fe3cae74608,0.0020161290322580645
e0d28904d4ecf4577781356895f7a150,0.0010080645161290322
ac6d878ca46f028082794006adccdfbe,0.0030241935483870967
874e5ec688c5cff62d2b0d192fdece5c,0.0010080645161290322
f144e3165a0f72d87c91fa4cab7642c1,0.0010080645161290322
7e110bd65b4a2cf5df877188ea4499e9,0.0010080645161290322
b8e0881c909417cffc717241813488c8,0.0010080645161290322
18ff0b8d33232db79e92e01572c41218,0.004032258064516129
54c58193a5831e32664d70acd45aadb8,0.0010080645161290322
21ec1f34b2512414db9118fc37f9f3c2,0.0010080645161290322
ce4cb075261bd7a90be2d29cb896b963,0.0020161290322580645
9d4862d621662414933af7585a2d6d8c,0.0010080645161290322
c6cba56844220c2d02e3232cc26bad63,0.0020161290322580645
498a599ee91816ac4c011d1dbae86ad2,0.0010080645161290322
9fe6e85d53ab3199e6d055775aceddf7,0.005040322580645161
8e1107b1fb15badc572f61612c106be8,0.0010080645161290322
ed1e7403e33f6d89515a89d4405476ab,0.0010080645161290322
9872ebe7460fbac3c4dba1dd8fc0a928,0.0010080645161290322
3ef336739f34b735ddf460f8afc21c0f,0.0010080645161290322
e2ca8cdef86013d50647854d3939746f,0.0010080645161290322
eb0ee0a4575558163dee5811ffb01773,0.0010080645161290322
e99450bbc1c70cc39fe719bd6e9fd183,0.0020161290322580645
fef03e3cf92dfa85144f9b41dad748ff,0.0010080645161290322
623b550485cfee693ea955b7ef7168b9,0.0020161290322580645
abd6da9416d24f7d0428bf259fed6663,0.0010080645161290322
bd1d3a622c69d369319abf57b18d89e4,0.0010080645161290322
3f15d8c4ac6c713a954d01b81e5ef1cf,0.0010080645161290322
4d744a8556d1863c137597044f986381,0.0010080645161290322
8120ebbe80e45440b8460088a4edb54a,0.0030241935483870967
39d5dc7efbb44a878bfefa2cf3b459df,0.0010080645161290322
8972a4ba5fef74dc145221484dc51200,0.005040322580645161
03ebb669a57a2dba6bef8ae8caa835f6,0.0010080645161290322
b022ccec5ea538b357d88c74b01693b0,0.0030241935483870967
edbd668ffc9288711b64ec615ea4d9a0,0.0010080645161290322
d96c9f7ea2efcbf908bbc3dfde16c283,0.0010080645161290322
283f55833aa4a1ecf36e6a1fd7d452db,0.0010080645161290322
76d59b3515ade0ed50c6bee07f709339,0.0010080645161290322
9c7ce94e1b71d5a7ec3022dece51ac49,0.007056451612903226
70328576cfdccff2205de684f4a18fcd,0.0010080645161290322
2326f98421745ecdbf1460bace0b4407,0.0010080645161290322
b4738d6c161cbb7422604ffa1fcc049d,0.0010080645161290322
f59aa612f990ed54517da8b2939571b6,0.0030241935483870967
078562cbec29988d8a094b828f18b009,0.0020161290322580645
d234a7b01fbc70ad4661548df7b53fc4,0.0020161290322580645
18c68b5fc521a80764be50517fda709f,0.0020161290322580645
b0205b1de2245ebfc55b53b0f50efc83,0.0010080645161290322
9ede695ab66f2986b030d7c8773a1ae0,0.0010080645161290322
5750100baf0affd32e115b835ae2405d,0.0030241935483870967
62384243336f7e611393ed1d7ddb6919,0.0010080645161290322
925957e620e03ee4787f7674c02d37da,0.0010080645161290322
017cad5046ea967326c6db2e7f822b32,0.0030241935483870967
ab959253ca977fa9de2d5cf97b471f67,0.0010080645161290322
e6dc4861ab5afec71afb9bed038739de,0.0010080645161290322
8a20e828b74987cb1407bcf21b541cb9,0.004032258064516129
aac259e19980df8526d1a6e8e0fce7a5,0.0010080645161290322
f7bf75fcc76038617d891eb8252ff085,0.0010080645161290322
3daa1f4c2507d0ee0bff75e1d2b53eeb,0.0030241935483870967
7f16ca26b170e856000bff33efca1279,0.0010080645161290322
4ab734491774ede5b496d55a291a8024,0.0010080645161290322
3edd41c79a0f045fb87714719d87accb,0.0010080645161290322
4a9f20ed57abc487ed62c972b4fc8508,0.0020161290322580645
790df0f697e621a04ef17b3c54abb211,0.0010080645161290322
e8e0d2806136ae3d7bf69a4c231059ba,0.0010080645161290322
7769cac4c6bfbe7e3cddd33636c22519,0.0010080645161290322
15b794b5f767e269f05898eb359c1894,0.0020161290322580645
88ec78fc4d9d9162c57fd4131170c97f,0.004032258064516129
f90494146965cbdc896278ff20425c20,0.0010080645161290322
d721e7888c619d41ca8a7bb020fdd9dd,0.0030241935483870967
6bee5fe71cc591fae2131e476b559759,0.0010080645161290322
b914f73ce711d4e9f400c6c3d4e48786,0.0010080645161290322
261fd19a85549d02ccb23f655d9462f5,0.005040322580645161
f3dacbc043fe80a4105b81b098b4fb27,0.0010080645161290322
b8b9baec0db46e527b7ebbd9cf91739a,0.0020161290322580645
d52ea3fcb5a05ffe4153e5335188c376,0.0010080645161290322
39b897c8d17e9a49aaa61cf52488832d,0.0010080645161290322
45c3c48eda3289ed566edaffb5f80a31,0.0010080645161290322
e00488275f37984105cfb344979a473f,0.0010080645161290322
d1f8063a71707cd193313989c77ec8e6,0.0010080645161290322
3104b831a2e7b7fef9b867177d60b3b8,0.007056451612903226
a2ee66926ecc6053d70dd4bb7a471de8,0.005040322580645161
a089533b42727076611f510ae8c60320,0.0010080645161290322
deaa94b4214904496025aa0049d54138,0.0010080645161290322
4036d9f97377add13fbe1bec16f98d57,0.0010080645161290322
302c329f546b29c6cde5a46824ebe4ed,0.006048387096774193
5f263abe001fcbde59b77c1f49b948a4,0.0010080645161290322
cc661e003103f693759da82bfedf3b5b,0.0020161290322580645
f0763e0d830054d75f57ce8c786d077c,0.0010080645161290322
d501c8cecddce5ddd870841883499fd1,0.0010080645161290322
bbf742d93aed17afc05a0df2cc040cd1,0.0010080645161290322
5d2f1a2eece4ef04f202b60daf87ccee,0.0010080645161290322
6c1e42cbf7e935ad3c1828ec60945cfe,0.0030241935483870967
1d7aed37e78f5d5682f662987da658a2,0.0030241935483870967
5b7983760e66558a81f9d4968cca1644,0.0010080645161290322
6cb07af0c56bf4d9b643dd0ce3738181,0.004032258064516129
353a7790f92b457e478a6d1fe0608033,0.005040322580645161
012dcd9c92ce882bdfedc81c8988ace0,0.0010080645161290322
584591ed2365505b9d0a1af739fc6355,0.0010080645161290322
e6886de76a4f59dc3aa949e56c294c3c,0.0010080645161290322
534907372aa376a7aa0372da861b39e6,0.0010080645161290322
cfc45e0024cb456af484312caee8f934,0.0010080645161290322
93638339e585de24f3bd2c9744b570f8,0.0020161290322580645
f0f7de4e211f9e09be1efa7a6dd9a02c,0.0030241935483870967
a81dd44c99d6fb76727c2b69040c2195,0.0010080645161290322
b05022516ed27f293e9b8e67009e8846,0.0020161290322580645
341fcc03647cb51847f6d26ffd0b5c8f,0.0030241935483870967
adba5c8a11a162abc270d0a7e7cb90d4,0.0020161290322580645
c82e3c0f6645a196621e06d5240d9ece,0.0030241935483870967
ab2fcef36af534066c74dff66fa5ee73,0.0010080645161290322
dee2b9958339d23ddcdd20d7c9090fc6,0.0020161290322580645
a20783d60777cc7867b796187712cc08,0.004032258064516129
2f3afc79d936274ae221a76cb434cb61,0.004032258064516129
66c6863b91670b2239efc1cdb1d29ddb,0.0010080645161290322
e6b37d9f0d10dfc8f0a97051c6563557,0.0020161290322580645
8ff0c1fc27979c6b01171b0e4a16125a,0.0010080645161290322
c18deabeca7b7224e7181a16544723ab,0.0020161290322580645
cff653a4072376a280bb8383006060cc,0.004032258064516129
924f1b0af5852e3ae08089319b1fd476,0.0020161290322580645
1d6820534a9d2fe9902ce8e7c304675e,0.0010080645161290322
d24c937b2e206a0a75cb05172676a571,0.0020161290322580645
c6126b8fa6b371b41f38423f96610f2b,0.0010080645161290322
e5a2123810e3e05548d34ad09db5154e,0.0010080645161290322
d0361ce1e3e0a4bc74d61ddd733cae28,0.0010080645161290322
3583f550bf298fc7ed4fa9b5c457a81a,0.0010080645161290322
c33847856f53e09ff9e91e24e9307ed1,0.0020161290322580645
48dd3f2a511039dcbd430a827b6c4c36,0.0020161290322580645
01e2ef45c17bfa137c8c0a9dc53b5dc1,0.0010080645161290322
64711352f4229d17526ec0e1ea74e07e,0.0010080645161290322
ae8c07776e6d4f0a59e82f4c3dd09bde,0.004032258064516129
3e49eebe77f1ce615b5f76d6ceb27d82,0.007056451612903226
6dd7f08e27c4373ff0626987455c42e6,0.0010080645161290322
7376e098c828823e379ef3916bb2ff29,0.0020161290322580645
3695573c7b56467c9780235ae52ce271,0.0010080645161290322
eee94bb4c69a90cb5caf2e8e44340629,0.0010080645161290322
64fd1ef7a61fa89ad76c279e51ac11e9,0.0010080645161290322
8d34f3c0424063df57d2861298065fea,0.0010080645161290322
99ed6bacfddae87a243b6f6d960f409d,0.0010080645161290322
56fc6af639904445bc60f97cc181e8ee,0.0020161290322580645
543aefb90ec819cf86aad4f527e65669,0.0020161290322580645
a4a42699a1be82b2a5836322cb66d84c,0.0010080645161290322
7705a09a8250ae272ce21028ee4e3def,0.0030241935483870967
31e4fbb293e9bff8445a0db29bf7dcd6,0.0010080645161290322
e91621a46424e63b9e5bf3f0a7490c0c,0.0020161290322580645
70f03b4959e8b8a228d9e5c9e3c3af08,0.0010080645161290322
96b92245620c1f0f0f5cd46781d06d33,0.005040322580645161
f65a0e87e7b18c58e53a705094a1ffc0,0.0010080645161290322
c06a1813f67fd801fc8feb5924e4fb53,0.0020161290322580645
a3ca7f34c8e81f16f5b8df3a3df9afb7,0.0010080645161290322
faaad38b41afdce2524a094d4275807e,0.0030241935483870967
4388d9098c2e350001257df8d1be90fb,0.0010080645161290322
d94f5bcc2f3e75e3de4fbbd7f7f72fb1,0.0010080645161290322
087109bb7ed3559ad8db151e73c1a5bb,0.0010080645161290322
fda5684ba3a557435f7b3667bc747ac0,0.0020161290322580645
939433849ee934aafe7e123c78a90738,0.0030241935483870967
751db30ce8db865a7ebf06914db1625a,0.0010080645161290322
e4aa2b9e527e86ef9262c5275f0307ff,0.0010080645161290322
cd923eeda82b7782b01478351d1f2189,0.0010080645161290322
131d580ce1ab3effb3770921d92c94fe,0.0010080645161290322
6280f038d985a66830efbe22e0c6847c,0.0010080645161290322
69089d80ff8bbc1c60a2f01dea9ba496,0.0010080645161290322
463739fa04f7e53df780eae7e01b79d5,0.0010080645161290322
a814482b329fc0ffde0270b4833c62b8,0.0010080645161290322
99519320db5492b8b945b8d6f996ff3a,0.0010080645161290322
29c6931c694a6dd22a95b69f20fabd38,0.0020161290322580645
9c7bfbb4fd5b7e6198cf02ac14bc01bb,0.0010080645161290322
005a0b55dad927ad58ee35728f4c243c,0.0010080645161290322
e2f2dfadcae8fec3a6ab378b21274cfe,0.0010080645161290322
f07d404368f37eb758d2460920002fe3,0.0010080645161290322
fa1d5d724ccb4287e07ea1caa9d35502,0.005040322580645161
985bb281fbd7b847e6a26019f973cea3,0.0020161290322580645
91213a7a55e86617593bfdce8d38b10b,0.0010080645161290322
4090fa0a85514137330c6d0e7ef5c6d7,0.0010080645161290322
aeb61e6ba1cec3b398293a54bb13c179,0.0010080645161290322
9df6b16f990650309b20b111ea7afc46,0.0010080645161290322
1bc8d0588ea1352b7e890f593b8c96ef,0.0010080645161290322
16d66131ab72328894e5a78841c122c3,0.0010080645161290322
e7c9b3fb14d1f256854a1afd8fcb1e89,0.0010080645161290322
c452184dc5acc9d2e2204ec789e08ba9,0.0010080645161290322
3e3c7adbbcac620b0b7647fad67bece4,0.0010080645161290322
2653aa38b4c7436e94c27f2a9ec58655,0.0020161290322580645
89a9850205a378f3ac26fadf6e45abaa,0.0010080645161290322
806dfd150b1addad6242ad3f71824e79,0.0010080645161290322
31a659e939a4ba85b48cc2b1e8fe79d4,0.0030241935483870967
408340ffb3739b302bf7095f261511b6,0.0030241935483870967
9052a197b410f15f91fa26652fd70c71,0.0030241935483870967
3f7de1f8c21a95aaaf240674682535a3,0.0010080645161290322
98aa0942af078d73833ff86d82e9fe12,0.0020161290322580645
1fbb841ff6d33697db877c542107b29f,0.0010080645161290322
2f5e01c34a29951b136e328252c37ac1,0.0010080645161290322
44d6ee6318edf166b0df022ae715aa73,0.0030241935483870967
70a35b1b32a04fb5c4eb9f85d83c2e20,0.0010080645161290322
72ee4b5817afedba98d91619fad7cfcf,0.0020161290322580645
f45195600a3b6d382c6e460811f1ac9d,0.008064516129032258
19a1eb88ede3488cd6ca035495dd6ac3,0.0010080645161290322
8008f876ba877d5a9d64e1b45b58c67a,0.004032258064516129
c53bf6f6b0d42d6835ce8880d6e470d3,0.0010080645161290322
f8ce97525949054b8d3e67269d1625a4,0.004032258064516129
ab7ec96db88059d0513faf5116441540,0.0010080645161290322
eba77aac36d1521a632c6250c2dee18d,0.0020161290322580645
7d15c66826236fb2ff215ab4de1d4288,0.005040322580645161
3f686620a7a385ff94aa06a6a6289f15,0.0010080645161290322
98ce8b7d96a080fd64f712ad25266df7,0.0020161290322580645
833afa358eb5ddfa7bf30a86be5b5cc7,0.0020161290322580645
c9705faa68cdd610b4691ebf275004c9,0.0010080645161290322
abcaaeda76a257ac6b9b5fc0de8a13de,0.0010080645161290322
f79f3153138ff17822a0f58d582e10cb,0.0010080645161290322
e42c867bb7ae1168752d74e649d282c2,0.0010080645161290322
865d57acf65241ec85171a46194aa5ee,0.0030241935483870967
633e3e25cc204e685c27306875e8f5b9,0.0010080645161290322
abe3e5ef7aaadb6fea2a16c4ca63522d,0.0010080645161290322
903dca75f3cd446e327d7df5d7eb9970,0.0010080645161290322
12a91c4cf5b28b5d212a08203650d416,0.0010080645161290322
77e7090917f8e59cf945519d2931d05c,0.0010080645161290322
562bff00fcba1830664e6524d2cb6d56,0.0020161290322580645
abf33c84395d60ae42c1979683d5820a,0.0010080645161290322
3331cf8e336eaa5a00285e23e9547d41,0.0030241935483870967
058d70a251e413542edc411a2dac4998,0.005040322580645161
a7f592405a5bbcd930bf1bda1397ba71,0.0020161290322580645
608a29a76c864c0dd6b7b2ba9c2b65bf,0.0010080645161290322
2dc32286df29cc758f5a0bd528183aac,0.0020161290322580645
98258f72013c28143bc349fd28e36b2d,0.009072580645161291
be5bdaa7ceada564a66e6bb573e48f59,0.0010080645161290322
8716e2098eb23229b655f77aa1aa5724,0.0010080645161290322
3da4b1bbb684ae3e0a47f5bd6802f4fc,0.0010080645161290322
11a264b6fa68f790d80e4dabf845dd62,0.0030241935483870967
0d6114b9b874816a571ad902091dad1b,0.0010080645161290322
11ce49a73422d51c2161fd2d5dbc2e2f,0.004032258064516129
48feeaae4a18c972c93c83ad9e6b1454,0.0010080645161290322
bc7f55f6ecacaacebd4c3ef2127ab6b5,0.0010080645161290322
e210f80bebf15afd175d21d4c85c0eb1,0.0010080645161290322
b55dbf7e59691df2f19b0f2e19fedde4,0.004032258064516129
a2762198de18a009b9bdcfee2b775d33,0.0010080645161290322
ac0a63986b9c77996199744b93337bfb,0.0010080645161290322
69854afc75d034a2c1e887b3cc228158,0.0010080645161290322
53c5e38176e313964af5453559f7c4a4,0.004032258064516129
d902b79d11f111ab6cf2ed6496117713,0.005040322580645161
b9109f46f044ed57b0b259f6b7e335e1,0.0020161290322580645
6a31ef45c894b6ab26e036b3cea1eef3,0.0010080645161290322
64372eb319301a17ecd86ad603a19554,0.0010080645161290322
d6bb8da356e4ff89481b1b8212da6e42,0.0020161290322580645
eb876924989a4c6380d0ddd01fe862be,0.0020161290322580645
84f9e1f77be6d245d6dd5370409c8e5c,0.0020161290322580645
fa40186659aaee26452a17ac6f96675c,0.0020161290322580645
5b6f74c0b64c0184036e85a5fd14c13d,0.0010080645161290322
3e8cc558d0271c78a1aa4847f8a80a18,0.0010080645161290322
3fb8e9326ecbf5048834fd8097051dfe,0.004032258064516129
37bc664a77e0f2419d570275c6734728,0.004032258064516129
6f945c5ce9571963281079daa9410d0c,0.0010080645161290322
e81ce85daa6931861a72fd551706949c,0.0010080645161290322
3f872f184b385a73e564d4f5ca0c47ac,0.0010080645161290322
aba88e1271bfbdb68600fee7467f94dd,0.0030241935483870967
69d74b7afe160dfb9b62ee421173ed44,0.0010080645161290322
2a3aadbdf65fb47afd603243190d1a27,0.0010080645161290322
d0c17c7f4352af86b848e0f96a8387b5,0.0020161290322580645
6c1f9cd6b403d3f56c3b514adc556b91,0.0010080645161290322
9db53285cca237ae0628e37fc9f74c44,0.0010080645161290322
f463308e8af86440c84211876febba4f,0.0030241935483870967
c78589288323e1921e61194713dbde49,0.0010080645161290322
ad2fb9947164e26f2a64c70cb7729f5e,0.0010080645161290322
804b6fd10f8022ad2bb83168327d15ba,0.0020161290322580645
7efc3e19b72eccaecace88ce67f78221,0.0010080645161290322
4000a81b730075a7448f52d4f673659e,0.0010080645161290322
690242bb73fd41c069ab49b140994423,0.0010080645161290322
a98875a1a48de78ea62f10907fe723b8,0.0010080645161290322
ef62eaea33b4de20aed73aa497b0eff1,0.0010080645161290322
675523cea26324b7c2d367b326698d21,0.005040322580645161
75ee13c02f91d5b5c72fb55a606a1e99,0.006048387096774193
c3970d4c5c431aab84a3438b8ef24d0f,0.0010080645161290322
d687de1f507ac5a54e935af02d4e8ea8,0.0010080645161290322
77b594ab20be8624aa8845131e00a8bd,0.0020161290322580645
e6eba1488c4f78b299e5ffd06c4bf821,0.0020161290322580645
413bb48210a90378c38f42f88caa7a7d,0.0010080645161290322
eef5de4c095b06c3a53bb18f8868f226,0.0010080645161290322
f374fb450618a3817d6b660bc30975e1,0.0010080645161290322
11b60f5089f04e9b2b78613e40b4dd1c,0.0010080645161290322
96a42166018fe76fbc230280803ec9a3,0.0010080645161290322
3c00f35b1a4cdacb358be37ab5ae9ba2,0.0020161290322580645
62427fb6fc83422205aecdcc79f16d74,0.0020161290322580645
1859da0dedc196fd03612e6c1eb20d0b,0.0010080645161290322
eee280f42c67119e94fbfd4e8b52438c,0.0010080645161290322
6dda204084aa3535800228cafdb5c874,0.0020161290322580645
875c3d988fedac18d855966d5ef1bbc7,0.0010080645161290322
4b42643e2bc615e821678c6ec0de7186,0.0010080645161290322
b3a634b297ad7601a6e7c3f87b90030a,0.0010080645161290322
7cf7107b592df2322465a1c7d095d5b0,0.0020161290322580645
ca9cd74266549531a3b1a460fb76ec59,0.0010080645161290322
19255502df30a48dc477fee77921462c,0.0020161290322580645
b5abc306687cd93d1f23aecdb1509133,0.0010080645161290322
7f71d9f86ae5b57650771bfca4ad27cf,0.0030241935483870967
b7a8159c57525f3de4a2e85429cf3f55,0.0010080645161290322
ba7149567b00e1bdb94a29bc50f5dafe,0.0010080645161290322
7102efe651b73cdf0c7f8a825f33b8a7,0.0010080645161290322
bdb4837217d9019c520beb74e4fd818d,0.0020161290322580645
86b51b0d1bb04a255339e362b794aa52,0.0020161290322580645
4723b00ac718cc30f02d0cceada123d7,0.0010080645161290322
c5d3a76c60ec9853a68b7aa611a9c209,0.0010080645161290322
9ad5045a9d77bde0d0575495bd700d42,0.0010080645161290322
74d6103865b759d957f6a607b3ed0e38,0.0010080645161290322
d261d64b3218542c976346c0c5397fe2,0.0030241935483870967
2f1553577b0dff98e5d1dd9c3492cf91,0.0010080645161290322
2aaf4fc5a617fc3e7cfee773806d6068,0.0010080645161290322
ffeaee1af7ab6050cd5e73a994800e2d,0.004032258064516129
c6d848b130f21a5d932a371805f5753d,0.0020161290322580645
a3802ca699f52fe6b5e90f6f2bfec082,0.0010080645161290322
b0d45e34c5848a67ec236dd5a1aae736,0.0020161290322580645
88d643b8d27772ea683deff67083d622,0.0010080645161290322
ca55625a83c4acb078a03177da52917f,0.0010080645161290322
6fc47cf1a5c9f9a87a501f05d604066a,0.0010080645161290322
b9b5fa7b194ebe33e2fa1ced5900a33a,0.007056451612903226
75b0de93e627af2671233e1b8f053e17,0.005040322580645161
7b90efe245bb16c861577322335976f6,0.0020161290322580645
1141a16bb22d77be57071b6ac68cd908,0.0010080645161290322
eced497135eaf2338aa8c2aa22c8cf16,0.0010080645161290322
811bac6a80ae0206dd51e178c77b3b9d,0.0010080645161290322
767a97bbef999ea73175402b9e4c5e65,0.0030241935483870967
04408f24a124b244bf57b0a61eb8fdca,0.0010080645161290322
fcd7cb2d3240ea333626c73618db439a,0.0010080645161290322
4b99a26d7a9b8c4f84ad12acc52366ff,0.0010080645161290322
8769dce0a5401ef4f471691ea3df306f,0.0010080645161290322
cf17d3d626151521677ce4c24e9ae5cc,0.0010080645161290322
dce002d112f2ec417a923b984ed4d962,0.0010080645161290322
382200532be288e58e29f1198db66dbd,0.0010080645161290322
9c2c9f54b4ebb110d8ed77f839702d7d,0.0010080645161290322
8f15008951b93dd8116927e6dab68fcf,0.0010080645161290322
30f5b08ccf430b6008311de8eaa7424d,0.0020161290322580645
b7fac2ccd7c62747264cd0460b528628,0.0030241935483870967
c112866209b45fd9ca57120a340885bb,0.0010080645161290322
0fd9d16bffc764e5e96dd6b9da7123a2,0.0010080645161290322
73b30d9dabc0c6c5904497672aea2d64,0.0010080645161290322
80da3c21ac664d16db733fc84b1fad8c,0.0010080645161290322
d4c8dc8ef0613791eccf19ea8e737908,0.0020161290322580645
6588322f5415838be32193babf8dec80,0.0020161290322580645
5db6f86b7449e0514493a32ec826f613,0.0010080645161290322
ed240047729b7d550831afff8910d5e0,0.0010080645161290322
e0688cab03e86797058d4676740891b3,0.0010080645161290322
8b67fb0b3212ee67eac890def0c7dc50,0.0010080645161290322
0f3028a109ad1d1519990ade6c0099f0,0.0030241935483870967
636a3a2ba68e04e4318f5fc5bbe486fd,0.0020161290322580645
18162df9d7742276ffc05b25202121fc,0.0020161290322580645
4334d4f78bd3e194fefd1fba0af44ac0,0.0010080645161290322
c05d1de7e15588541bc36c48c2329c10,0.0010080645161290322
72d34bd46553d57914f7f17183728ef7,0.0030241935483870967
65ec05d6820f242a67e8ac7b16ed4046,0.0010080645161290322
8df77039f84dcdf9fc2af03febfc0994,0.0020161290322580645
b89f57bdee0cb449afbe138751b0c2f3,0.0030241935483870967
af9433387560b0d5402ab317f652cbdb,0.0010080645161290322
4002d6a907bcecad4b2d684382c306e6,0.0020161290322580645
e94b579abd6b12bc99b4871910210752,0.0010080645161290322
43bb222ee8a7cd2a266ce7d2084776a5,0.0020161290322580645
c105212866b42182fae2c5f874cbb1cb,0.0020161290322580645
e066d2ce284f927d0ef8705d76214a6e,0.0020161290322580645
b756fed9b67739ab0efcac0a007c0a40,0.0010080645161290322
a04ee3ba676487ba015a80e10a25ff3c,0.0010080645161290322
51dc6c792f1e3335c26a1bcc213781d7,0.0010080645161290322
858b4e14f3b4fa1c55bd26f152b4bbc2,0.0010080645161290322
af98247bf6bcb2dc27c11efa8be8aee7,0.0010080645161290322
25e523de3d8b501b33aa0b5d70aa7f35,0.0030241935483870967
51cd145802ce5024d2431e1b2468a6b0,0.0010080645161290322
6cbc3c48a5922ebd7b8490db4b656a6a,0.0030241935483870967
d891dcecdb1653e3bb46abc348062fd0,0.0010080645161290322
cf9ea23e83fbfee01ce07cea9e2cf2d6,0.0010080645161290322
e72f6dbc347267c2b79d24cd76c299db,0.004032258064516129
19a872526b6dc47afd216f726e57d1ed,0.0030241935483870967
ba8149a152fc92b49bcad775bba28496,0.004032258064516129
0c6fb9ee0f8b17672feb99481c1559be,0.0020161290322580645
49f3a9ddbb5ebb23528cb987b95b1c0d,0.0010080645161290322
12d3cb3a1bae99076e0089353e94f747,0.0020161290322580645
4da7be106ee0bb361e158d4e9c934329,0.0010080645161290322
71439edc90108726f4f28bd211469507,0.0010080645161290322
a3339b155e480199c6900ff4b8c5391e,0.0020161290322580645
2e000821c4234129cd34c0d0e3c52777,0.0010080645161290322
bd1155d69b8cc3eca724cd7fe1d62c55,0.0010080645161290322
e130d429e0fa6acc90a7b4d7d266e3bc,0.0010080645161290322
06e756739b2054c220077999883fd263,0.0030241935483870967
f237723f6afa89861de9be4cc6fa539c,0.0020161290322580645
007b28f6e176efd7a2a23347fc2347a3,0.0010080645161290322
f625c791f431bf60c2c3bff37f43abbd,0.0020161290322580645
d0d16ef9f483eaa07b7b5f0626016ea6,0.0010080645161290322
68cad904b40d7ba3725c96739ca9b3c1,0.004032258064516129
fba314c1baa81563a627cb45046a8856,0.0010080645161290322
10ff8898a5c35fd59e0a2970bf09b740,0.0010080645161290322
991a82300ac80747a610112439992876,0.0010080645161290322
2c4fff186eb3053ca21eb942b0193bab,0.0010080645161290322
1d0732f0057fbb21839d2ecbf05ae466,0.0020161290322580645
0a66091236b565fc4f27e48fb3bc8d88,0.0010080645161290322
ce48ff439693a2461c5241d6de15a113,0.0030241935483870967
b148aa1f06e0eea5a72ac72fdf3ac867,0.004032258064516129
b81ddb1780777dd227c0b31eb15da459,0.0030241935483870967
6827ea7a1a6f9242311999561341a0ee,0.0010080645161290322
6e2e3b745754122d20ea9d60d334d16c,0.005040322580645161
106223d40eecc3b8e18dab4c5b71e4ae,0.004032258064516129
dcbb731e0984034e5520e9f9c6b33771,0.0020161290322580645
6566c22f18a932fcd749a8c8d2d8b4eb,0.0020161290322580645
78556ef7086650773eb4c2cbb58225df,0.0010080645161290322
4786895e195caa90723aa4bcb25b8b03,0.006048387096774193
dd90848bc0b4c893de60b97d6bcad6f8,0.0010080645161290322
02d5ac9cb14b1ef59f545f5eb4a06908,0.0030241935483870967
e9eeea40a5e9034876879fce14bc88b6,0.005040322580645161
f5663b470589ced2f2ee2b279f03841c,0.0020161290322580645
9a3ec86456ee6995414a7fac1a8f4dbd,0.0020161290322580645
b8512fccfc0b3ec1ed486fe54928e39f,0.0010080645161290322
9f468ac5ee4881352556efc70c295c9e,0.0010080645161290322
48fe3a95c176940070ba97f17c948b26,0.0010080645161290322
5144582efa09f517dd09732be07d60e5,0.0010080645161290322
b73821eaa1a764df61c5fd338227fb93,0.0010080645161290322
172e78f9b95544c947afb82b86ec319d,0.0010080645161290322
8cc49a36433897be7c446f83e19d2604,0.0010080645161290322
d3aa315adf9f7d2b73feb965192a8621,0.0010080645161290322
cfab367bb37a068e076edcdfe4c24df7,0.0010080645161290322
503cc4274fea6294bda44e9469673cb5,0.0010080645161290322
ec527aaaf933691e001a6b0fc411c9bb,0.0010080645161290322
42523fe908dd9785989f86ac5ad4f85a,0.0010080645161290322
d94eed3360a05e19e20491a21f63addf,0.0010080645161290322
fe658874e83f6d0e8b5c6eaab33ac0f7,0.0020161290322580645
ee75e9f97de60f2988c4dfc263af8329,0.0020161290322580645
02544a656d2d329d9f17243140f247fd,0.0030241935483870967
de409a35e693de2fc95c1fbda325baab,0.0030241935483870967
5cc9da2d8f06da883692854bb22019f9,0.0010080645161290322
ff071132ae1b6dc84958520b6e0cc8b9,0.0010080645161290322
f83918824d8dd7875a4b478adf4ee601,0.0010080645161290322
f798094404f3f105f6a7b7267ae6c34e,0.0020161290322580645
0ae51ff17ac11dd13ca4c445b65bc028,0.0010080645161290322
9fb807b6dbed99145cb044de5607e239,0.005040322580645161
9e8126e0128731a11c55440832f5eef8,0.0020161290322580645
24240888167300de729c00352e066006,0.0030241935483870967
62786c357bd59365cf970e1af87e64a3,0.0020161290322580645
ffde49caba740e38fb8c214f3d78f759,0.0030241935483870967
4a2227fa347fd7f5ffdcd512efb6eb8b,0.0010080645161290322
ec0c5218d394b40061fd130e8eb18691,0.0020161290322580645
84742dbea500e4e16acd1a6619cb80c5,0.0030241935483870967
cc69a7d619ad8355bc0b7fe0a7ca97f6,0.005040322580645161
58cc6a921bb6920b10cd5219e369e30a,0.0010080645161290322
7c6961ce73fce30947a732b2b12b3d67,0.0030241935483870967
ff5f35351da6982383b99d184c092cc8,0.0020161290322580645
fd869dc12e0409186747b2d80fb0f684,0.0020161290322580645
c88f6b175bf5940102c837cb11d66e14,0.0030241935483870967
d35491ce0dc273173735088312fd9061,0.0020161290322580645
e5cfc31c6f0db0f6787694155b550dd4,0.0020161290322580645
29618e7d6b3ac0ad4435f49f46382532,0.0010080645161290322
e7af847e58cd4dc625391d2819029568,0.0020161290322580645
bcdcab93cfeeee1e9c87c213fa53acd4,0.0010080645161290322
b95e8a18a13b5dc3e61f8b370d3a7fa5,0.0010080645161290322
b379b226fc532e72c0894be2535a5623,0.0020161290322580645
6b9477b169913841b8bad07e4d331d12,0.0010080645161290322
898b2397e712b92aee529cdc92b9b190,0.0010080645161290322
b025371a61311bf750d0122c12d67a1e,0.0020161290322580645
cf1ca846b42320028f2f0c6c9e3833d5,0.005040322580645161
664529334e2c4abd20721e7a535fa202,0.0010080645161290322
277cdf41a9e326a674f1f81b8bf1c8d4,0.0010080645161290322
e0500b29d9b2771ffbe4d87975424755,0.0020161290322580645
fbdba4c3c76d92514055d1b229909404,0.0020161290322580645
ca8962d9c935f3e11ec6295f50018092,0.0010080645161290322
dc0072c2ca2991202e882849622b45c8,0.0010080645161290322
f1b667a7c16e17c126e2c886ee8b3a59,0.0010080645161290322
159585fc3abc25f21fdc5906c6b455ab,0.0010080645161290322
7c509449a19e00b94d2750de52bc4568,0.0010080645161290322
7db2c4ad5d46f687993c54c494d26dce,0.0020161290322580645
047d0f15a607a97d605a3d9179144395,0.0010080645161290322
b4e95800fa61bc7ded68d07cf6fede35,0.0010080645161290322
4806d67f8c79d41353c72496134fad98,0.0010080645161290322
31d0e515bcbfb7da6803b0cdc14bd256,0.0020161290322580645
b774851b1a798348765aa1d9151defc0,0.0020161290322580645
f77cec0ba1adbaed86d0d7194efb8849,0.0010080645161290322
deeb8738ee56b818442da28a22110287,0.0020161290322580645
8fa207be71d4a1890737c37e57f09cf3,0.0010080645161290322
9da1058a9c0ac4e217bc9a5c3b6ed7cf,0.0010080645161290322
6279f312dfb61aae30cda3838c98eaf3,0.0010080645161290322
d28744231ee994b9af37d8e329977e2e,0.0030241935483870967
0d7c7bbd7fe3f3073ba2189ceca3729c,0.0010080645161290322
c7690d4a0665d297450005dbff105e7f,0.0020161290322580645
d7d9aa92216a600b4948bde813d9fb67,0.0010080645161290322
e0a38f8acdd536526e8acc9983018c55,0.0010080645161290322
b466242c657928d32817efa06bb4c1e5,0.004032258064516129
dadc8264e0587eb8a30b49b3ac7fe3b5,0.0010080645161290322
65bef7bb7c9d13a7b508337fbdf7aa94,0.0010080645161290322
6a7e2a0b494fa70da4d8ae951952d063,0.0020161290322580645
dba711cdcbb4f68daf684d3796c6339c,0.0010080645161290322
5890b58618eefccd80cdc71bd0a21d93,0.0020161290322580645
107e6f997cdf3cddd205739ba3ef33ac,0.0010080645161290322
9c35f2fc20f91cef64c3559d8df73d14,0.0020161290322580645
956ead4f4f1d92ec85c2c9b64a611dad,0.0020161290322580645
c9e8fb81a4a2ed46f39fe5c37289179c,0.0010080645161290322
780b8db3ccdbe8033e65751e3361364e,0.004032258064516129
22759c5ce1220a33a2fa6e57bc062a94,0.0010080645161290322
dbd108828ca8ae8d241eaf628712d4fc,0.0020161290322580645
b93f6a3291f93359705a5f2b576bc2e5,0.0010080645161290322
2fc0cf9712ff1190c19721f6fbcd3cdd,0.0010080645161290322
9e237d3f853afef0f302d1af1ee3dbd8,0.0010080645161290322
cfff36e658ac2de5531dbf760aafce50,0.0020161290322580645
c95e03bbb5626170ec47279706a2f37d,0.0020161290322580645
aadf067e83ca643294c80e37a0283592,0.004032258064516129
8cc2b2feaa6b63ae40d08ef69c501188,0.0010080645161290322
9695acecaba71cc9fc1458080b07d1fa,0.0010080645161290322
ec0d900b7832591667fe6363ed9ae10e,0.0010080645161290322
3c9cbffcf474f9ff72781489c5e0219e,0.0010080645161290322
0f5e53be197d16ef4de30312ebff0245,0.0010080645161290322
8e058482fc19aadd1b060ca5f6c7d7d7,0.0020161290322580645
3edea4284391d73b635d093019207ad5,0.0020161290322580645
ccb814876a5efa07fc19514589c993a2,0.0020161290322580645
9b8e14e82476161bfb0338ab925ac0a9,0.0010080645161290322
1022b709b912b511bffff16672539f34,0.0010080645161290322
11a358bb4f0941db39f110b5b0585b6f,0.0020161290322580645
37c93fa4d45a50edc72962df09d9549c,0.0010080645161290322
b50c2c4ef32dcd7330d7df326adbc68f,0.0010080645161290322
1f7ee1d7c901106a81dae66a7d9c3ff0,0.0010080645161290322
f92ba3c4209defbccd343e27696a93cf,0.0010080645161290322
c1012ca79cbbdc0084ab21b2cbe73954,0.0010080645161290322
50559297c959c7138a8531841ba3f0ac,0.0010080645161290322
076969418b2d15a3fe6693ee5f44fb73,0.0010080645161290322
e26b1ccf5a97235e3c86a4cf33b5416b,0.0030241935483870967
fd64c7da2745367d09ade60a74c1e8dd,0.0010080645161290322
a546d0dc7ef27e4df8d8162881371016,0.004032258064516129
9408e6762e267614e7f06adee17126f7,0.0010080645161290322
217a2d20eb9c388e502a1fb6b8d4e310,0.0030241935483870967
27ed8a004a9911b22aea604f0f807d5b,0.0010080645161290322
70d64bb0a16e3e22721779f2a27bfc90,0.004032258064516129
220072e5166928e669304b34235cbc03,0.0010080645161290322
8bca0c0e8e35d3ab5079c7cf846d7855,0.0010080645161290322
033e8c5804975275665a3e1f37d0e18d,0.0020161290322580645
6207087a2aeb57241cefe393e011bd02,0.0010080645161290322
58608abfcab89ccfa7a26fd04aa8d903,0.0020161290322580645
27c1e0eeab6e4f4ea9967ca2f50c627d,0.0010080645161290322
9010e4c5e096de9bf92c64d6f0b28ce2,0.0010080645161290322
20433bec660e8b00212b0ae73339c0f1,0.0010080645161290322
67d5ae0d2e73b1b6333634f78b3ee192,0.0010080645161290322
4b68b02251d3551527f348dfe20108b9,0.0020161290322580645
0ff79589507f1b7401b0046d5d7875e4,0.0010080645161290322
928bd75f01c584592528c5cc6a7e690b,0.0010080645161290322
06d8233043fc16564b58f20e482c550a,0.0010080645161290322
dcbe91d098e2b555c7ef0220034559aa,0.0010080645161290322
d1790e7066c2fb76c853628355cbc796,0.0010080645161290322
e21039c890bcbbab0997b39edc7205e1,0.0010080645161290322
2b798caaf810965c915bde26040717a9,0.0020161290322580645
4dab6cb6d5cb320d33b14109dddf7cec,0.0020161290322580645
d5aa5798b781edf215019e9833e265d0,0.0010080645161290322
f03ab4cc1778da3c90b2296c8bea6685,0.0010080645161290322
27dbb1993c841c6a87d092c9e62d15bb,0.0010080645161290322
5cfe73348c7503f9d377f04e594ceefc,0.0010080645161290322
512afc17b6f24d0c2d68df889497425b,0.0010080645161290322
7a5fca52e9c052113b04f5a8ede0eb80,0.0030241935483870967
f9788cc39f26196b8c7feeb84adefedd,0.0010080645161290322
e764d5057d6f65057ba3d119172e0bdf,0.0010080645161290322
882ce3058212de6fb18d3c3267927334,0.0020161290322580645
7560c35d553f6580fb32728cc79c6c15,0.0030241935483870967
962973ab003199942293d4b9d1ade1e1,0.0020161290322580645
a07746c90a83a3d0ffe23b7c8543c578,0.0010080645161290322
9eee5b43fde3b540c4f309853e2e8796,0.004032258064516129
6b75a886d8d9ccd60a302162dc7e4913,0.0010080645161290322
cfb4188234d17feaf33bf1cf4bce24ef,0.0010080645161290322
083e7acf9509a7fe4f895dbb94ea5c9e,0.0010080645161290322
34f86049c9eff1ae3b08dd81d73d0038,0.0010080645161290322
242a184b064658d5be48c17a06fd9b74,0.0010080645161290322
1f5667a5d818bbc88253eb336ea9596d,0.0010080645161290322
2d60edec640e5cca25f725ec7de3fb2b,0.0020161290322580645
0d1f2d1531b9027294d9bfafea134287,0.0020161290322580645
1823b6e38673997096537dcfa0bc4f56,0.0010080645161290322
a740d75f83251df87b7cc319f15a6327,0.0020161290322580645
a023a4d34d433a5489ffc006a5ebb778,0.0010080645161290322
4dfcd850850a0348bc16b09390ccf15e,0.008064516129032258
5f661f2417c50e500927532da53b4d56,0.0010080645161290322
59a9e68c82ae6515f4e01f3cb0bdc6e4,0.0010080645161290322
2a99b23ac5ab782d55085a57de9ae4e3,0.007056451612903226
e90181f5e5e17c4b5286c929a254345a,0.0020161290322580645
184446938b1749fc9b280da856e12366,0.0030241935483870967
4dbac00ebe5996ba0876ee7b1b7b9bcf,0.0010080645161290322
63293402e655a991da8f7933015c7347,0.0020161290322580645
802029f8b6c5b23170b4880a3efbb7e9,0.0010080645161290322
e37dd2a4d251612f7397bcebad0c89af,0.0010080645161290322
bf4f25851b5e6c570138589f2e4eef5f,0.0010080645161290322
e83e6c785c06a56fd98985ab31fe9876,0.0010080645161290322
f787a8c7062e3dfb108203e292460da9,0.0020161290322580645
07c65df48a9d4d40f9833ae58089bd94,0.0010080645161290322
79ff80854da5493711e558449e53d355,0.0020161290322580645
e817029000a76b5d88896b9622a7d11b,0.0030241935483870967
fb9e72265bcc645105508918a203ea09,0.0010080645161290322
4d591652f9fff023242449ab2dceb285,0.006048387096774193
32007d8d72d6cddf942004e57843d0b7,0.0010080645161290322
2012bbc25e33858ac95bd71c27d5e1d0,0.0020161290322580645
9820a9d2c0085fbe923a29ccfc1657ca,0.0010080645161290322
171a24ca357ca2730538896b4a3090c4,0.0010080645161290322
8eff4f19dbb009b89bfda7f30c75c86c,0.0010080645161290322
ca313df3a96323216e56f5a39e183450,0.0010080645161290322
a07f41bd8def1790a3faa6a7680223e6,0.0010080645161290322
c828a5d01213348273bc5c9b8a6d3f8f,0.0030241935483870967
1156a8ed505ae2756bbe46eef13a1343,0.0010080645161290322
872ac77c3b37c80a1c79444cdcdeeabe,0.0020161290322580645
a8821467b9d940e3f4f114c1030511cd,0.0030241935483870967
5014e8195948be6a8ffcc06f267123fe,0.0010080645161290322
471d244ff13c9b56163254acc910639a,0.006048387096774193
d5a2dc4d311a4da721ee75a7cb09a151,0.0030241935483870967
a7a55c7741db414a5dbf39b6a674b22a,0.0010080645161290322
8704988b7a20bea71f2ee0b72db4e69a,0.0020161290322580645
9c085bc70c433fae2f4bef01bb80865e,0.0010080645161290322
c5472b9ec99569b5ac018994db1edb7b,0.0020161290322580645
a241c56b89008aed2fcc28648013d004,0.0020161290322580645
29f5794947a845aa88a8a5d54807afd9,0.0020161290322580645
c4986f15b5fd8ddbb41a8d4cabac721d,0.004032258064516129
24e7778a3dfbcd46fb8615fe75f09312,0.0010080645161290322
38edd709ee7795aa664e37ef5cd18fec,0.0010080645161290322
e5a5df0916869e83477e98372a4f1578,0.0010080645161290322
e0f0ab517bdcd6f263b82cd698f909cb,0.0010080645161290322
fa0f35bc218c184491f231e57b12a243,0.0010080645161290322
55037540c1b35e63db6e57988069ed5f,0.0010080645161290322
cece770f50b337593352f51745683262,0.0010080645161290322
e015bbc48506f227630d718aa85019de,0.0030241935483870967
5e6cb1847465a15e965cdf66bbebd970,0.0010080645161290322
0cec3871164f577ff4479ecece2a45ea,0.0010080645161290322
fa771211867368cbd958849239702052,0.0010080645161290322
345cdfca5c4363cdad576f06c3a1dbe2,0.0010080645161290322
5ec04bae90a9db7e8f532f1a7af60495,0.0010080645161290322
57b42c4e7db570b884f6a95031f7f3e9,0.0010080645161290322
fdcdd83aac06475da9b519799abb36a9,0.0030241935483870967
9ad4a206c9c44e8f0acbcc573b803a03,0.0030241935483870967
d3d9cad380710285b6d67266dd95d5f8,0.0010080645161290322
0fbacbff61e05d4242df6e31c22a52fa,0.0020161290322580645
5707b18357dbec4a2372f79440d58f58,0.0020161290322580645
83ee8a52de8d8e1b9058a466b1c4764f,0.006048387096774193
a5270c788cab034794c9fbe36ea3b338,0.0010080645161290322
597e35d366f1e692fa89248c05400184,0.0010080645161290322
e63157936ef982f3652b85cc6e8ecaf1,0.0020161290322580645
335806b9b0077469ed196724060817b2,0.0010080645161290322
2ee6ae6ce2436de320794ca8bd846a6c,0.0010080645161290322
a5c923e7039b7b77632d4a5e3a237ade,0.0010080645161290322
94d093bff6d0a67bffb8f947fa236ed4,0.0020161290322580645
a10d99aa9d92c1855e90ac16d1affc99,0.0010080645161290322
bb32a21b244d575ac5ac8644e3ecca2d,0.0010080645161290322
549636229f05d5f1d1cb529dcdcad7b5,0.0020161290322580645
3879f033faea3155b00ebf9058baea4d,0.004032258064516129
4b4dccc5d4080606450101341ac8ae4d,0.006048387096774193
da1b20e58b7e9560176f5aec01c1e65c,0.0010080645161290322
c079fe7168044d0f6d3c79257f23f0c8,0.0010080645161290322
8ad378abcb92de86ff643bd183fbd361,0.0020161290322580645
1644880698fa8485676bac29357ebc73,0.0010080645161290322
9cb43bc83cd03efa32da88ea5101cb1d,0.0010080645161290322
61b2de2bf9c67b0100c5e7801426af4a,0.0010080645161290322
15dd83460074717cb57171578115cb49,0.0030241935483870967
d82d556e7836fb5c8a72d8c34cbb340e,0.0010080645161290322
f39e6c429f9de4dddf00afe17c6673ff,0.0010080645161290322
750bdeb49fc921cc72cf418abcdf06c2,0.0010080645161290322
502485fada76d727c8ecbec64fee485f,0.0010080645161290322
dc71de5699caf915b3d020610363706b,0.0010080645161290322
a071712cc96487b140a2d60df08e30e5,0.005040322580645161
b1662e15cb324812b8008e6838bca92f,0.0010080645161290322
0fcba9c36e84a6c2ba9969980b574f47,0.004032258064516129
9abf8b365827b16586bc5ce3f858600e,0.0010080645161290322
4346a6922b0879398d3ccb8f0bf224a3,0.0030241935483870967
cf9e97f3eac6176395b88bb3e5bfc2bf,0.0010080645161290322
4b20e8ee08b2476b9e194ed6095d25a5,0.0020161290322580645
2d61aa5e6f63245f488b8c5224e01de8,0.0010080645161290322
61c346c4d0be6ba3c6c638662969921f,0.007056451612903226
98007084f80e6210ac9f60e5468b73d1,0.0010080645161290322
63489612e1c2198487d488fcb521d413,0.0010080645161290322
addeb86f6b46d4556379c14d5f8d4875,0.0020161290322580645
89b6b04a3366e7410020869c1136727e,0.0020161290322580645
12d3298360a992bd021d9368a1056847,0.0010080645161290322
13f6df0419102b79086e7a3196f4c366,0.0010080645161290322
ede239cc42c0e45614e6541bcd51e195,0.0010080645161290322
d7719750d510db9fb9d4b71705667cd9,0.0010080645161290322
10228ac9f58eb01ab625d903dc572c5c,0.0010080645161290322
6521f8137e1f62e34f8467f43249db56,0.0010080645161290322
20d486e5eabae416ab437512188bd6af,0.0010080645161290322
a6ff747b15d519fdbdedf20dd5463dd5,0.0020161290322580645
9e1e903c027937c40ee90ac87fa812f9,0.0010080645161290322
b8bed300082b96df1f7a7df4ddb8810b,0.0010080645161290322
ef75f5a159d0f9d9f71dc65f4f20e000,0.0010080645161290322
559384982bda88f700e2c096819f2ccd,0.0020161290322580645
97955207b9f8f4a7af84b06b4da83eaa,0.0010080645161290322
cabd8b25c696fadac36f4f772521d901,0.006048387096774193
d1934663caf0b2922bcac3e4eb8c0ddc,0.0010080645161290322
4b699a8bedc285a84672e709e0eb3342,0.0010080645161290322
8e3e17d4e8d087a1387ce861eb7e90d1,0.0020161290322580645
2cca78640b696dff36e5306c973bf487,0.0030241935483870967
f6f5781111fa04b88de70bf8d1a90636,0.0010080645161290322
7e97d4ff3992711026d76524c2b4a145,0.0010080645161290322
d7c6bb1506d9127f0b2b1a983ad8abef,0.0020161290322580645
326af335c1083a14fb7d2d0c056cd2f1,0.0010080645161290322
7049ba86c32bc96cd92af0b76eaf27b7,0.0030241935483870967
a33846ac40f9e168cd2b343d1fb6edae,0.0010080645161290322
63a8d3ab5808fd6f2c9f926dad8a653a,0.0010080645161290322
14b365628ba051ed3de0361821c0083e,0.0010080645161290322
35d26c30a025a6d1bdb23df7f98c11aa,0.0020161290322580645
31bd41bdea7af0a1a9596480fa40fa81,0.0010080645161290322
df71ce75392ea4f40307bc00175b25a7,0.008064516129032258
77c95bbf3328211ba9f4f31db207c158,0.0010080645161290322
e7eb5cb1a485eda14cb4739552428d23,0.006048387096774193
3f6ba233b33623c68829960ff3499224,0.0010080645161290322
899ba5d88bae28e9b8be6c9bc260d1b4,0.0020161290322580645
571a9c17ce529f1df2622f6bcfba5efd,0.0020161290322580645
62886e47268beed48bf9b01b73f9e11d,0.0010080645161290322
2b9ec97ea0eb55081376aef2522a0899,0.0010080645161290322
9fff64b0f67bdd7806bcacc4a966ba6b,0.0010080645161290322
51cbb4fb2743bf936a3590bb0fafd3ad,0.0010080645161290322
71ffb73415e5a7ec24faf815e787ab41,0.0010080645161290322
ea237413bb13daf9d1096e81d1c4ceef,0.0010080645161290322
77b352f2820d554222a121bc8bce0171,0.0010080645161290322
d981c4351b889ba78a18e15b6309bef9,0.0030241935483870967
0cbc4431f8e1ebdb5502cb5698338bc0,0.0010080645161290322
58a659d2aa157b1e59e6db69cae2e4bd,0.0010080645161290322
c6032cb34cc3dcfb016c21017f30b5b7,0.0010080645161290322
fe066d19f7923d239f246b18d3e5e865,0.0010080645161290322
eda83c3f6ed767adeacdc7b0956b208d,0.0020161290322580645
640830515e7a00aa323000f6066606dd,0.0010080645161290322
c33463b959e565b29057eadd4c89dd77,0.0010080645161290322
5914217497c044507e5df59ebeb86f25,0.0010080645161290322
51f8ed1f70076008dfa71960c23c05b7,0.0010080645161290322
327ae3d9a7c5a582ea7567b518b7e5c2,0.0020161290322580645
ca4d9623de87b7156142b15024b81b09,0.0010080645161290322
f7465e5ad1ef257ebb00af035c584fb0,0.006048387096774193
5a15fc9e48987959fd57b35de9b62b23,0.0030241935483870967
f71ac02ab612ce83f4f8213990f6129a,0.0010080645161290322
52c61816ee69b51586569fe0e485c8a2,0.0010080645161290322
6d00aa8ad9ef5e65543d842efc5a5fca,0.0010080645161290322
da9e52ab1a3bd66d98dada0dcc84d19a,0.004032258064516129
a9a582d4673adb359027c2c2ab6e4f87,0.0030241935483870967
6813eb855abcab02a157fe1df6c8bf85,0.0010080645161290322
f51c398bf7ddefbb506a00479b7e191a,0.0010080645161290322
46e26818587bab288e3b4d74a26360cd,0.0010080645161290322
cf0c48045d6dd3275cd944d64e384d71,0.0010080645161290322
ea78d81820092387d03dc2945b6d237e,0.0010080645161290322
b4a223a9435bf7e53eb7d409cb76a7f8,0.0010080645161290322
dcff6c230d64c348459883efc1801083,0.0020161290322580645
0eca61cece4bde3866c471dd112e3ef9,0.0020161290322580645
aa9b56eb055af84c5d08c04563672fff,0.0020161290322580645
92b7586696a5c6d06d03bb5680e804f6,0.0010080645161290322
29bf67837613e046bb0f4676174ed391,0.0010080645161290322
cd11d13bdb57ec164d049209930a44fe,0.0010080645161290322
c1374ead92b9205a898f5bffc799bb8e,0.0010080645161290322
3b0a51d62de77f62943a003c80df7c0c,0.0010080645161290322
edc4c515ebb11d2ad662186960981fca,0.0010080645161290322
e414b94058fa286d78e26b019cedeebb,0.0010080645161290322
32fddf6e770784e05c635daad9d7a16a,0.0010080645161290322
4ec8eedae86eb9ec26387e8ce5d8ca4a,0.0020161290322580645
7db8c31179734c72c1a8f398a7d9a5b5,0.0020161290322580645
a5fed50b3431625eaaf69d41f93e3843,0.0010080645161290322
a6e1cf1dfee104a067b734e3c9013549,0.0010080645161290322
aa1467077d6600e92abe3cc457c65b39,0.0010080645161290322
67481cc3f2dedd11aeb130d3112324e8,0.0030241935483870967
9860c6d5e91d69932827f316751960af,0.007056451612903226
eeb9fb0b69ebafb885ada0236d1137e0,0.0020161290322580645
bcc5b25986ad6070fbd351d6109debe2,0.0010080645161290322
2bedb7d585ad0e08bdee6586e74d3326,0.0010080645161290322
55e2b1265e42abbcd097cb21bc9b090a,0.0010080645161290322
260b9241bbb2989911d6ad4ec986c876,0.0010080645161290322
86aee36e7e4e201249145d02603603c5,0.0010080645161290322
58b87be743e087ee413b40ecf080da70,0.0030241935483870967
65e7eec910a47fcfdd21e077fbe93fa6,0.0010080645161290322
50f78768492869af9aade7a601c7b64c,0.0010080645161290322
913c06893d03011b8e212b8d7b36882d,0.0020161290322580645
47852566144725295577e1f835031c28,0.0010080645161290322
b32f8e2e4e3047f70eb750bc194d40ce,0.0010080645161290322
0e12e4ec9cb143445c1f7ba2a2a1f17a,0.0010080645161290322
df378b9306ea050616b036d6c61353f7,0.0010080645161290322
5f42b14595ed85b123050691b7993e90,0.0010080645161290322
61fcf160beb9f744fa115e5b335c2b72,0.0010080645161290322
bd3e49ddc4cbb23fac6b239a81fab886,0.0010080645161290322
cb5ab54317d89e9348cce9f66ea5bfda,0.0020161290322580645
eb76b395215c22c667832d735f45d7f0,0.0020161290322580645
64341340a04dd446a5087846b6359ba6,0.0010080645161290322
726f6ee3c9c2df8c7c0311c5690f8003,0.006048387096774193
27181365ecc81cf41d72c2360b1c25a4,0.004032258064516129
24f9fd27a61d7cc4cbc1c09786fbed5b,0.0010080645161290322
4f8d28b02cc224b3b39c614dd19941f7,0.0010080645161290322
6ad0cafbfff93b32684493fe7368872e,0.0030241935483870967
4d8d100b65ca207f62c703a25929f840,0.0010080645161290322
5e815e7d8acbc5d9d179fc737293e1c8,0.0010080645161290322
852fed775fe94eecdd4271b00a6045b4,0.0010080645161290322
706ccdf84d6ae164fa07288ce8fec58e,0.0030241935483870967
63cd9ff4c306bd1542e8dafabdccfd0f,0.0010080645161290322
6dd8c472cff2d7f7efa41fd460822c37,0.0010080645161290322
17a2ddfb7c5229139e11badf5cdd2593,0.0020161290322580645
f6bba7a632122176316fd2244c3931c3,0.0010080645161290322
ea0f69ece2ca36ef8bb89ba40259a367,0.0020161290322580645
cadb0bd057ea4a473f4c86a0ddde1b7d,0.0020161290322580645
f84ef39e82fbf1b883c2cf24fd7a2502,0.0010080645161290322
8103e91b9da9c34728e34d038c327150,0.0030241935483870967
577bf0f0310114efea561def5f133268,0.004032258064516129
7345f5e41287c6ab4e044ee8a8459135,0.0010080645161290322
0984bc705ae085cb9cfac04489d1a51e,0.0010080645161290322
eefcf4f53b6eb7a85d576720095d46f0,0.0010080645161290322
e28a48c077bf7760d1d54970b57037d4,0.0020161290322580645
b7f16b7e552ded512d1aa494e3f6bb57,0.0010080645161290322
51c9dc4a8ec131e7a225ae0265a625a7,0.0010080645161290322
949f92f1f162ab65e46147c2e0105204,0.0030241935483870967
be1bdf5cc5482304bbd7a159b9005f9e,0.0010080645161290322
08bd315e9c748353b3d18f9d1093454d,0.0020161290322580645
a1528e468c9dbda3a9d5a08cd21ea8da,0.0020161290322580645
35a86efb51f6035d8abfbc1762d84eb4,0.0020161290322580645
5f72e188e69819ea7287cf542651d511,0.0010080645161290322
d35486cde83f66bb3387fd43acf64e66,0.0010080645161290322
a18498eccee829544a4aa4776496bfed,0.0020161290322580645
2234ab5ef2e0344d1ba9e0aad10b4906,0.0010080645161290322
cb7ad88a94912ad4116f0184826fcf21,0.0010080645161290322
11037427b3203b8b893dd3f6f564055e,0.0010080645161290322
7be0ae1dddbd13d0d20eba58a48eede6,0.0020161290322580645
dc105506c2fd87869c72f5ced5424a11,0.0010080645161290322
67d98fd9ed71bfc169d9ed1f7cf79834,0.004032258064516129
1453ceea62f5b66e7218af9e5ac4250e,0.004032258064516129
9bdbd8d666751fb5cf48a0f3fcfa1385,0.0020161290322580645
decb11d23f38438261563ce7eb48c970,0.0010080645161290322
93ada658b60a7d7974f61b532763e5d5,0.0010080645161290322
f6a4da42b61ca708f82e7958e778cf51,0.0020161290322580645
db2abeb202e37b4a818db1dca75d2db7,0.0010080645161290322
39516bced954a2482f478c698ca72a2c,0.0010080645161290322
f5e6c913b7b4a66b84d9bcdf2194f681,0.0010080645161290322
31091ee5f03e00d6a8f6aea1cfa4497b,0.0010080645161290322
685a034e0be50c13868b3f059d3acb2a,0.005040322580645161
84cb00438d7524e25526db7c83a1bd7e,0.006048387096774193
73b66261af9b918d72450b5fc7cea40f,0.0020161290322580645
c2775817e9fb23b08613ab86d9700f10,0.0020161290322580645
34623bf334118467e411e17b58667957,0.0010080645161290322
cb74aa5127d05f4f63c1b4ec8e125c14,0.0010080645161290322
6c841177f850654f4000b7628c33ca4d,0.0010080645161290322
bd3c3b55bbd939fa93d018dc6a4a4e7f,0.0020161290322580645
a56b4d44041f65951ed6995df85467c3,0.004032258064516129
666dea306a8d6c69a5554006a6bbb014,0.007056451612903226
18443b20cbb454791e5f3d364608df8d,0.0020161290322580645
3b795722c6cf226eb2f8d72495aaec38,0.0010080645161290322
9964c504a0b7da6aa150376a625cffa1,0.0010080645161290322
73387cf1b3cd32786685a475ce4c0bbb,0.0010080645161290322
501ab2ccf065a62102ed221af28f7712,0.0010080645161290322
838bee84211812c5904872304bcbb042,0.0010080645161290322
16eacc180b2e05603ea490fc51341464,0.0010080645161290322
73bdf64f34764d2d305977d9bd8a6c54,0.0010080645161290322
a9b1f37ecc5d03a273a74f80f38e89f1,0.0010080645161290322
ae2abf94db5d783ed5dd097e42b2bc6b,0.0010080645161290322
6c729d61ceb7fe5ee0149e3f21028d67,0.0020161290322580645
0eba7b3f8e89b026d7a267ec83b7c9b2,0.0010080645161290322
d51ba0f086e86e9fc5c455b776a69fd5,0.0010080645161290322
6274f4532b840aa9cb7e11cdffeb947d,0.0020161290322580645
d9fbe109e9c1e04b21280dbd68d0646e,0.0010080645161290322
1ea7704332926d692cb3bbd7e6988286,0.0010080645161290322
33b7ec80d3c84419a4e2cb6cc8bdb41e,0.0020161290322580645
c09c77f61ce29bbf6ddb903cc15e6c38,0.0010080645161290322
cb79e8e97cf4888b94a400259352a6f5,0.0030241935483870967
b324cc06bd1f82c12f2b362e23233ab6,0.0010080645161290322
c64aa321a3065e345dffc6871d203216,0.0010080645161290322
5d56c93468db148423465ed27ede8d07,0.004032258064516129
8b5819a6f56d56f9c97259711c2a540a,0.0020161290322580645
0c64fcb96c9bd4a46605c89ea7987fec,0.0010080645161290322
2e257531d134183611bd3e979dadb9a0,0.0010080645161290322
8cb517bdce0252aeea1af048a66975e9,0.0010080645161290322
b6cbd3241232b89d79b1010e58c89c2f,0.0010080645161290322
9637992c49fd042c812bd96cdbccc8bb,0.004032258064516129
c5db0b2637d4fc850665635a1b4e95bf,0.004032258064516129
a35f82615da9a08952f5a364863d7a5b,0.0010080645161290322
c7df7718ce1c696c114b74eea4e7603e,0.0010080645161290322
de249b970a0627498279b85c25bac5ea,0.0030241935483870967
075e5b158c2d9e82b41ae2c1283b052e,0.0020161290322580645
9c0846d1fdcf321ffa6e47fdb4a9e56a,0.0010080645161290322
ed359a2407b2ca10646f03d8714727b8,0.0020161290322580645
ff16e8ab38529e65dbdd97b22cc6069f,0.0010080645161290322
6af4faf27eac9f5770c4d8cffd23a6c6,0.0010080645161290322
abe853183a3c6771f334d6812a4429d2,0.0010080645161290322
7d05edab80df03e72e7ce9d717454905,0.0010080645161290322
467a3c140974b0865382c9b460703274,0.0010080645161290322
d4791278b6467eeca41220c693f7ce32,0.0020161290322580645
a712bb04eff8cd833733e72d58aeb152,0.0010080645161290322
6f2261cb45804727f1c4b34d13c53161,0.0030241935483870967
66be826fc036b7c2f2924d1b158bb485,0.0010080645161290322
d3802cbc1277e61fbcffc4c408e2e665,0.0010080645161290322
3851ec5e89600f4f9460bc9ba2ecd82a,0.0030241935483870967
533092b63c3cc887792d2573cc97ffce,0.0010080645161290322
49c2a1bd68cec443cbdbac8531893040,0.0020161290322580645
6b5fad6bdb5f1a135010205866d9dab6,0.0010080645161290322
605e81eb674b7e28a2ef1b19a20081ab,0.0020161290322580645
2dd30dd1045f91fdca4b90e1ebfc1a84,0.0010080645161290322
5497818e60fc6e06b516b85e5af82eed,0.0010080645161290322
d880e08c81064e8deb08c2a9a6cc6bd2,0.0010080645161290322
035e66b9550565c3e9e2fb8969e2fe68,0.0010080645161290322
c0c472800275175231b8ea708190ee94,0.0020161290322580645
5470e3ce41fe87d04c385687edf20183,0.0020161290322580645
6936a09f64ed222fb6d59e553280d1b8,0.0010080645161290322
2e2cbd5311737c4c1b7429bbb5a5de63,0.0010080645161290322
da88646f4794e5736c6ebc1a6a6e6212,0.0010080645161290322
5bca584ddbfea5d270e2f7499a4179d9,0.0020161290322580645
97285af4b7f040c715079b1b8753d878,0.0010080645161290322
4cd54d5745fa78251279646aa9666b3d,0.0010080645161290322
285323c4ba49ce4487a97232603a3f81,0.0010080645161290322
93cc47b28182c1a8687e931c860bdc03,0.0020161290322580645
924733fff6f9888fff80281426d95cd9,0.0010080645161290322
466ed629ed53064afe8bfc6189d1b8d2,0.0010080645161290322
c3bcbfab872a556c5eea3fc422cddb9a,0.0010080645161290322
ce198308a51d2d82512deb9cbcf110fe,0.0020161290322580645
325b85245510fdb8cbcabb9db0c25698,0.0020161290322580645
a5247083655f4c613f6b9bfc5d28cf94,0.004032258064516129
91b411df42c212ec8fd5cc3f297d76d7,0.0010080645161290322
11db1fb38d0e69b88b2a06682232d03f,0.0010080645161290322
c08f6da7f797b39155972089b614da50,0.0010080645161290322
4a5c4f221f175cb657a13bbcbd1afd59,0.0010080645161290322
6dae39d6f8b252b81f64591f052bab97,0.0010080645161290322
2ffdc9b49c2b47eecb34a3ca6c144382,0.0010080645161290322
f9ee8f6ce8bc8f0bc9e0eaad4d9eb511,0.0010080645161290322
8fc3066bad9789b0e673f5575f9007d2,0.0010080645161290322
d8d2bf2a1e5124fb60fab31181e833ab,0.0010080645161290322
a252fdeaa0ef71d697759c01f7d021d8,0.0020161290322580645
a33a81f5767471e6127a2d4e7bd1c250,0.0010080645161290322
2bf1396bf3be6176293d1de88804f1e2,0.0010080645161290322
04090d1ddbcd9117be31c764d9b0269d,0.0010080645161290322
f8682c30b893aabc225fbf7e3930e791,0.0010080645161290322
2299d456ace81ad13f00444e5add1041,0.0010080645161290322
6dca77a7e9d8e8c0e4516445aae0c42e,0.0010080645161290322
533fb055940ff814e8dcab104e49afea,0.004032258064516129
2312825c89b4daf30c7ac72cf2eba7f3,0.0020161290322580645
287a2783d0bb76996f8f74b69abf6b0c,0.0010080645161290322
68c1617a63de697d593a1789bf24784a,0.0030241935483870967
0b8343615724a4b571d4edd9369caed9,0.0010080645161290322
11c7bcd95d88f73eaee5ac3852f5610c,0.0010080645161290322
058ccc3469279ff6b994003f9c21bdb6,0.004032258064516129
2c582250a2b1f38fbfc1d89ab74d002e,0.0010080645161290322
3ad72f7f01784354a04317b544f3c495,0.0020161290322580645
ee884251944c558e8c43b75db6b27f8d,0.006048387096774193
47f0385a0c1527bcd8e1c4c1e7b97209,0.0030241935483870967
59772cfe6de10032730a1cec52b51f32,0.0020161290322580645
bb0ab64afba3acc409a5de5220f51b0e,0.0010080645161290322
6d9c74af300126038b76d8bd2cfbe06b,0.0030241935483870967
b890b0283db69bd3229f8403c8d23a63,0.0010080645161290322
c124144d8401d57826c548d49716594a,0.0010080645161290322
38392482096a6409d16c67f6e9a7056f,0.0010080645161290322
16a283d6a5cd2c328067ce230b8f316b,0.0010080645161290322
3c45412c943f30aa3be753a5d212a5ed,0.0010080645161290322
f829e1a1d9f724ec657c525ac844bac0,0.0020161290322580645
360f1df67e29459a89c88c539295450a,0.0010080645161290322
d549a375d6587463cedfab66967c455e,0.0010080645161290322
0e76a33218b6ec78d67cd94534db4ca2,0.0030241935483870967
3c588b13fc50e4d3f9b7b1abe1838165,0.0010080645161290322
aa3cbe592472b1cbbe7247d2cf09b410,0.0010080645161290322
e882df61550f612329ca5aacb8a26be8,0.0030241935483870967
1df44ab1f8979b9bff1d8c04355e30d3,0.0010080645161290322
04368887d8327901bf3309c2ded5f58c,0.0010080645161290322
6560231d2bac010d66993e6c989a868e,0.0010080645161290322
e09975e3c75552917359678544aa4bcd,0.0010080645161290322
838a08d88ba93e50cadaca622144217c,0.004032258064516129
8f3000589df8b43e4a7d3df2ceeb36d8,0.0010080645161290322
7400ffb7cb9d754d15595b3083c6262c,0.0010080645161290322
157a9175f700436c04928cdc076bc08d,0.008064516129032258
f25fe1cd7054cca3e2e0c2c8291d43f3,0.0010080645161290322
2758ef664287c48234869807f95b0985,0.0010080645161290322
7f6c4f5cb9029e640e63ec93a4c6bcef,0.0010080645161290322
83364afbbd82253d1961f5ee9b71899d,0.0020161290322580645
bbb0f92eccab4cbeb76c14db5bcc4fd7,0.0010080645161290322
c686b9f4f289154e60fea9876c319c47,0.0010080645161290322
ef20a97efd662463693d2c9ae188937c,0.0010080645161290322
b77846337babc856ef04b45aef2d110f,0.0010080645161290322
792bb3ea87a4acede51b47f9f05fa51d,0.0010080645161290322
0dfbc1b870403d7b139c0db6dd60d9ce,0.0010080645161290322
06eea90b680cf86cc10bc216262d901e,0.0010080645161290322
1a839c7d0f3f23c2d778125c9331156c,0.0030241935483870967
15b56cabf10d73f0cc9ee58785dd050e,0.0010080645161290322
8cca574c2b25613cb1f8b0dc977c7778,0.0020161290322580645
86ce89438a2cd515b104503f726a10b0,0.0010080645161290322
93bb17180268ac13d47b019c5db8271a,0.0010080645161290322
853ba05074f731a79d1efa1559092664,0.0010080645161290322
44021247ba25cb8d5121b37c0671af23,0.0020161290322580645
90719a61a52ee8aa545434e9f1e2a4dd,0.0010080645161290322
d1087da5c4bfcc91f57ed4d9083f6f5f,0.0010080645161290322
2cae033285e97f0549fe3f63c280835b,0.0010080645161290322
f1e69cf0f0a176e6069b660746d45719,0.0010080645161290322
6fa0db4af29e9e89d8fd75a9236e9a64,0.0010080645161290322
7f69978e6b013cd72911cb9fd8f6263e,0.0010080645161290322
c5ab146cc631937f94d611e7d13a1777,0.0010080645161290322
3a96a2526d77ed0d9e8cb30528cf6213,0.004032258064516129
4f7830565701fdbc1d8b781dbeb1817d,0.0010080645161290322
3f6c45001fd40e8b6f9d0558539fd820,0.0010080645161290322
34bbd9371e3da1d57a7bb41aeed86760,0.0020161290322580645
5ba6d0477b6487ce0c7549c997ba2b7d,0.0010080645161290322
390f8329d044546488e333b269711f4b,0.0010080645161290322
2677844555f25e717c16beab874279d5,0.0010080645161290322
54dd3494957562a42a2146e3d526ef57,0.0030241935483870967
d14ed4296c04ffc4cafdb08446530d73,0.0030241935483870967
f1257e5676c89a67348061a7cca03563,0.0010080645161290322
200d0f10df4741eb03794056f07d8c8a,0.0010080645161290322
2326401bf6d95cd5f300d5a1cc8898d5,0.0010080645161290322
4d62aa402967dc8cb42322bc29d0e896,0.0010080645161290322
f609a7a60f9d78d21f9d3344dd463ebd,0.0020161290322580645
31d0dd1ebd7057fa399a56c0f02f57b2,0.0020161290322580645
af880e30226d00a1d0600529279fbdfa,0.0010080645161290322
d26d2f4d79e1050b7ec4b21e94e9f233,0.0010080645161290322
f7bd2b5272910e70bbdfdfae37e2c0c9,0.005040322580645161
71bb035b49cf7262107c268f7ed1944d,0.0020161290322580645
e3aebe8c92ec42afe87716fabd879911,0.0010080645161290322
a726b7467687d6b151d753bf5e42f68c,0.0010080645161290322
cce23d9eb8bd9363562444e6067074b7,0.0010080645161290322
bb695ecd552aebd2167ecd9ec81ffda9,0.0030241935483870967
02d76fdf413d74893698831847a0bc20,0.0010080645161290322
72bca4b96c65d56b27a20f9fd6500cc8,0.0010080645161290322
3f54618710e03bf1e78b57e14ca8775f,0.005040322580645161
173379d1c4f9ba5df2151291d045287c,0.0010080645161290322
d90bd382d3a71f721a5eb88fcd66576e,0.005040322580645161
d032f7cbeb92d5c010a0c43faf7d2959,0.004032258064516129
09340ee92853f2fcb1c505abf6410459,0.0010080645161290322
bd93288c824d95e22d978b4c7499eb97,0.0010080645161290322
6806ca8fa574293f5060da6b272253a5,0.0030241935483870967
004e67d8853bfdc42aedb2ca975ddf2d,0.0010080645161290322
f2eb9eed6e2d4259bed5a008e84482e6,0.0010080645161290322
7f6438f69e2824b6bd499dc4aec6e001,0.0010080645161290322
5c1e8e25db2cbd1fba62cf4b7c220bb1,0.0010080645161290322
af32f6aea9296dfeaeaad0d4222c6c8b,0.0010080645161290322
245412fdc129cddfda70191de29e4273,0.0020161290322580645
0086f1afbabe043c8f1efc35f72b412a,0.0010080645161290322
c7a8d7527b3be636fa5888e3d1877e46,0.006048387096774193
dd298bfa0f7caae96da4cf8851e50fb1,0.0010080645161290322
d16eb76e45b66d105b545d1b2cc0a0a2,0.0020161290322580645
30bbc23e08c2ef41f325871500a95dfe,0.0010080645161290322
ea28f843f0962949a7b82a70b75476fd,0.0010080645161290322
57f9d82d60f344a529c43323994b915e,0.0010080645161290322
3050301366e264c5eb759a56eb258b9e,0.0020161290322580645
8e97095db4385da06ac23f35d3351b14,0.0010080645161290322
694900fcbed7e71398601f2f21a17e8c,0.0010080645161290322
116ae1508cf4535f5c0e7b574fb78e4a,0.0010080645161290322
d0c46db35c2c34bb0167690f021d4a49,0.0010080645161290322
3411c6f0ef979dd02ca479cc0c882d1a,0.0010080645161290322
ecc877a3410d54ea784131356fe5ea73,0.006048387096774193
304eb00419ac142af4d539452e08a22f,0.0010080645161290322
f5f0026b28269bc2e88bb7d2a03e3dd9,0.0010080645161290322
d45427230647f38a956d6197339efda5,0.0020161290322580645
8700c7e2957be57c4a6850218d98ab78,0.0010080645161290322
458a7c084163d6b446ffa6021a55ee8d,0.0030241935483870967
e5c6ae8fed1b11cca6a3b5eb76011791,0.0010080645161290322
4d8b48ea7d9b0ffd01bec0da81b5bec1,0.0010080645161290322
6d071505a5088f95d3b5b3b0264900c8,0.0010080645161290322
24831c51341168c1a0ce5a09f36ad90a,0.0010080645161290322
f9310471165483ea1703903b0dd9d424,0.005040322580645161
e0a827c971e9c6d2f0a03c4e50061df9,0.004032258064516129
cba7d2a649e62bef06a52fb512a0cd06,0.0010080645161290322
82c8a6ee2d851a6902a251448449a323,0.0010080645161290322
758c8e2ace22c92bf8c77beb7692e9f5,0.0010080645161290322
bfda76bf07ee21fb1ed3f7fa3a855644,0.0010080645161290322
f03a11d48b30d493f5a5946b75573d23,0.0010080645161290322
8e8eb2017e2b876b72ed0ffcf240178c,0.0010080645161290322
e101c78e5b43e133b61e890f7267d8ba,0.0020161290322580645
af4ab848e321a946db76a789e8d559db,0.0010080645161290322
0f37db687d568c81fbc1064ab5cb3b24,0.0010080645161290322
ccc6876e2a4c481ab420fb5a65aec9dd,0.0010080645161290322
30d16a0cd15abc3079e89b7205675c53,0.0010080645161290322
a1fe87e73b39bc3a5c4f50b3ce8436a3,0.0010080645161290322
02b5c4d60a21942899511ccc670fed8c,0.0010080645161290322
1644150b400136c091846a9301f1c380,0.0010080645161290322
cc6120eb992777db1f2f52e156eb30a0,0.0010080645161290322
fe9e39be2900324a3eb7d10f8c866f8a,0.0010080645161290322
d5b4f33a93b1580c123d306690d0ffb9,0.0010080645161290322
bc4ef1437db3ecc5024cfada611c2623,0.004032258064516129
80a2c13464f846e571e3ab6174840049,0.0010080645161290322
db55976e91a1afc30b3f1cfca9519b47,0.0010080645161290322
8c9a06f8f1bcd1779e9c4983fb30d2ce,0.0030241935483870967
a3c2c4a4e8fdf47ff2fe7ab57cde9deb,0.0010080645161290322
20b611ad76bccddef71db1f1d96477b9,0.005040322580645161
af9add8d5ba40c4f6808a9a812c2875d,0.004032258064516129
598bf9dc46b6ff149279b9f2462f763f,0.0030241935483870967
3c3322d629eff027a645f7a651cdd817,0.0010080645161290322
fdd0b7565510afd1a51b412551a9459a,0.0010080645161290322
b251792aa622d213282481b4a85eb78e,0.0010080645161290322
af7cad737bbcf63c5b889dd188d4ea64,0.0010080645161290322
2541034d6d470b52d3c2aaf7eb56bdb3,0.0010080645161290322
dfc22e922191c7795bebb5584b45f688,0.0010080645161290322
2a2f2ae982aa4525bb6839ae637acaa5,0.0020161290322580645
fdb526511dad09285a214e681620fe42,0.0020161290322580645
df42f275b38bcfa446834976eae442b1,0.0030241935483870967
645c9357477dbd46a61dc6d922b2d066,0.0010080645161290322
23d4c7347cf0c46f49d9677e6d61ac94,0.0020161290322580645
9d6e6215010b4884d05a695cbcc4842f,0.0020161290322580645
eeeab6f80521705a712eb4fd4b0e5b8f,0.0030241935483870967
b32d83cde6774ab833546785f992dfb3,0.0020161290322580645
4ba75345bdcf434ba6b1e89dc24832a2,0.005040322580645161
acc8fe299375c513901dd579034006a7,0.0030241935483870967
6c515b0e81650b5d02a3d95ca789ba5f,0.0010080645161290322
802bb43224290c3ee41f76b2571ebe3c,0.0010080645161290322
f01a849343877aa6007b58100d917a93,0.0010080645161290322
245a680f47cc8bb1d7d8ed6fb34972e1,0.0020161290322580645
d9ee8f2b89a17c6d1a0ee23245d6ecd9,0.0010080645161290322
e6803c7c2cf871b4530b39e6bccc3059,0.0010080645161290322
b06420f3e384e4feaa01483e8ff63140,0.0010080645161290322
49aeed93882fe15925ad1b8ca3e6521f,0.0030241935483870967
58383ef8287c3b6a09e0a9ec37e204d7,0.0010080645161290322
49ac6dc217c97620e68c5ebfa8bbb9e8,0.0020161290322580645
259f280e1c6da4f90a44321775bec121,0.004032258064516129
a2a597aa98c622c5f984b3f302ed17d4,0.0020161290322580645
f4542b2bb720a2b576b3059e3e57f969,0.0010080645161290322
d5e7a8ca7d782bc34f231c941d3c2acd,0.0010080645161290322
74e25c3dde96d7a58225ff9dff2dbd36,0.0020161290322580645
5a74d6b5e44b89fa48b595cfda11382d,0.0030241935483870967
900a8a3f32eb23d621856b1c2c49766a,0.0010080645161290322
2f4eaa0822e3722065d9a42fdcb267e3,0.0010080645161290322
a244fb1b86b0131cc2158377abfbf39b,0.0010080645161290322
5dd6384b466cfba4a65ac6cd989e1910,0.005040322580645161
7836759b4d364ed2f5277274f5a1d847,0.0010080645161290322
b3c700b7cd4f8129b46b16163d92996a,0.0010080645161290322
70e2828a552a559a7aa3ecc008bcf090,0.0010080645161290322
097002af9f3aaeceeae479537909237a,0.0010080645161290322
29e07094ac14a1e5fd410f6d3232ae9e,0.005040322580645161
a251069e80c0d9882c01e225ae05f5a3,0.0010080645161290322
6b76ea5c61a60d1edc1cd99f77ebb966,0.0010080645161290322
0732f90502bcf5af38c25f6f5f7675b0,0.0010080645161290322
5d15203f6a7431c2907941e501a1ea19,0.0010080645161290322
d3b2ec11f54ba0c81cf35bb728035c40,0.0010080645161290322
4cf292e19d9ea9c7aa9e999cb06818bc,0.006048387096774193
087b3f305e654d7438516d114dea5b99,0.0010080645161290322
ec80d1c50ea04efd780ad85332b511c9,0.0010080645161290322
a14981206f372dc8f30ffcea1a3a4cd5,0.0010080645161290322
5930319f94bd8443c6f0cd02f4b68b59,0.0010080645161290322
898d74ad3a901bf374914257b5f6d739,0.0010080645161290322
c393aff9765b78a1057ab4f1205d7c06,0.0030241935483870967
4ec1554b31c295bca16f85867c7a1127,0.0020161290322580645
b9907190ec9d5966a1ea461bca7c8ebe,0.0010080645161290322
8dcdce4e4514178dbfac3d76aa902fd8,0.0030241935483870967
68e20cc026cbfaec867d86ea85df1f93,0.0010080645161290322
b2ffcfe8e8568cf2817ca16a053af7a0,0.0010080645161290322
93bfa27009a4a467e9e9b9b1f1ca1fc0,0.0010080645161290322
61802a4122419f1a8132511db2e8580a,0.0010080645161290322
280eaa710812317673710bae3ab4b7a0,0.0010080645161290322
560d0489bb4a1bfdc1be68d7b01e2df4,0.0010080645161290322
b4a45afa6bee3851f9681ffd928e77c4,0.0030241935483870967
c356053c3f5222fba306eb5948af152d,0.0010080645161290322
537c68f8cce6c8e28b9348ff44795b4b,0.0020161290322580645
3436dac7b7b9f4fe313b7862cba83c9b,0.0010080645161290322
73b6e4e1940a47227d538a1897f63f1f,0.0010080645161290322
79da49a0acf8a366c478258659eb87f3,0.0010080645161290322
883acc08d54d3234bb22e05518418aa1,0.0010080645161290322
72604e4fb4aaa99340f97cc43f4bb546,0.0010080645161290322
ad80c0a2f38afe10751ea840ab554c0a,0.0010080645161290322
fceafee6598d5582f56999674845d12c,0.0030241935483870967
bf78ae3f74048d0374f8a79085bf1eb6,0.0010080645161290322
50da0bee5a5d21e97b84de3757944017,0.0030241935483870967
4fe874484fdb6abf0ff330e9242bb647,0.0010080645161290322
4355b78364e270c4bdb74c4a265270ed,0.005040322580645161
7d5a1bb533b4048a51e4528aeeb5257d,0.004032258064516129
d19b839aa7b61cf88696ec9e4519a27b,0.0010080645161290322
3ddda403b8bf527c7983f6a2b61699e4,0.0030241935483870967
be44aa660d6fd17386defbfbe88f1686,0.0010080645161290322
f6d368ad0cde787404467e75ece06745,0.0010080645161290322
531fa35cd4c72d644c149f14884eade8,0.0010080645161290322
ad7da12025be30a40b97176f44ea0baa,0.0010080645161290322
e61c2667072823229617f0774bf2c372,0.0010080645161290322
00ebc56c363d78b3d8c9ef863adc7916,0.0010080645161290322
cbd827c51e6c7141eae566e7e03783f6,0.0010080645161290322
df6dcb95c7f71f4809559aa0c5e71f0a,0.0010080645161290322
26cc2e79d1063d60398044e0738fb594,0.0020161290322580645
22d00026b522dd8ac0d672c77cc861c5,0.0010080645161290322
0e538df15a21f9b95f5f801be9559a6b,0.0030241935483870967
dfcd955ff15ecf9916f5c045f3d02f99,0.0010080645161290322
3bf4164b4adf1536fe2fc6a3b30f6262,0.0010080645161290322
86125a778ebb1d121d124d922286f662,0.0010080645161290322
6c9472f5eaccbd8b67a748860b9f0b6b,0.0010080645161290322
04b9a5f4d9aa360d3b0ee99043038a2e,0.0010080645161290322
65689054d2dbe9439b7484778478ab9d,0.0010080645161290322
70905d047d7db27bd57dc51c39e0fe36,0.0010080645161290322
8e98b999a6b9c93fc4d9178a0f1af0fe,0.0010080645161290322
666e7ea24d3cf9ee0f2036324eebdff2,0.0010080645161290322
d890d107ccaba96bf214458f943b97cc,0.004032258064516129
92460066faddd83314cbc2348bf4fd29,0.0030241935483870967
adae7dccd40717d90d6b828061e2640c,0.006048387096774193
fcc51ea7df79752c3284d9ac1018fbb1,0.0030241935483870967
e33aa6a4e38d33115ee1c7e0ca8b80c9,0.0010080645161290322
58cb25e829b0f853c897471551d2a326,0.0020161290322580645
9c46aaaf03242077fb9a638f818083c3,0.0010080645161290322
b55ab4374258592c29252e2a3d386be1,0.0010080645161290322
ff1fb81121e12e91c49afe7cab0ded9a,0.0020161290322580645
2548232aaa9a5ef1d192d391b6c044d4,0.0030241935483870967
bbfcd6a2879bcb3f2e4edfc4f03c7330,0.0020161290322580645
4f9eed9f1e501adf13267acb0fcb271c,0.0010080645161290322
8a3366fa86270be21860ca2f8349313a,0.0010080645161290322
6312108deed66b1a41268ee367670f12,0.0010080645161290322
a4e3c4670582850046c5b8861bb2b55d,0.0010080645161290322
d08d5c088b19b2afcd1ed4511df976f3,0.0010080645161290322
aee7405a5c75aa589b8050953cd03357,0.0030241935483870967
fab1c6083ae7688a4febe0545ea3c1ef,0.006048387096774193
202c34b20983509cdbf8d395d4c618f0,0.0010080645161290322
c2f78c591b94b9254b9477704c4dc021,0.0010080645161290322
f9241e11f6dee2009d8f95f2e0561252,0.0010080645161290322
c2ef80c8ec3ec631f475f63e0e4f4d40,0.0010080645161290322
d0233c18f72dd335d72f64868eebe0d6,0.0010080645161290322
ce50af36492037848d93a23f141b1d02,0.010080645161290322
39d7e9952529d1551e8800298ecdfa1d,0.0010080645161290322
cb24f12dec840d9ce8951eb384d02932,0.0020161290322580645
66127b1730c816b3e022c01fcaf024ea,0.0030241935483870967
0400e180c59cbebd2e1e74396ccc1c46,0.0010080645161290322
0e786f7e472bba3dc5f130c181495be2,0.0020161290322580645
c887eec22e201ad6ef0737a55efe4b00,0.004032258064516129
e79722c460e3d22f5fb903a2b0c7dc8e,0.0010080645161290322
e21d9f482315985036cf80d1b20de58b,0.004032258064516129
d6e05a6d3758825de22adcc9d9851b18,0.0010080645161290322
9cbb1b723b81e717909648fc427b72db,0.0010080645161290322
ef0c84e7f010dde33802016473560541,0.0010080645161290322
a95c96e20dd73a892b11053ad9b8480a,0.0010080645161290322
a5df379e780a28590331fd95b2b9e4d9,0.0020161290322580645
075ba1f81b9010ac5a2fe51be3c52d48,0.0010080645161290322
d08bd878e6b8b124a60bbd45ad182677,0.0010080645161290322
72e05842827c7584905ea88d57d2985f,0.0020161290322580645
ea6d3c8f110252b05c69b0c513896fd3,0.0030241935483870967
e9410544f753201e202855a078ddffc5,0.0010080645161290322
7ed73dc47a63b39820e44cb579de4adf,0.0010080645161290322
79ab463e34d6f3f4d56100cc6843ae89,0.0010080645161290322
0fb74fe087211afb1f33f639fbcbe74c,0.0010080645161290322
6179f3c4f43f0e253b973000d9aec09f,0.0020161290322580645
017f87d72292776f6be2a87b17cd78c5,0.0030241935483870967
14a590aada99107f65fbee46a1e1e306,0.0010080645161290322
89fd5a36081d7f63710410bf8d26ec0b,0.0010080645161290322
5ddeb6fda26614c298d6299d2ce6e013,0.0010080645161290322
60ea639472e671fa4fba23d3dd32c2dc,0.0010080645161290322
1cd0a8a15f589d5a0b437ae95c19121b,0.0010080645161290322
0726b91446b9ea56d10f71fdb2c42606,0.0010080645161290322
855dd46d3e82abf19e221fbc789de068,0.0020161290322580645
31006641669c603984af492138b00383,0.0010080645161290322
821ed26e317deb0784e7c3738cfa15f8,0.0010080645161290322
26f3490154fed69a169b500813ebe119,0.0020161290322580645
0a441f243df916096a04a62a5736a2cd,0.0010080645161290322
f04a99523583bc5b69a2a0c618d3daf7,0.0010080645161290322
af63f1a7e32e455a0c5ec1755f7acbc6,0.0010080645161290322
9f36a09bfc43e924a2ddadbd8205aeb6,0.0010080645161290322
d213f55b066d42f6c6fea9f1d27582c5,0.0030241935483870967
c205ffcb4812678f6525c429b961b233,0.0010080645161290322
9e12c0cea2f7f88896b62e957f01d344,0.0020161290322580645
48f43a362588c3a9188472dff7aa970c,0.0010080645161290322
34a65b68ee0d98e56380179c09668374,0.0010080645161290322
ff242def91e10fbe92c922347a628bcc,0.0020161290322580645
bd1767fb1bb464f0f14b8c9a25934fca,0.004032258064516129
af56b5f2c585151a8a8b3981a04ad137,0.0010080645161290322
75c3baad5f5880a4917c19052de59720,0.0010080645161290322
8cfbed91412f01a2f2d8e5f8348ae900,0.0010080645161290322
b91fc20ba7e8335b0e75ffc5318af220,0.0010080645161290322
1832aa2f960c8793e1bc6f7e6e6619a6,0.0020161290322580645
1fbdf4a041fd07021ffa3ba84236e4f1,0.0030241935483870967
12ee256cce46447909ca53c08ead1e5e,0.0010080645161290322
221b91e455d7a76d051dcc821f415231,0.0010080645161290322
a4321561417e1444f51e2683540ba283,0.0010080645161290322
f3a5aec9d1e3d9ceda277d739619e956,0.0020161290322580645
c9749cffb0577a7f4b25d29ce3b82cf9,0.0020161290322580645
ca347fffea18f4328e0f5dfbc5e5e92d,0.0010080645161290322
dffbee7dd2da730a3d0cafbf490d4f5d,0.0010080645161290322
569f0cf4cd49dbc935f64c0ec0e12548,0.0010080645161290322
a01bf879f1112a2f51b7cba394f282a8,0.0010080645161290322
8f6ac4753aa25f20e4385d4249467f3b,0.0010080645161290322
9adb1bd63614fb20354659328379bb3c,0.0010080645161290322
ea1e5e4dfe3fa17572e1e4185fadf8b7,0.0010080645161290322
ad6e4bfe05d93f9ec066de9de1a6bbf1,0.0010080645161290322
025bfb3e81ab89d7d3dda61a99bda629,0.0020161290322580645
33abd6cad50a94b9d2d98d066cbb163b,0.0010080645161290322
b7ee3882a27bc0e11a3aa3de962292a8,0.0010080645161290322
c7c46ef1d383bcf41fdf365b4e7f5e85,0.0010080645161290322
d3e4cd174989f9a819132ab72064ef16,0.0010080645161290322
b622356345f06b1f83831add3c69892b,0.0010080645161290322
49b598ee692e26f72e48ebb9198104dd,0.0020161290322580645
050a05bbb51de1b95915739843de9bd1,0.0020161290322580645
ce30b52e5731a83557470b140b4680fe,0.0010080645161290322
5ee1ac15d9a63c2b5b4c82dc51cd7a24,0.0020161290322580645
2f5a49e0d19039c8999d146e670ce160,0.0010080645161290322
566386aac2a2cebb37d4458e8ee01c21,0.004032258064516129
8f2f2bb45e42f54e026cfd2154f920e1,0.0010080645161290322
0540892501fcdc17cd13c19f72d475d4,0.0010080645161290322
31c8deb764029cc17fffe2736b7e0343,0.0020161290322580645
8dd0e7bd0edba8fa44dfe69bf4fa9c53,0.0010080645161290322
5cecdbc283deeb84c5f682c2bbbf8699,0.0020161290322580645
b8950c715aa4289376ee52e7eb20dbfe,0.0020161290322580645
beb27b10e5a8156376d786e902023eb7,0.0010080645161290322
49554560c45f7df9e907fa6cee2dbbc9,0.0010080645161290322
ccf4b60a33e759c7f57f635fd6c99f0b,0.005040322580645161
001a1e8e6ab370a1c3a841b5915e48cc,0.0020161290322580645
dde7ae01b6a3d7cdba14fad6dde9b47f,0.0020161290322580645
e8cdc0562dad8d9d4cfc2479ee241ee1,0.0010080645161290322
8ebaa7924b2e9110c1a27c1f771fda74,0.0020161290322580645
2de9ee790b3dab676c0add25e97a784f,0.0010080645161290322
11429be99c9673277b0d3e196c3c9290,0.0010080645161290322
73c1b3de68edf6ea94e6254bdff9cf68,0.0030241935483870967
9669a5159f1aec0186eb06df5c9c0bc1,0.0010080645161290322
003e9b54375c537dcc7c7f305f89901a,0.0020161290322580645
9337ebbb22249f6cfb380d62b9c08c0b,0.0010080645161290322
b30ace9688c1113f04f49ddc3ab7597f,0.0010080645161290322
24f98c73fd766986bca21072b53a98b1,0.0010080645161290322
f8fe8a4cbad41cd8f23e2e1c96bdd46e,0.0010080645161290322
1b060d0a408c66799cc0bb0d6b2d9846,0.0010080645161290322
69006b5d7578ecc0274d01b38cf2e885,0.0020161290322580645
92ba66a23d359a504b9e6af10c1edddb,0.0010080645161290322
2ecd058f40e3b16a978af43848b1a07f,0.0020161290322580645
9879fbf0d4d5f969049ca4dccaf1ad16,0.0010080645161290322
c9eb28313718088b39ea836085d3fb26,0.0010080645161290322
560426b84e309ed13b5218850cc45953,0.0010080645161290322
1e55ce5144f783eb4a87bac3590dc458,0.0010080645161290322
e0a919bc199acae72e0901f29329c394,0.005040322580645161
7fb439b5a7e5f8c1d14f4ff6c272b9c0,0.0010080645161290322
55461b2da84fc31b63f5ac9081494065,0.0010080645161290322
f2b445fcd0bdb38217a85802697f82ef,0.0010080645161290322
d7fa4a243b35d6511fe5cd28668168ea,0.0020161290322580645
a704dd4374eee70050137d2bd0e588f6,0.0020161290322580645
63007bdefce8817188acb16ca941dff4,0.0020161290322580645
5eda750c56c95a0a471407dad63c4649,0.0010080645161290322
864cd6d99ed42c8e0ec468e55b5884a9,0.0030241935483870967
c6cf5bdb67691e0ac89f2151befd90f7,0.0020161290322580645
d5aaaf27d6eb5c30120c2eda8632fe67,0.0010080645161290322
e9f4da64ecc3b4b6c74538ce633017e3,0.004032258064516129
e9f00cfd24e589488185916916561397,0.0010080645161290322
7918323ed7c6d6fce3208bdd9b130ee8,0.0010080645161290322
52e82a7d365dbc4afb8f6bd4f5522b2d,0.0010080645161290322
2e289e723f67c7b78459b4f40cb860ef,0.0010080645161290322
91c714eefeb01d429d9f59dbd0f183e6,0.0010080645161290322
73d692b06f9d426ecf34645653ee7f91,0.0010080645161290322
b406550b5466be14e909b5bc5db79fda,0.0010080645161290322
47109d8faff58e5832f0c9329432e0cd,0.0020161290322580645
dfabe1e915b6ab3c04abb0b46deaa350,0.0020161290322580645
15a987b0c49d524f6051497d0ef339fa,0.0010080645161290322
0775625afd691754d128dbc4dade2d74,0.0010080645161290322
ec8f94b18beff1a6e9e39bbf14892965,0.0010080645161290322
5aa44f749d12c6325d19251c0055c52b,0.0010080645161290322
751fa8e0753bc74867775cc4b5a5f549,0.0020161290322580645
ae2c0d378a9f406c78b4f60f48cd14e0,0.0010080645161290322
eba89eb61c60d3dc063b0bb088cba181,0.0020161290322580645
81d59c52f4f0a0b94624aedfd296e809,0.0010080645161290322
3a3541ab5103ae57349bfb7f3c9ddc64,0.0010080645161290322
256e1e280407682a3a6d6da844f6ba2a,0.0010080645161290322
f1df75cc61c9f4fbaedc6687bb4d55ab,0.0010080645161290322
97e833cc688dc0855427ac299da5fccb,0.004032258064516129
81e91c343ae8e5431a5e333a8c7c1421,0.0010080645161290322
1bfa6612fb1bf4e91eac3d673968649c,0.0010080645161290322
dea7edced32a6ad2fc0f1b8c6e63103f,0.0010080645161290322
6faa7d8601aa45f8c01fe9a35007e8e8,0.0020161290322580645
ec9a59ef3724162b2c1ea389a6560635,0.0010080645161290322
f323fc21de1130b052ff0c1064c51910,0.0010080645161290322
338d41ccd8bcb1ada8abb0fff7303023,0.0010080645161290322
1572dc7e290c21f72b757f0468dc3a13,0.0010080645161290322
a5fa99aab4ce1dfa45751b0a7ad76bc0,0.005040322580645161
452416e3c51834debc88727a25284f88,0.0010080645161290322
c9d7150602e6e149bdab8864eb3d207b,0.0010080645161290322
f86c9c15263f83abd399729c3fca590e,0.0010080645161290322
782a2eba0bdbce6032d2097536207b5e,0.0030241935483870967
cf3f4aac4c9c32c6d4e466c04cb9d85d,0.0010080645161290322
172f39f78449629dd884fdec922b1a1e,0.0010080645161290322
9a12d6feb273fb305b231be27b377a02,0.006048387096774193
1f982b62b3d278f92eb3007e366fbe14,0.0020161290322580645
ee048465375cb1fcdda4d7f46287a356,0.0010080645161290322
62b55cd79be8c97c9f9a92de15814f17,0.004032258064516129
34cb0553b0cb58ad3f7319b368596c14,0.004032258064516129
3e869787744747d7e5e5746dcb660839,0.0030241935483870967
00065aca1878dddc0c90cf80c3e4d13b,0.0010080645161290322
5b886d1d871f9e52617a5dff2e69edb4,0.009072580645161291
0224c971027fe853cae4863dcecbb308,0.0020161290322580645
636dbbe0855ab471767e768a62ea98ea,0.0030241935483870967
a39d06eb9af4dbd0727cd7d6fb02b87d,0.0030241935483870967
d4e086357d58aea5db54a18d551c00ff,0.0010080645161290322
c2d9490bc87675e99b7f433a2d6207c3,0.0010080645161290322
4698b8302a0a694dc16120934746a1ca,0.0010080645161290322
777cdbe7264353744280fb845e4a41ca,0.0010080645161290322
7617638a4cac535e09a04dc594574130,0.0010080645161290322
86f9ca8aa9f44ed1b8fd08a2cd0ab790,0.0010080645161290322
3336d0b971780bb0b03b7de2caa8d72f,0.0010080645161290322
6d586b11c9026d4e1bc100a850200dd7,0.0010080645161290322
ff6aab9330abf17a24499b240b2d3a9b,0.004032258064516129
a9c1fdc70f2c07d69e181169f86f4071,0.0010080645161290322
c53110c2676d0bc203943987bcab50d4,0.004032258064516129
755d2b5e6fe1ecaaf4073090d713a899,0.0010080645161290322
bd823ec8c6fedc6f4ae435e62290a59d,0.0020161290322580645
461b926000ad6ece691917c2c8bbe7ed,0.0010080645161290322
4fb943f417d19e33dda51f10dd277521,0.0010080645161290322
a27e4f1d033637b8e914f12d9759811b,0.0020161290322580645
f2f07d19b736bbc654d724bc4e5dc185,0.0010080645161290322
d5c1b96792fa65c63e4fa2d882a30580,0.0020161290322580645
2d09f29e6e562db4f2b59046f351b0c8,0.0020161290322580645
943715c9f82f0a2f0f77c619d4254b34,0.0010080645161290322
69ef0d44ad91603de174ee9a8c8d7e8d,0.0010080645161290322
2a1f28aaa6ff6d6fe496257d2698365d,0.004032258064516129
05571dfee45a2e8b847a1925db051a26,0.0010080645161290322
f810056ff21041651f7227779ccb8ae7,0.0010080645161290322
758ebd069f0610ff061fd605c0a6f1e5,0.004032258064516129
6b27d4a053fc93c4c353a3a37d04be2e,0.0010080645161290322
14eece6d9c4c1e1c88d8e509974d125e,0.0030241935483870967
d78887a71e8ddb524ccf19245e016d45,0.0010080645161290322
48b637cef491da87708ce7e65a962f6c,0.004032258064516129
51364eee8235975904156ef2700a676b,0.0010080645161290322
2c620a7647a5e8a879b4707ef7bbc57d,0.0010080645161290322
6cb96867b14a58cd860c2dee0b3fa662,0.0010080645161290322
fdf98421cf12fc4d9385e212ab911353,0.0010080645161290322
201e6e53490bc1b6dc6085c0f4d3a2f2,0.0010080645161290322
b4dcddb0bbec19eea82d1b5f72ccd4aa,0.0010080645161290322
3251c868f2be7a2299490fa9b9aa6965,0.0010080645161290322
2ab472bac18d486469666c2204b70a7f,0.0010080645161290322
2290072b22985947a48613abeee9cd41,0.0010080645161290322
c5e0b733dab0a137f52b146660fb6eab,0.0010080645161290322
d3c25f1329eae0637ee5b3977f245fb5,0.0010080645161290322
7aeea099d385f7bf4cc6379811d9a54f,0.0010080645161290322
408875b09d86234c725e02298fb88b84,0.0010080645161290322
9d3fb5324c71d5056e59a14ecc96fcea,0.0010080645161290322
bf0c866a61f218a779ec3727d8fcb69f,0.0010080645161290322
8e69c297ca6086c6e3bca7ab0eb2e87b,0.0020161290322580645
a7a9916a0bfea4d8f476e75cbb649ac5,0.004032258064516129
064c000bdac386b3c76f6c32fa109dc8,0.0010080645161290322
9dacb5ba8550b505c75a07434e30f2f4,0.0010080645161290322
c4ebee2e2b954987a83d7544c447c791,0.0010080645161290322
facef6745ce6bc76635d90e8e50f81e6,0.0010080645161290322
f4470bd8607f29e0878bd15b327b11b8,0.0030241935483870967
95f161083ddcc1deb2aa1d53cc388ac6,0.0020161290322580645
98a9044b9e4bdac9e349f058fc6f4e82,0.0010080645161290322
7e0aa85d817d89115de21fe8e0772ee6,0.0010080645161290322
77eb964bf51b8c6aca81516c26c120cc,0.0030241935483870967
70c9437bb1fda6d1f8fe5d414600abcd,0.0010080645161290322
a075a86772d7b8c9f0f0a1089d41d82c,0.0010080645161290322
9d99a18d87e21ce2d6b83858f4a90414,0.0010080645161290322
fa33b4f93c7b9495da9d170526c178ea,0.0010080645161290322
4233449320dc8ab489517f3917735cc8,0.0010080645161290322
ba0f2ea438f5aee8c4b997e60aba6829,0.0020161290322580645
a63b7330f0d7a430aac193b431ce6a88,0.0020161290322580645
21f856dbda7ea7a92b0f8baec30462fe,0.0010080645161290322
38ed019e1a20152def65ca46f1cf7cab,0.0010080645161290322
151e36556a57dabe193fa3ccdcc61879,0.0010080645161290322
d7ff456a022c270f5339123efafe6ae4,0.0030241935483870967
f01936d60a1cd7c819e42dc15e57e4a6,0.0030241935483870967
df808c2d340021dede14c69ef4fba4b8,0.0010080645161290322
4f8111f9620f669313732238f7ca07d6,0.0010080645161290322
ef5d41f913d169d6d7f3e3ac3e6f2dde,0.0010080645161290322
446be136d8a93ddcdc3b33dfe78d7144,0.0010080645161290322
61d86df3761fce86f3d4cad3fba0019c,0.0010080645161290322
d5f9c4bb4602027e5f9d7914d6248f9a,0.0010080645161290322
e822912b23f72c224bb4dc3ecdb690de,0.0010080645161290322
654d7ff086009e859175f439081dbe25,0.0010080645161290322
d36ca3f64a3ed77a51716ba172209f69,0.0020161290322580645
51fc51f7e7881837afb27ff1d89ee301,0.0010080645161290322
54c8871f8066ae5e9e58b09606a95bb8,0.0020161290322580645
18c890b05ec7d656ea35b63084d50f0f,0.0010080645161290322
e9eac7e52907a0b73aefdb9e6b996562,0.0010080645161290322
782cf5d30bbebe30910c20e592b9fa21,0.0020161290322580645
f5894dd72ba9f9963b33c5dfaa1bda18,0.0010080645161290322
91d8814275768efaa1297ab07c682ba5,0.0010080645161290322
181abc86f7f3f18aa8c69b8cba3d02dc,0.0010080645161290322
952f6ed89b78cf9843abc581914b644e,0.0010080645161290322
a8ae4381c2c582ab91b4fea8d6d5579c,0.0010080645161290322
b6a09caabf89594ec3bed92319ca1f62,0.0030241935483870967
bc06f908ccfe145a81bb83215ced9ecb,0.0010080645161290322
334f0d974a333d811ccf1446c0e587c6,0.0010080645161290322
dff0316c974197d0cc54128cb086402d,0.0010080645161290322
cc43199189d271db3c989becd8080caa,0.0010080645161290322
3d7e0eb879711372970a6d5ae7e533c3,0.0010080645161290322
a678ef6003277f4f8128de6c49819905,0.0010080645161290322
60475e22cf5c1af113bd16d2c1621018,0.0010080645161290322
0aacaca76935e8660c725f2bfe927511,0.0020161290322580645
14cb4a054357184f5a863b4d642195cc,0.0010080645161290322
28597221a3f790805801ac40249d8f68,0.0010080645161290322
84de20562ad1d5adf5b4108f10047247,0.0010080645161290322
806ca49517f608f4ab233702ebe7621b,0.0010080645161290322
38617f05abf5e3b13f3382ad975f3b06,0.0010080645161290322
b02079bc2ba134d58d46df7d8bcaedfd,0.0020161290322580645
62dab61beeb4d7553a7e67273e4e221f,0.0010080645161290322
ec3a3f61a964e916e98b9b0d79095390,0.0020161290322580645
a3784c3ca12e41a5a5e5aa2d96947de7,0.0030241935483870967
0e008a0859ebeb3d7a4ebcbcdc37786c,0.0020161290322580645
f4289390c910e4eee340cd2f30eb4ee5,0.0010080645161290322
9f9ca34962abf4a2cbf6b888b3bbacee,0.0010080645161290322
3d06a32248498b0a6fbc085e4cc0c609,0.0010080645161290322
9a19b07d83d414df06e9a152284a0ff3,0.0010080645161290322
7674ce9ca82e5be82dd84d482a37af33,0.0010080645161290322
cac2c5d12728771e1809d6a0e7b7a6d9,0.0010080645161290322
911a890b39889643c0f0d38a9b791f70,0.0010080645161290322
39e4293585f01454b93d9d30d6307cab,0.0010080645161290322
d08b16e3d215586a08a3305e8a782fb3,0.0010080645161290322
dc4c9e7d5c34ea4bfc42723dcfd154d4,0.0010080645161290322
9511777d62096e458eccca456571b1b3,0.0010080645161290322
c4bb2d28b70e599874af050475465c00,0.0010080645161290322
5c87b6ded24946f93ba24a942fefb61d,0.0020161290322580645
9f227a69c6bc898206cbcf007cd3674b,0.0010080645161290322
4e05d15427e53c318caee090ea95860c,0.0010080645161290322
239426774d4bcc10522815f28e2a4a1a,0.0010080645161290322
b9a3f423ee4b6c3eae501a1c310f6fc3,0.0010080645161290322
48528cd7785336ba8d671a68798955df,0.0010080645161290322
1b610862a28e5802410afe43ff9b774a,0.0010080645161290322
6e457bacbcdfbbf3895059a43d9df04c,0.004032258064516129
2abf59671b180b3001cf4fb5cfee7a8e,0.0020161290322580645
c7b0aa8814b70654a21815ec0a3ca00a,0.0020161290322580645
07d05a9cba0df11f278b17a0ea24eed3,0.0010080645161290322
d143d215506d37019702a5c4036bb9ac,0.0010080645161290322
ca930924256247d2c3b300fdb96e8f41,0.0010080645161290322
a27e4089449026d3c99da89a8d616ec1,0.0010080645161290322
7958366b0be4dbe1d8d0e96fd3d3e9f9,0.0010080645161290322
6aca8f7e3069fd91afb9f7e14b3b0f8d,0.0010080645161290322
6c7bf1485be50c106c72a595a046e234,0.0030241935483870967
132f7046ca8ca63944d078da35c23c0f,0.0030241935483870967
90cca7f47b780ce9659cf97e703cdb69,0.0010080645161290322
d1b48318ce7539db8372d04744d4fa4a,0.0020161290322580645
cee55a8e8147da78c8bc18eae29eb9e4,0.0010080645161290322
51c535594e618dc41c5cd123bdb5604a,0.0020161290322580645
39fd786a5342610d228bd2897c36ef7c,0.0010080645161290322
df05acccaeb9ae83cbe3ebbf38e8d078,0.005040322580645161
6781e6855292e9914417b09583f6e9a6,0.0010080645161290322
d217ed308a709adfea4002ac80e99bc2,0.0010080645161290322
eed9fb5f5dc51eae78b9a10bc06dcde8,0.0020161290322580645
b24ed0fcecae3706dee7b4194b36591a,0.0020161290322580645
bedbbbdd2e1e413006899acb0c082ba5,0.0010080645161290322
ee69d051cde42e02d80f9774d62e8881,0.0020161290322580645
9df9636731fb3df891a8f556f409cbec,0.004032258064516129
09a59ef13a7389c6cdddb5a33afac2bb,0.0020161290322580645
48034cd50b7b43deda8513fdf089c6de,0.0010080645161290322
445fc2e3b4f4ae754005998248739bc5,0.0010080645161290322
c0f8f3acf306caddc862d433de0d53c9,0.0010080645161290322
6ee21dbcf098f95a6d942092ecdc9a62,0.004032258064516129
a014ecfcdb487a6906e46ec92d5f6f9c,0.0030241935483870967
2dbfddcf95bfc47852b982b8a9e0e6e1,0.0010080645161290322
839c365d8683093fe4da086245f96c90,0.0010080645161290322
088c19e58b3ffa1ab8bc1ba4ceb96d1c,0.0010080645161290322
733d3aed2a5f4c7935770fd461a0d874,0.005040322580645161
f22d49be290f9c765d04cd895edc365a,0.0010080645161290322
a7f2ae3bdac63bbeb3cf37c4f37e9fb5,0.0010080645161290322
c8d26993af2ad4352c58cdc716fcc774,0.0010080645161290322
aa9b295469e1b61bfa0a96b70b4e4ecc,0.0010080645161290322
b555d23333880e94d627da06c5f79679,0.0020161290322580645
85c3fdc2c9586df07581da1cd58264e4,0.0020161290322580645
88afc7d28ebff8d99531b1ba9c6e614d,0.0010080645161290322
fe04da4fad3e9f8ab77794fa2cb45154,0.0010080645161290322
12aafe5e6318c52f5a515026a35e191f,0.0020161290322580645
bcb9b81ce9c6daa3201e73384fa1926d,0.0010080645161290322
148c1a2fd34f105af06d691766c3cbfa,0.0010080645161290322
ad9eeedc3527e9ddc5274257aa139966,0.0010080645161290322
d37fb12f7082d1a59ca4fbc9a5e584a3,0.0010080645161290322
7e54570d21f03dfcefff07151a8c2d54,0.0010080645161290322
90dcc9756fdf7dbded09f7655021ef51,0.0010080645161290322
e245779507e75122bb936866fd8c7df8,0.0010080645161290322
bfc5083230b5676979541a4bf005e254,0.0010080645161290322
79fd336177493812c03b35773cb7dead,0.0020161290322580645
68d5d9279a2e5289b5da75b4ec67252b,0.0010080645161290322
5e8922b92ea07513fea026b452b70ef1,0.0010080645161290322
49e018707abb382ad3d1dea394f8ca40,0.0010080645161290322
f465422a297a5a4ecbb7fb3b21844513,0.0020161290322580645
d449c8da4d6dada8f5f4b2c7e6681e85,0.004032258064516129
da6059a0e6740564044eb0cf52bc301a,0.0010080645161290322
65d199ca5f625fe56761e52dfbe7d04b,0.0020161290322580645
ed541db926337c0d57448b28f752059d,0.0010080645161290322
0cbbb3c74e9f8d1e3b4249580d2ae01f,0.0030241935483870967
33dcbf849da1e6fc1118d404d5cf35ce,0.0020161290322580645
3e6fa1c0b90c862f97a8f1a33195221a,0.0010080645161290322
0ca6ed901c846af33f1ccb20ec7be1bc,0.0010080645161290322
9f266b729af2c262bf9068e1b011d861,0.0030241935483870967
7de626514cf6b040a77e9c39de589a5b,0.0010080645161290322
4a4317c8b5b2ebb1f45e522931ad12e6,0.0010080645161290322
0e043ffc1e851d4b0d40ad7be2987220,0.0010080645161290322
7e906d6a9e0406eecd841dd26eb7c2a2,0.0010080645161290322
62785c51d82672bba4698cf57534aa44,0.0010080645161290322
e4b26486d34e9970c4afc1d12d49ab02,0.0020161290322580645
7bd983efa7db760ee523e9b76dc5a6ce,0.0030241935483870967
f5080598ea174fc566581c1c6dacae28,0.0030241935483870967
822f3b660ff55aa293ce3db203b98cba,0.0010080645161290322
d44f935bc87e6b9b44d6ed2be44d9d6d,0.0010080645161290322
445e9f36a4378687839040130e96f45f,0.0030241935483870967
724713aca9d5f23c2473fc8aa862e22a,0.0010080645161290322
98b42ca9fdb79cac786e03e542448aa4,0.0020161290322580645
3df9d7e5ad103ece428a00970c91ca6d,0.0010080645161290322
80e58ef95b97a5af267121e4173c3b05,0.0010080645161290322
faa7ea5e3ad4c541fa36217a8a6f4afb,0.0010080645161290322
17aa22aeab4edc32b76e5fbc5ed53da2,0.0010080645161290322
0a4ca071ed11d47f8d5757ac1fe894a4,0.0010080645161290322
41f4d84c6eebca029992cd9716156c33,0.0010080645161290322
5a8d36c1e138e31bddc50c9e80817277,0.0010080645161290322
f3fab33e99083db823358b26ea3acfe6,0.004032258064516129
2c35b996e2cbcb2be3993486c05db26d,0.0010080645161290322
1a067bfb1279cf1d629e1d86d2f0cfe7,0.0020161290322580645
f257eee33224194d9462132aa6b40716,0.008064516129032258
3af62b44a723e4461442349e608460da,0.0020161290322580645
9eeaa282f5d652e319cd8d0da5c18fe7,0.005040322580645161
c8879d7eeea6264253d7c46ca8e8e435,0.0010080645161290322
730e9f8a3c7ed535159b7d2773dab7e6,0.0010080645161290322
f47540b5683dd4fa3f4da519a4d45cc6,0.0010080645161290322
62a3639414cd405c47b76cb3c52d3229,0.0010080645161290322
9cb21e16f7751e1190d76e7975f6588b,0.0020161290322580645
851f9ba3d65a6de26795744ceaea23fc,0.0020161290322580645
0214a787ef67a038744a74cc14efd171,0.0010080645161290322
9f67441f30e29738279ac5e7f8bd5873,0.0010080645161290322
cef0d880e1bdfbc6c54eee2229c98e8f,0.0010080645161290322
781f8b4db353305d802b2ea5a78b00b8,0.0010080645161290322
1133577fe1f37e846e50fb8942aa7a0a,0.0010080645161290322
5839e3cccf5f70943dcb33a350808aa1,0.0010080645161290322
cf725ae265cdafc926e7dcbb74249643,0.0020161290322580645
0b6e7618cdd8a5eafd581550e598e893,0.0010080645161290322
b8d95af8e9ae199b25aaaf036b74b510,0.0010080645161290322
b30a37f9f9943e583997f13c29683aea,0.0010080645161290322
28fb646c1e58b3d8c2fa1ff945a33153,0.0010080645161290322
7322dbe87f2fe109e851908347fdf298,0.0010080645161290322
986b975047cdf751d0d4b1cb5653b9df,0.0010080645161290322
3232924c25d07ab32c371935d1142d36,0.0010080645161290322
73a8f38995861bdff87aaf2fa093ac4a,0.0010080645161290322
eb8aaf6ada3f59e9272175c476749ac8,0.0010080645161290322
35a63ae6613d161d9a6afea426e86205,0.0010080645161290322
5ce4f69abbfc2468d4dab0e3ab45bf8f,0.0010080645161290322
67bcd992ff9a29a55f6618367890603b,0.004032258064516129
fbcf2d96d9a28af0f32d3f93dbcba6ed,0.0020161290322580645
99bc2ef697593c26c70cdc6f0d455a20,0.0010080645161290322
ac934a8545edb8563e912c1e9c84c1aa,0.0010080645161290322
602510f333bda9666e551383f7ebaf82,0.0010080645161290322
8ea8a2bf26c0be4a68e14acaff0ac697,0.0010080645161290322
044329cc0dc89f4447c784ac79813f4f,0.006048387096774193
a5430155951284dc118e2d834e7c1316,0.0010080645161290322
55888a39ed7fb42797aa8c4e9ec6f9d5,0.0030241935483870967
50ca53ce48e5f46f3223e8babb6cd24c,0.0010080645161290322
4263f8d6afdba65969f7a5b9a27a10dc,0.0010080645161290322
be823081edd54d5e50cdc1b3d07f03b6,0.0010080645161290322
702c4736e887fc48b002fb13becb26d7,0.0010080645161290322
9e515b0e971020df94c1e52dcc80e0b8,0.0020161290322580645
bd67e98e7c5bb710469494a47ebc9937,0.0010080645161290322
789ab9963b2f3876570bb1fb6605f18c,0.0010080645161290322
ef6f5ebb258d77e69ff02992d6a1f706,0.0010080645161290322
875245f9ed45336dafd80993d7989680,0.0010080645161290322
7d8657f932bcd44ffaa130704ab3a91f,0.0010080645161290322
60a04f4a8b010538ad0f93143dedf7cd,0.0010080645161290322
6f27483142a9a7f763f6422dd9996e75,0.0010080645161290322
faeef4aab6fa5b2a195bdfea0d71de47,0.0030241935483870967
612f3ae1efeb643d9ed17c44b8cee4ee,0.0010080645161290322
56543b99b546609596edf88f6bda872b,0.0010080645161290322
5999f40ec772e17a512c15606c1b46c9,0.0010080645161290322
e8f00baec59ac3013414b9af0382e605,0.0010080645161290322
04d2839dacf9a5709b5b6bf147510746,0.0030241935483870967
38ae301e01aae7242ec4dcbdf347158b,0.0020161290322580645
a47635bebc39d2523bf9e0e7d69c7a72,0.0010080645161290322
a08f5bf7100442e9d867c2dffc5c4146,0.0020161290322580645
ba105f77f921dccc1e276bf1a97ab134,0.0020161290322580645
d116d62ef0438a908a1878029761c4ba,0.0010080645161290322
263f1ab5632755e9778748c60a5765f0,0.0010080645161290322
cc198f18f0f51e564eb5974c64066895,0.0020161290322580645
a50af0fa764fcf9ec7bd6342850bb533,0.0020161290322580645
511e0c6bf335666eeda60503e7d68c6d,0.0010080645161290322
6c1502e37bafac7ee95121ebfa856717,0.0020161290322580645
ff2a248cce441376ad2a2c5881f62a2d,0.0010080645161290322
0b79fadfec501ab917aa3751ad05c7a2,0.0010080645161290322
e01eb27543287a2a33e98b790c9e6ef5,0.0010080645161290322
a16d26bbbbfadf36197d57aa96dcf8ac,0.0010080645161290322
c5f82ad52d5aab030d6048f804ea222c,0.0010080645161290322
494c07f2c12f85fec3b0d797ed3666a2,0.0010080645161290322
dee420951806e93673ee05281951ca13,0.0010080645161290322
a01c016a02b6f53a90262e90dce90783,0.0010080645161290322
5800b2303e45e98767f7a7c275e384ef,0.0010080645161290322
a00abcdb98f4acf374fbd38090cb75bb,0.0010080645161290322
c49e4d2d2633994a823d323555e06257,0.0020161290322580645
84e3255daa4fa931f575f964518916d9,0.0010080645161290322
93147d789921434d1cc3845982107d37,0.0010080645161290322
382b8c2211523d4aa58e7d5624c5d238,0.0020161290322580645
2745e24498de6933b8442101a2ffa369,0.0010080645161290322
e952df737ab4e22f14bce6ff8ca9eae6,0.005040322580645161
72f7d104e2539d92a425a679d1953ceb,0.0010080645161290322
fadc88148842fe45d2a0193e76498cca,0.0020161290322580645
7c303e1d9ad2bcd3cf3a63d865643859,0.0010080645161290322
57ac68243f2b2a8e2dd6c8ea108a216a,0.0010080645161290322
c4c3fed2a4cfd432674823573562db0c,0.0010080645161290322
67d34ee6c4afd5e8a8f3175626f3f952,0.0010080645161290322
f0a3badfc2d9c9ffd2e9f9d160267e6c,0.0020161290322580645
773b0bb11a0def436ec2b9b18abfb737,0.0010080645161290322
5027a15bbf2799775e31d49fbac8aee4,0.0010080645161290322
a3d2516d745e205c7443bb07b1f98af3,0.0020161290322580645
f9f9ff70ab1b540b0b8af3595ca227ed,0.0020161290322580645
e68635d706571b5938f7b2e6d68b9425,0.0010080645161290322
d61ff473e43635411db636ec2293c67f,0.0010080645161290322
db297643138e628d8e0863d88f006727,0.0010080645161290322
a8452e8e2f3347bd99ae908414c5102f,0.0010080645161290322
149b16c43407b8837627b5b7714458b5,0.0010080645161290322
28b643b82975ca7956bdf55ea367fc2c,0.0020161290322580645
4d24512a97f56891a841b26d6b71e939,0.0010080645161290322
7fde783328f705eac2e61052d861eacd,0.0010080645161290322
18e693389108713d4e78ccdc14eed2f7,0.0020161290322580645
362e14261d9b822fca0a8f34246ba414,0.0020161290322580645
898ef5c22fc5e52605763f67775878aa,0.0010080645161290322
ffdb77390398223e751dab4fdfd655e4,0.0010080645161290322
2c73a0866e28bb1264b183a1d62f9bcd,0.0020161290322580645
34552d0abbf6173be8c28d5ff4bdc11d,0.0010080645161290322
344ca222c6ac381b12d1c1afdddb2310,0.0030241935483870967
c512b6150739ef3ec5482af7bacaf492,0.0010080645161290322
3bb4e221a38a3a4c0c51d5d37bf835c3,0.0010080645161290322
3f41d1180d4e115ab7f5c878b2db654c,0.0010080645161290322
01215e34eaa1cb7292ca3dcec17ffbdd,0.0020161290322580645
1c28e97ed83f9fb54b12f929669ca658,0.0010080645161290322
fda12e11ad1795d1ca83a9d2d8a221a0,0.0010080645161290322
13728560b023d1acec8c8ed0ac0e5120,0.0010080645161290322
d42456974c158ca0e8189b2432adf7eb,0.004032258064516129
98ce2d48d0abe995bd26a77a0031f8bb,0.0010080645161290322
1186b6e02993c1b8946d8d24d585fc92,0.0010080645161290322
d235d76cac08b1b91a56fc4cdcf12659,0.0010080645161290322
3444bf6de36bd50330c85ec87f8ecb3a,0.0010080645161290322
4ff0d9343c71c10967e9cecece3422a0,0.0010080645161290322
474f2c9ec80dd1c13270b5784ba94473,0.0010080645161290322
83676e2a4878bc9e0728b2380d3ac111,0.0020161290322580645
5658343e1fa4aa2de161ac88d1f7d425,0.0030241935483870967
16f23cce7e2d19a59548c4b261d4ebc5,0.0010080645161290322
762172a12de97bb53b0e471dda2c313d,0.0030241935483870967
4c50f881f3e7ec80f023d3e7d27a5e1d,0.0020161290322580645
80211baaedf89392aec4068e040470bf,0.0020161290322580645
c014032dabeca9de2523bf882d0b384d,0.0010080645161290322
c1976a91168c56bc29cf5a06ef668528,0.0010080645161290322
3008f2b89da85300735c5e2db0039e71,0.0010080645161290322
ecef681c04c331ebc023875ff46843a1,0.0020161290322580645
f986f74c5f87110d5e0f2caf06449eb6,0.0010080645161290322
4826b7f1390904f7fa7b2c337dab5353,0.0010080645161290322
340b2e9db26d41a15a0158d35a9c2959,0.0030241935483870967
b3caa388ffc4227083a08b306a2e9e61,0.0010080645161290322
a51fe05c2d828fa26a420294fe52f28d,0.0010080645161290322
ca8765495b7c69252ac57e9628995f79,0.0010080645161290322
ada8b5c266092566b46c7f178390c3a1,0.004032258064516129
90472716c7b4ef94f6db5535aa000e7d,0.0010080645161290322
8c7d2940cee03ebd044a1cfbea60c9c0,0.0010080645161290322
b8cfeb805c5417969acd109b9d747cf5,0.0010080645161290322
fbc5524b2751a37f8dc64f19d9ced01d,0.0010080645161290322
a205ec605f3a756399bd2ee3d5702011,0.0010080645161290322
d59c5b6abcf9835110a31d94cc8ce1bd,0.0030241935483870967
69f5c31dc756693e2a90217c4c539b71,0.0010080645161290322
484cac379041f11f06f9f314468bd036,0.0010080645161290322
2fb5d8f89301515c3b79f43cbab75d68,0.0010080645161290322
9478afbbd472bb8d4c20eae1b2a3b162,0.0010080645161290322
cf5ac8f114165557297f0f4b23e1c107,0.004032258064516129
c91b7103abc4c427c1ccc0429f6cbec8,0.0020161290322580645
97430fc67d555801bbe1a110a28701be,0.0020161290322580645
3d0303545c9f52a868e5e608a51866fd,0.0030241935483870967
fca7f6d60e0be6b8df86538c1bd98b02,0.0010080645161290322
973de476c7912936c0fc93a009b478ed,0.0020161290322580645
ea399ab9811cc9f78b24f255feb8c5a9,0.0010080645161290322
82bc5a1a76065ee27321389f710fb212,0.0010080645161290322
b48301ef232bae7adf2eecfb37698f41,0.0010080645161290322
6932974058d9684033301a4bf9be48cc,0.0010080645161290322
17f18ba33d0b7082d12f9ed6c0bd88cb,0.0010080645161290322
d15c33431bde501246d25f74151dbf3a,0.0010080645161290322
8dba7b0c6d28ddc621b828428ae6e7ca,0.0010080645161290322
627d3eb769ccb43a6f00f9d079dd931e,0.0010080645161290322
20ee21aad99b94fc8964b722b9027015,0.0010080645161290322
3fb23b9ce0c18c6987987fc022f26387,0.0030241935483870967
8e13b09c1890c1c0a95b0285d74fd5f6,0.0010080645161290322
9d7942887f239ca02ba1dad739dd81fa,0.0010080645161290322
ccccdf5d44e3fb938e37bdf502c1c3a8,0.0010080645161290322
fff14c38c940c08c54e736a41d4db797,0.0020161290322580645
9b1d9c8186d2b00f0244665301c7f2d6,0.0010080645161290322
ae764adc2fa72b7b823cfcce4ec03eeb,0.0010080645161290322
8aad4458c5a68d65e98b991fd0cd2ac7,0.0010080645161290322
12b5c3872f083e5eb18882db138d5182,0.0010080645161290322
0f203534831019a8b6a4ed1a8b0f7641,0.0010080645161290322
463e1222d48c911ac3ac2add8956e4ae,0.0010080645161290322
535566ac8290e8db05e394bb92b4cc0b,0.0010080645161290322
00a0d9519600ce1866c974f8f455f891,0.0010080645161290322
f06ad9fce92d664707bdd4aa49da199c,0.0010080645161290322
b18803b5aa9f2c11406872fc0d1cb68b,0.0010080645161290322
4921fecce9f429b80f06fa02647a5a47,0.0010080645161290322
794d90cf54d596397c0609152809eae0,0.0010080645161290322
cb2eb11b221b11fe2e2cf429017fe7a2,0.0010080645161290322
317ff427cef959010a6d9e26a692a19f,0.0010080645161290322
36e46540840a79c98aab97b81cbd5af9,0.0010080645161290322
2e4415426a47cda502c378c45c8977d1,0.0010080645161290322
ff6845f5a86075bcd57a02dba26eaba0,0.0010080645161290322
c76d9efec241a1ce6732e3b832ac5d96,0.0010080645161290322
9505ab6e925af01b3bfb8dd5eba02979,0.0010080645161290322
f64968c8f10aed692e7939569a995fb5,0.0010080645161290322
9477ad1eadf2c34223243247aa0d036e,0.0010080645161290322
21686c2974c60e4c8715ba9a183fa4cb,0.0010080645161290322
5860321fb92926b2a68ec331d6d6c321,0.0010080645161290322
99e5de0c75805e2886b3a9b2a58fe98c,0.0010080645161290322
ac246304c5decc12ab16b97c29b6d05a,0.0010080645161290322
133893e89dd5d4c1f7f13e589fc7baae,0.0010080645161290322
6c914738851dcdb8ba4d11e6c992fc14,0.0010080645161290322
8ac276bf48fc88315531a11ef36c129c,0.0010080645161290322
9a941e962cf0ece69e364af97ebbc074,0.0010080645161290322
433d8ad01fdf6ed57d8f509a7d6bfe2a,0.005040322580645161
28324901adb7a6e0a91529401695a9fb,0.0010080645161290322
9e4ebf47c4604e85e027482c6e1c0cb8,0.0010080645161290322
6658741d0b4b167e716778b90d45e89a,0.0010080645161290322
2f86c56c31f88f4c2a170b7eb515a97e,0.0010080645161290322
3136e7abbba3816fa21dc450795be886,0.0010080645161290322
2680367588b8043a23256a05859605d6,0.0020161290322580645
471781cd99ac3010d5662e454fffa745,0.0010080645161290322
96fc63b994961305339f11033c9461cc,0.0010080645161290322
39c8a5ef10b0bcc6db60716ad61a745f,0.0010080645161290322
d594d80b3b0a5138425827c86d6df5c1,0.0010080645161290322
230c19abae42b91d86247119b66cf774,0.0010080645161290322
9569367e629e1fdb70b691387a4d8a46,0.0020161290322580645
de1e500b60d457e44df81af6d9019c2c,0.0010080645161290322
19acf0878469e14528a1b7de6562d2f0,0.0010080645161290322
bf2051a366f98761031686a20cdc1770,0.0010080645161290322
b9ddef0fc4d154fd0562b879d2a4a4e1,0.0010080645161290322
83dbf5704f017d19d04b5b7bb40a25fd,0.0010080645161290322
685e41d1597ead3fa8d2ad379e4c197a,0.0010080645161290322
1c71c53ad4004fa87d2aeaedd27a596b,0.0010080645161290322
d347c1447bf32176fe39343a92c1cf87,0.0010080645161290322
e0993dd8cc4dca057b3d41e6f49f23f7,0.0010080645161290322
0ba80632f3dcb3c43ef62ede329220a2,0.0010080645161290322
22c1aadeac5283a2e4eff95d3013f341,0.0020161290322580645
2434fc76a293ead5cd290b7fb263f051,0.0020161290322580645
18372b19d7c4205d13a37a06bbfbc96a,0.0020161290322580645
6bd71d50ca45dc6173f221106a84800e,0.0010080645161290322
c873c5e4348e59205370080bf1bd90ac,0.0010080645161290322
fd15870721d03e8765b77c3cf7e962b0,0.0020161290322580645
c45ebe82d94127aa425d34491fb0ae6b,0.0010080645161290322
e2c6fda9bf3aec4314d886cebc6af064,0.0010080645161290322
c23acebf09b0210fb254aa7379e0ceb6,0.0010080645161290322
7fc369f2b0fd5012653130b95ccc19ef,0.0010080645161290322
351af3e46c13aaff78ed98ef9307992a,0.0010080645161290322
bc304e0eb295ae10a9338dc24a2e9dca,0.0020161290322580645
43277bfa8476fac7beca5ccfd6a2677f,0.0030241935483870967
ddabc19911849fd066beccd72e195c1b,0.0010080645161290322
9ea1a2c63b128f7c9197a9fac4d8c86d,0.0020161290322580645
b6c9b2be48f78d4ea3258d46f9310381,0.0020161290322580645
f5b60708da7df441abd36a4320dbdd99,0.0010080645161290322
70b2e89c1cfe473c3bf961bfc7d0a17d,0.0010080645161290322
7ef7cf19e2ff68beb1699073511f69fc,0.0020161290322580645
f89cb3697382728ab7428c58abf23ed8,0.0010080645161290322
df5c718a8795a72e7d310065018cc176,0.0010080645161290322
44b9bd615b8342b04021bcb047a473f5,0.0020161290322580645
e7d38f94c67903772ba95ef746775959,0.0020161290322580645
d43ad42f3b1625379a2429c10f419eda,0.0010080645161290322
a43814fc681c82b7921effc6aaa3cee8,0.007056451612903226
b29b3a218b884968f2b6412f815312f6,0.0010080645161290322
9370786fd95470565ade40c119018a6f,0.0010080645161290322
e059d17ae67871049d22da633bee9fd9,0.0010080645161290322
ef809df1cc40796c13f410adc5558860,0.0020161290322580645
601f07672b86e375f369c2171c6cbdf2,0.0010080645161290322
bd73b249fb3d1fdaf4672eb41184efe3,0.0010080645161290322
5eb2330dfc2ed5d6a58d8cea78a94c49,0.0010080645161290322
2990644b234f2c14b4844b387539cac9,0.0020161290322580645
576c47cbf35b8e3f62dd2bdd42f9b7e3,0.0010080645161290322
29f3041b36bca3c610f8b159e77a7ba4,0.0020161290322580645
bead08ff436ce25c8f86dbf2dc820286,0.0010080645161290322
47545f9343faa165838eecbeb802a461,0.0010080645161290322
1c4d8688da6b08db70b5bf788698ef98,0.0010080645161290322
60515c7a5e2deae902fbeb07eec9bd0d,0.0010080645161290322
acb57c46179cd0873719e700ab4433ae,0.0010080645161290322
76844f6bc6dfaee7f699b220dd670bbf,0.0020161290322580645
cf11ee36d09f234cb058e50905b4b197,0.0030241935483870967
ed6876d2233f5b3eb057f4745c9c6cd7,0.0010080645161290322
144465df801ecbed4f51a7dc6bc033c3,0.0010080645161290322
615685b7f03118021a8c7e6777882ea5,0.0010080645161290322
6d862e6874db193cdc6a0dfb9fb55d31,0.0020161290322580645
df238b9eef8a75c8119cd0be0d1ca10d,0.0020161290322580645
a685caf91fe8bc0e3a8b82a3ecfeff49,0.0010080645161290322
e5c80be508188f95b307d52717e2a3e1,0.0010080645161290322
bb8dab4e7e674d6fb805b7bd07b73674,0.0010080645161290322
126f82c207ed740a29561656aa1af047,0.0010080645161290322
dc3c45e64406363724d5a8f82e9cfd1c,0.0030241935483870967
3d5beb709e52ff2a4825e93aa4702e82,0.0010080645161290322
be8bd479ad3819acf01d772e6fc661cd,0.0010080645161290322
ea83759bc89019e72677ca9ea330aca7,0.0010080645161290322
59e90b7004170025b4fb26d31ffc1dfc,0.0010080645161290322
4e6af2397dd07edd27be46973d1ba884,0.0010080645161290322
0bc962738a74e6086fcceca7ba3a47dd,0.0010080645161290322
3278c8cff8ff23a408ac03c8d2aff32e,0.0010080645161290322
0973dc798c1af4b40fbaa2bcf3fdf7f2,0.0020161290322580645
0f68c9a29c7d8fa3c9c9aa99fca4bacc,0.0010080645161290322
a991e8f2d6f23eba78649488559fc8da,0.0010080645161290322
82cb46c2c23079ee42bc7e3085adc5c6,0.0020161290322580645
bcf3e0e661b1a719f40b1253c5e156e0,0.0010080645161290322
75dce56af2d7607b9d85650a316a39d4,0.0010080645161290322
3d0652d608ca84d63750dba15a24aa13,0.0010080645161290322
ac4a054afc66d10564a4dda1d9847012,0.0020161290322580645
1f78c7c87c492d8b55a574b052c4018b,0.0020161290322580645
06174957038bed143bf48327c5ec6a0d,0.0030241935483870967
5e9d6b46ef51ffe6345483410a2f139f,0.0010080645161290322
8e7ee2a4cb4780d50389858d0f429737,0.0010080645161290322
6d8170e378d44c5fbdbc106c3951d728,0.0010080645161290322
698e95573b5bd1655fdb00687857bafe,0.0010080645161290322
557c543c78b4eff81d411ce9cb82e824,0.0010080645161290322
783a6ffecdbbd1413131053c90619c8f,0.0010080645161290322
0ede24135d3f666cf595662d472cf39a,0.0010080645161290322
383c33b571903fa96b7c15e34378ca07,0.0010080645161290322
8bfed29154aba1351b38065796a2db54,0.0010080645161290322
93d93065e049a885874fcd736c31eda7,0.0010080645161290322
217c4758f648292024d28a5b8da3d841,0.0020161290322580645
35e7f29da5c4aa7246ffee908de7d3f0,0.0010080645161290322
6cb2be58e81854a66f30331b60898daf,0.0010080645161290322
22b83ec9518f1b9280981cc192288faa,0.0010080645161290322
d249abd49d7443c47684b78f0de51cc0,0.0030241935483870967
ab031e6a91aac5f992a4a11d664ccceb,0.0030241935483870967
a915232e0c5bfb3cb5620e5fbc5d982f,0.0010080645161290322
44bcc3f2359c9fddd2cefaa298b48012,0.0020161290322580645
02967bc2d41ee0fe65ba53db5d48d07c,0.0010080645161290322
e2cb397ac8c75217cf424c44125ef523,0.0020161290322580645
02246517472ffc056ab40d8b2a048ce6,0.0010080645161290322
588b860f8df496132918bd09bec3db2e,0.0010080645161290322
12be85b8429fa7e8299206d7716bbb11,0.0010080645161290322
10c49b4b5e7975245c59692b05ef1604,0.0010080645161290322
b13a7a41eb33eb0c244ac43b57913eba,0.0010080645161290322
11b21c7f71591dd1570f9717990ea4c7,0.0010080645161290322
93ab64918094a5981dd618fbd9816fc3,0.0030241935483870967
19570d7d5814d0397abced49a744b455,0.0010080645161290322
51e7cc09c2cf639cc46058461fb1e29b,0.0010080645161290322
b8dbfeb8e601f23e4f370afc687f231f,0.0010080645161290322
bdda06e611e9ebef351c712f5dfa9d3a,0.0020161290322580645
1007a2cc25efe12c05b57346a676e574,0.0010080645161290322
7b3acc8e3dcbc5afcfaa0a58b956aebb,0.0020161290322580645
1c63f87ee530939b13446f720ddc8c04,0.0010080645161290322
e3db59b9a6bd5a4948c73d5834c65b9f,0.0010080645161290322
8d16227d9da6884500f7a5e2c44f547c,0.0010080645161290322
79299ca4f785e5345347ca16f185c632,0.0010080645161290322
abf1d4d8216a432da8f221ad38fd1d59,0.008064516129032258
384b54e773eddb2cb2fd31af25c6d834,0.0010080645161290322
453b6b100cf0afaedca56a401e782253,0.0010080645161290322
136d28d3033743d1de2564f5d767da23,0.0010080645161290322
e25a8124c2dedc797725eff1e05f96fb,0.0010080645161290322
1bc8823c6a97872b85b8a4fce7e85d2d,0.0020161290322580645
488d14d9b14f1cfc30e68e16059373eb,0.0010080645161290322
a759a0af9ae010f6947feada02aee14e,0.0010080645161290322
3485348207ee01eaebff9695823cc204,0.0010080645161290322
e2e1b0dcbecc3fd589f3f807e5a33d26,0.0010080645161290322
c3acd00b4449e9e79f1813e96c7950fe,0.0010080645161290322
021cfe2d65963d7ed7296eb0878bbbab,0.0020161290322580645
f0e75fac0877e42d57c9cb757ba67380,0.0010080645161290322
a191361f51f358305fb45266b19cdd37,0.0010080645161290322
2ece83568805a32781189ce9f04a262a,0.0010080645161290322
2130f2c9231b5290a996614e128b222b,0.004032258064516129
d038eb24810cd92bea190a7dd7e7466a,0.0010080645161290322
1a0bea5ccf9d532d75136168ddb54654,0.0030241935483870967
28f6da4437ba0193c441468ae916faf9,0.0010080645161290322
38e3b7abf4e08699d7a1d1965f177086,0.0010080645161290322
ed95a78bbf0da43fe3865d293abe1c1a,0.0010080645161290322
da28715315283ec84ea5fd1b02d58b77,0.0010080645161290322
146f8cd9dc3102e6f9856a58a866fe22,0.0020161290322580645
0330336eb90fa50e1bd3ff202609520e,0.0030241935483870967
95be3364097bc9d186c794fc50931873,0.0010080645161290322
2cedd5db2091397ad1bd49cae9c12dfc,0.0010080645161290322
8fcc379c78f110e7ef714cddeca36042,0.0010080645161290322
019f5e6611de08ba325e739c8d890c72,0.0010080645161290322
de88c1912e4802845d13d14ce14b3561,0.0010080645161290322
95f77f9e6df255cf93ec17c1a48bc194,0.0010080645161290322
d44ab94c5689cd17cc4a5b90a7ae4ce5,0.0010080645161290322
1c20a8f414bbc4ac363947a6b2cbcb42,0.0010080645161290322
b02b282a45a88194fa598a521b8a7621,0.0010080645161290322
66ff2660cc1bb91f23c5527386441513,0.0010080645161290322
b5e7b9bb5a565cc71a050eefcc45ea24,0.0010080645161290322
383353e3b4899a2f8957f3156d7ecf0b,0.0010080645161290322
7c4844fadfd1d49f348d4a020a0e32de,0.0010080645161290322
bdccff9ebc6cbf577ac0185238122696,0.0010080645161290322
0f8048bc0045fde9d09a5385a919dac1,0.0010080645161290322
b15edc01465c371fcafd5de401883499,0.0010080645161290322
a31ae0a64d8eda58d954e7dd1f86c8cb,0.0020161290322580645
c9064f93767d28448c8224e538252da3,0.0010080645161290322
eb8afcb5b8fbfd4940fa2f1e467f263c,0.0010080645161290322
0c3d0188a1b025a970bd5a39f56b9ef3,0.0010080645161290322
1db17ac7af7cb0d9a4e11a31aa037a3b,0.0020161290322580645
46b9a17a21defb2e3d4b0e3fc3498b16,0.0010080645161290322
637455ea8a56de2564d881fd47119866,0.0020161290322580645
e7897b2b4d330d8ec5301168f74b1a0b,0.0030241935483870967
fe94470eb4a6bd84764f7b0789a5fbd8,0.0010080645161290322
9e770a10d3fdbbe2908a260379de9d8a,0.0010080645161290322
01b4a272f625e3fac2e935cde1ce30ee,0.0010080645161290322
8fd755f1bb9892ebf9b1da01957fa7a4,0.0010080645161290322
a99833177d710476e92b2caf004aeef3,0.0020161290322580645
200b1ea70c420a91e1b59ab2c49e80d0,0.0010080645161290322
a1bbaaae01b05390fb7aa35af28b5578,0.0010080645161290322
04a9773c2b151d546cc7931e942ffbd6,0.0010080645161290322
f2f2018bf82c8f11884381d6fdc0240f,0.0010080645161290322
6bf4da3d0c2d76c2ca28c06dac87bb61,0.0010080645161290322
4f51167cc26f78640922480a8db9a5cd,0.0010080645161290322
f3c28f134ed6127dff85e52abd9e1ed4,0.0010080645161290322
eb44896f88da8c464b00d9453dee1c6d,0.0010080645161290322
f1a3e738e7e83134bc53b2a9109c6de9,0.0010080645161290322
c761fb43a03313c758d60a706a5b9101,0.0010080645161290322
5aade07f76757b1790267d1e58a55b74,0.0010080645161290322
decc3a1e3909c11c3d7bb1c1be89623d,0.0020161290322580645
3c93dbde408d2fcc3292f84bb32731cd,0.0010080645161290322
e0ceaae69728e9cda826c87f3b654240,0.0010080645161290322
7ac37112997925fc9571bdc4df8cb3db,0.0010080645161290322
0adde7cee7e9e1871bf3120d4ba0bdc0,0.0010080645161290322
1df3c816fec4e63673515d147e3b5930,0.0010080645161290322
93c21522edbf987e5103300d189dc0f3,0.0020161290322580645
779b74b0e63129c9e615428164060560,0.0010080645161290322
7aa4499b84a527ca26d423303ac3186e,0.0010080645161290322
ad82629a35d913f734f35219da76af79,0.0010080645161290322
94035fd1b8dabc1d79586ff8b52846b3,0.0020161290322580645
88d42bd966837b0503c4b3f286bdd128,0.0010080645161290322
afb67b2f99ece1b66268784169e8d82d,0.0020161290322580645
20d213dd348c63d0e277d59937f52418,0.0010080645161290322
09710758b5bc0374735adaff3a388bab,0.0010080645161290322
921d87d45413e637e3c2060f50844026,0.0010080645161290322
58795f2711823de6b62de79ceff4a712,0.0010080645161290322
0ded8dd9071d50adb74fb152a79d6a21,0.0020161290322580645
a13b338964fb7d9510ff87cf1f6e49f0,0.0010080645161290322
e03f96a13afdc094b2bc39c06a332355,0.0010080645161290322
811e4bbb23902854baf61989ea7014ac,0.0010080645161290322
442ec01957e08c1c4193902a69fbf63e,0.0010080645161290322
5f4711b3bc0d5c36eaf38706eafdaf39,0.0010080645161290322
ad480b0768a43b252422e16cf6874c8e,0.0010080645161290322
d3478b10a318d13bf8d92974c9ead8d2,0.0020161290322580645
2d316ff1d1c77118a7941168adcc5216,0.0010080645161290322
c050a779ab11fdaaef3682c2ef78f733,0.0010080645161290322
b7604274ba15fe4fa4179461f74521ab,0.0010080645161290322
9b3b4c5aa0e6e251abddc6ae3051079f,0.0010080645161290322
0a8160b396652b1b89034b4a4c4475c6,0.0010080645161290322
f23d1f38828008f5ccc9938fcdae5644,0.0010080645161290322
f944e19f00deb3bdff593cdf44697ac8,0.0010080645161290322
07b102221aaac5c92234bb2447957db7,0.0010080645161290322
ab35c10f233e086e7fc91a247cc18434,0.0010080645161290322
4b756f1889cc8adc2b0e4ae1f00968b4,0.0010080645161290322
d60d63545fd9980e265b4910c491ce44,0.0010080645161290322
d6dc9d05e1675c8de65bcc49382e6748,0.0030241935483870967
25f14a58b3276d82aa8a3ea686f2cc79,0.0010080645161290322
bfe425f506160ded80c333f70aa96fec,0.0020161290322580645
5eb4267c68ab73b390ddc2ae928b6806,0.0010080645161290322
2bf2506735570739167d1825e8a6394c,0.0020161290322580645
342c7381a3ad9bfc778d11a6420e1ea0,0.0010080645161290322
cd69ec3ce250c59795fc71cf15b2d5ac,0.0010080645161290322
2ec08cd76eedafbacf7347ca8db78018,0.0010080645161290322
bcaf4a980de092b323f055f5516411fb,0.0020161290322580645
81c84039dc93dadcc15beedbdba57fb7,0.0010080645161290322
e97a8e6c7e361280268a9ec607c4ae77,0.0010080645161290322
b13dcc115e26381b82869f665ff51886,0.0010080645161290322
4cbc38ebb81fa234ac27b78c324cd34b,0.0010080645161290322
fbd07e48201340e4a3554f10bfe7cdf8,0.0010080645161290322
16be550f32993e25a2e54821b6dded0c,0.0010080645161290322
22f9fd6ba98f855e72adc9e69b51ea42,0.0010080645161290322
421bcfa19595df807a7b101e24b876ff,0.0010080645161290322
ad70c8f7ac5fe1ee5d7e5f47c28d84b4,0.004032258064516129
d98eaa9713fd83d1fa31a0cb078d07b7,0.0010080645161290322
631ad4df5fc5e05bd7183e22f3cad24f,0.0010080645161290322
14f3c22948410790d19cf13b5e7f9781,0.0010080645161290322
58141ed89838d6380e55b9bd42fca973,0.0010080645161290322
1c0517bd9df54b9677d09d6fb9079750,0.0020161290322580645
132ec58054abb6298ef8135ca2cbfbb7,0.0020161290322580645
1ff137b38da2599bcc7201b15ac4a42e,0.0010080645161290322
ce96e56f6b4e4b00d0736df024e0cc13,0.0030241935483870967
6a7482829dc9782e798885c383e509d0,0.004032258064516129
90d0ba9010f6fe53c058dd11ac89bf2c,0.0010080645161290322
5f6ad071492fcf2828d5fdbf54c63dbb,0.0010080645161290322
599fa2c25c360e8e3543a0e9ccf09ee8,0.0030241935483870967
cfd40a9b1fd893f3b146d77e2c01b416,0.0010080645161290322
d5d3715714ddf855702b1c97c02f6c58,0.0010080645161290322
7f92a2eb582ef1d9facfc44ebf03e112,0.0010080645161290322
8646dfad970f3e2f2bb28603fe5eee8f,0.0010080645161290322
076073c94df6d1a13f0dd60fc48c9e97,0.0010080645161290322
1cd4c8d39457372ebbd0833fac13ec39,0.0010080645161290322
6c21f5ff8efd22b6e272d4855864a5f7,0.0010080645161290322
5f487520dd4eef5cc15ad70f7d582032,0.0010080645161290322
7fa54dd0b33266d4f1f7862e3ee6da82,0.0010080645161290322
a9291dbf1ff628a8a1514367ecfcde18,0.0030241935483870967
9913878b99d12fc588c9a3b29c9f8b1b,0.0010080645161290322
00514d4740afe42040f4902add70f6e2,0.0010080645161290322
58bbccd36dc01e5a1701f51e2399412b,0.0010080645161290322
4937579ca4097e9bc255a52ad5888086,0.0010080645161290322
b695ff0e18ce8a689a6001562173d342,0.0010080645161290322
879d6b1c283a6698a65ecb23e051b0de,0.0030241935483870967
3a1abfde92bea598c86df4752066af38,0.0010080645161290322
95690f8287ede2d176aa22b9a5e2bb5d,0.0010080645161290322
60a3776746f281b7f1d87264b919c423,0.0010080645161290322
c4478153e46aafa32f55ce05971eedbb,0.0010080645161290322
e5b6efb0622694ab5ae1d4fa53a3b10c,0.0010080645161290322
3f96dc71c23544518c3b5683092537eb,0.0010080645161290322
5af9ba331415f7a5e82ae906ea090cbc,0.0020161290322580645
ba831e69ac9d19b220a333e31ba448f7,0.0010080645161290322
484b93e372f35165ab51e291ba554a5b,0.004032258064516129
8a8b6a463b2d52bd7ac4bc1b5554552a,0.0010080645161290322
03d48ef58cfe2849d2842a8d094bfd51,0.0010080645161290322
bb44c728636a4deee92d99a7a6aa3412,0.0020161290322580645
6298f966de66b60c9bbc63a9b9251bdb,0.0010080645161290322
e6f7679f2fd40e3dc24418878208dcc1,0.0020161290322580645
b34e48b802ffe3cd7f62940ca4e21107,0.0010080645161290322
320aa121aff95d592e568969a5f0ec75,0.0010080645161290322
0cbc86adb564a1e8eddcd5b8ac3bc088,0.0020161290322580645
2966d97f592280a6a51ac73a3e561284,0.0030241935483870967
441c8f23acf14b848c9dea93e3b99b62,0.0010080645161290322
197d2c36b7502eecd065706ad72ae353,0.0020161290322580645
933cac9c0dc32f8572c6543cf88940c3,0.0030241935483870967
21307575d44fc90099a75188cc39f149,0.004032258064516129
477b6c8ce224b73740823977fbad927c,0.0010080645161290322
7539ea689bd5b93cbc57bf88b07c3ce5,0.0010080645161290322
06f9f9c3698f3288e97eeb0ada5676ca,0.0010080645161290322
f7034e427b7d0c9556c2ea5da006ade3,0.0010080645161290322
0445461f5cb1fe010360adc4ed427267,0.0010080645161290322
1ef598638240aa95dbdf2aff99b4b44d,0.0010080645161290322
ab3a249f323bfc4328aa5fd4bf996f3e,0.0010080645161290322
ad933a2acb40c9ee6f06d19e33767c2b,0.005040322580645161
15a9b7c0be012f8538c1ba8729fd42d5,0.0010080645161290322
3ca775822e0259a8137b92d3cdc123e9,0.0010080645161290322
64cac9d5cae9dce33e1ccc9cb03a554b,0.0010080645161290322
0203f53446bfa5ef142bcf0b231f8e03,0.0010080645161290322
19bf5946038d953a3b50ada2cdf14994,0.0020161290322580645
e7699bc064af9f00b61259c015861914,0.0010080645161290322
46891ef0521ca3f5e8c9674bdcf56a75,0.0010080645161290322
c7f9bfdcc3e6ffe7e10911c37fdb43b5,0.0010080645161290322
b4b1d95a8b691aa32861c397d9dc639f,0.0010080645161290322
e193abdd46d9b44a7dd7e029a6dbc458,0.0010080645161290322
3f4dc35ec44061009c59a05f4ffb0d58,0.0010080645161290322
3a995adaf08892647e865e56f2255c54,0.0010080645161290322
d6288bee4c341527f196903cbd6a0d67,0.0010080645161290322
f4a693f81f20c8bda0cdbd326099e329,0.0010080645161290322
c3a21fe7eaf1d9e8b811a7b6534ec4b3,0.0010080645161290322
cf76e4d623db73e7ead471facf8636bc,0.0010080645161290322
02a881032592c29ec474a7f1eac89814,0.0010080645161290322
179add1fef0d88d36c04fda0eb99b6d9,0.0010080645161290322
e6660f94befa86b9f8399824b2c78231,0.0010080645161290322
316ac64f45fdf06f786b4a477e23e359,0.0010080645161290322
7b04cbfde5d3d094938329aa238d443e,0.0010080645161290322
e4e1e3be241991f907e08e6f18a83ff2,0.0010080645161290322
d7954f9973d8c4ea90cbbf4e23c9a133,0.0010080645161290322
d88daadbd4b2c45b649705416985fbf8,0.0010080645161290322
d7cd3338ba996cde69bbf58168274352,0.0010080645161290322
64d7dd54a6f0f170b0ccc31bcc22ba5d,0.0010080645161290322
49f7766b61fc9c0a54a170215bafde11,0.0010080645161290322
50c6681c9f0acfd7fa48770d25f3a5c8,0.0010080645161290322
a0f712a4745fe44f2b3ac4853835baee,0.0010080645161290322
7fee6f0883e0160713d8b0dfef2a855e,0.0030241935483870967
0ac2d74c1330db7b92392902fa97c3b4,0.0010080645161290322
5d636bfbd4859f4c0ac838644621a08c,0.0030241935483870967
1d713763c047bf8edbd96b7838a15cc4,0.0030241935483870967
70052db90b536c78d750b1412f98e663,0.0010080645161290322
73fbb7ccee57f72363cd39db83db5dc8,0.0010080645161290322
a81ad62a0b8c2ace133c4e1a577d47ad,0.0010080645161290322
4d739043fe7b8af548f792b527f62a6c,0.0010080645161290322
5f25665d72d6c3ff2c03ee9a9d8f255e,0.0010080645161290322
077304476f02664c11a86caed049f511,0.0010080645161290322
4917691360ad8ed60974ebd718d8d500,0.0020161290322580645
184ed1265ccee63774d4a2e010eed398,0.0010080645161290322
c89439a2b903fbd90a859d37eaf3d053,0.0010080645161290322
de4ffc1e3c145f8560a4759e7b89b9de,0.0010080645161290322
1c14b6e698d03efa44f730a88590098b,0.0010080645161290322
aa4cec100d12f303519e7395950da2da,0.0010080645161290322
99bc23a617daee628d3d463cbc75a49a,0.0030241935483870967
f6a7471d4f275f0e150b1c1f2c609c7c,0.0010080645161290322
5b358d62a4da6e4c5f527b0c4f6d3d3b,0.0010080645161290322
c3fcebeb3f0a20911da222ed2a933063,0.0010080645161290322
90c6e5b2ac04ee23d69536a9228aa710,0.0010080645161290322
9be2adc4c44bc203db7487dc85df595b,0.0030241935483870967
350245f7ca11c1c923030cb81bb70119,0.0030241935483870967
84039e5be8cbdf9a60e51777ab2ea502,0.0020161290322580645
e10521e5a7d56a719fb0ecae536bc8c5,0.0010080645161290322
6448c31673c1e0c365563991d315c0e5,0.0010080645161290322
001c38fe30a1c385b31ded84271d83f3,0.0020161290322580645
9a3d423fff7d8dea91585ec082c6e2d3,0.0010080645161290322
49d0bed84e30d54ccd1ff22bfaeaa4c3,0.0010080645161290322
d798704a07fac836c0e8084b7c06933c,0.0030241935483870967
131eabf852d3e6adcc2b4d3f77042b2a,0.0010080645161290322
3d3cd5194216d9d30f491920de161d81,0.0010080645161290322
182f4b78358c039077f2a8233684075e,0.0010080645161290322
83b9c08f8ac252fe025c6376efefc471,0.0010080645161290322
275673ea524562c5c059d08cd032a37f,0.0010080645161290322
96ea4a93bad98526c9763db6c49e22c4,0.0010080645161290322
9be5e75e0844c3aacdae01bdfb73cf0e,0.0010080645161290322
9a3d9dee3d0598b2780c732c3df540e3,0.0010080645161290322
c209e659b2c04616c0ebf4fdfb1412a5,0.0020161290322580645
04073dae631c46553ed972e13b4e473d,0.0010080645161290322
271c39849705b124701bc82052744669,0.0020161290322580645
5fc235d81e4006966c217e1c585f0f70,0.0020161290322580645
7eb58843a058a3dcc0c051e0762de977,0.0010080645161290322
daf217231ef0e31e69dcd26b2afd1b2c,0.0020161290322580645
eba7b4af12bd611e5f5fe6ebde514488,0.0010080645161290322
bae788dc1a05552906e88bab22ab130a,0.0010080645161290322
68a65b413fa0a4cc044502290dfbcba2,0.0010080645161290322
35d275fa53f500646275cd9f13a9ace5,0.0010080645161290322
4a2fdb02bddae67d2d550f0b2b49b17e,0.0010080645161290322
f09104ff5218539403465e2b8d397043,0.0010080645161290322
5d76fafd8ae74e49c8f3738a2cbfdb8a,0.0020161290322580645
2f2f2323230cd01d849d3971e1443329,0.0010080645161290322
cf804617717e505848c9d82c30776b9a,0.0020161290322580645
4e4febbc8d0824a27bfad7afacb01629,0.0010080645161290322
8d6f4187fdc164b7b9d51aa7d04e9de8,0.0010080645161290322
480db3b9bdae9c2c710f19a6ab7cbdaa,0.007056451612903226
a78ab924738f72081d54a69d2b9a6720,0.0010080645161290322
07a0ba062a04d014e945fd527cfd629d,0.0010080645161290322
7b6c45ec622418432746c130f3e42345,0.0010080645161290322
71bbf46424db3f9129b0054c4e352da2,0.0010080645161290322
8e1e522d36d57f577c35a0a8f5f2a359,0.005040322580645161
883e572477e1bd1d119277f33519c3d4,0.0030241935483870967
296fe643681f1559aa5f3d335fc6f8ce,0.0010080645161290322
4413e7061db59e8cacf36e2b311c0e55,0.0010080645161290322
7e776b150c74fea546e49f021841bc0b,0.0010080645161290322
2eb60540160bc0e6f0b1d65076e694b4,0.0020161290322580645
c07c89e25e0b4d67b7038937fb703c26,0.0020161290322580645
f6f854833a240ee16a55d21da7e4c396,0.0010080645161290322
75123b1bd273e36b81af3de505b7b2a3,0.0010080645161290322
179bd887c39f4dae7ec04421126b54d4,0.0010080645161290322
36cac7ac558e76d40484002219ec7ae7,0.0010080645161290322
7f00998d04cced72dc3e1a64a9b5bd59,0.0010080645161290322
132e29e8576811d74f3246231dfb660e,0.0010080645161290322
e22802afd8a46097b5ed447120d0af18,0.0020161290322580645
de0e12fb1adf4fa6a0ec2212d68abb0b,0.0010080645161290322
9c850ce82a448faa422ea6d76d2a8905,0.0010080645161290322
721e3f0fd82f7e721c07be29e897fddb,0.0030241935483870967
1ab80cc12cc85cce527d0ec7cb98caa4,0.0030241935483870967
d38f8713535bfee7aeed91a81f95ff01,0.0010080645161290322
f00adac1e7978fa06b4200fb5c70b544,0.0020161290322580645
3dbcf8d43b00fcaa9f42c71b941488bb,0.0010080645161290322
f6349197ac4eb51262bb5cfa4a7c27d3,0.0010080645161290322
87b8d5d92ce2626ce9f0e98efe6bda69,0.0010080645161290322
1cfef899e02570da960cf50d4731735c,0.0010080645161290322
a1ae2bb54f3924c45ca2312464982c46,0.0030241935483870967
7c55bb436a5841ad700371d8eaafd297,0.0010080645161290322
4597a513281c2b7c59d5532db35e89cd,0.0010080645161290322
a2c5e0f7adb9a178653b6ab151edddb8,0.0010080645161290322
3b01b7d001216d493e6865767ec68b1c,0.0010080645161290322
05779bb44b84e70ffdd84916b9521dde,0.0010080645161290322
267cd7057b9124d1fd0a0cb278ac5ae9,0.0010080645161290322
f7fe5299945864c5d7dc0826c042050f,0.0010080645161290322
15cf291bcec9664b61ecc863cc2fb30d,0.0020161290322580645
a5530879b7f488592af245a31618556b,0.0020161290322580645
28e463a624aeff7f8e3ea88bc4c04f5c,0.0010080645161290322
dd1292eeba481dc8ad17e81268c98bf5,0.0020161290322580645
3807c2ff4dc23ff65e1a349cf02a8614,0.0010080645161290322
f1d685fab775b80a653b97b6168bae49,0.006048387096774193
f423b20aa608b22ccd84cb4aa1dc0325,0.0020161290322580645
7b17a0da5651a5fe6b578e83aea700bb,0.0010080645161290322
15338caa2226fd0cad03bca61d913c5d,0.0010080645161290322
fc8a64882d99671af2f53bf32cf544bb,0.0020161290322580645
076cbf4e683664d9e7d5faa70a1fd09f,0.0010080645161290322
e45d0a2b55afcb9226d4051777e9e595,0.0010080645161290322
ae7071ab8e156e5834054f59a5221248,0.0010080645161290322
7c339b804a85c2e82f0dfe873f7bc144,0.0010080645161290322
99719d705b96e5d362838826a4ef6f73,0.0020161290322580645
8102524e2bdb5e1b55ede3116906bbda,0.0020161290322580645
6794b931a516d875bfb585c53c5a3585,0.0010080645161290322
a7ec0aa9c891706ca048ef73a840460a,0.0010080645161290322
53ec261462ed422b85cdec6d0b13c7f8,0.0010080645161290322
ce1c0f5f1db890574a2f0f32d4cc2b80,0.0010080645161290322
f16415cf6780e4081f1f3e109c4f3714,0.0010080645161290322
e6e8a78918c274556992b63510b7b034,0.0010080645161290322
a2e41338fd0a28f7a3d57ba19bd19072,0.0010080645161290322
5ab4efae9a124cf385861f2aed1ae013,0.0020161290322580645
333fd75fd17dacaf1bdab20f1cc2a1ee,0.0010080645161290322
c36dcf8b052bd697b581a58d062f9506,0.0010080645161290322
3b058c2e3b5a2bd5184061c575f6c9e9,0.0010080645161290322
0fe63d785706b3a45a8227a68b590c98,0.0010080645161290322
ba34e41993401b371fcb8f56e3bf624b,0.0010080645161290322
8f56c80ea4629e8640f2250d4a9bb1f4,0.0010080645161290322
be52a0933a11a02ef4413a7b7843a889,0.0010080645161290322
e9e70ee6d8df1b19503c2fb4a0745bd1,0.0010080645161290322
5eda0228d8d5f7cfadf5ae6750ded755,0.0010080645161290322
dbdcc4079ca00476965d1ef8872c1db0,0.0010080645161290322
7e5c207175a704fb719632f8211cb4bb,0.0010080645161290322
30beb700a0f4191299a6e7d39540665c,0.0010080645161290322
7cff191743b34aa457a6459cafc57173,0.0010080645161290322
d9b9e16c974ff3e382ab80ba38503f12,0.0010080645161290322
0007668c6913379cb5267ff93267d4d0,0.0030241935483870967
e54abd1b134bf7eaf6a4f03bb2a9b560,0.0020161290322580645
0b4fb869a09dd12ce5bf409f45a4389b,0.0010080645161290322
6f9f2b387e45b90a92f9a1abffb78c06,0.0010080645161290322
0c78f1c465baaa792222a8d33569f548,0.0010080645161290322
679a097e4bc7c72a9c361c40dae0c6dd,0.0020161290322580645
0dee886b009815e74c825c68ea567859,0.0010080645161290322
8a3e76778d8a669722d5b45bf959704a,0.0010080645161290322
64b3efb744c027f881f712eae65075e4,0.0010080645161290322
0dd4b0666967bf9b871bd715856f4704,0.0020161290322580645
119837a6601b18e8cd151f89437c8662,0.0020161290322580645
17f47cf50abf5d5de02ba6559f8d1353,0.0010080645161290322
c57895b29bd8fdd2dd5e0cca352292ec,0.0010080645161290322
47a9337ace283717f410683360c8d0b8,0.0010080645161290322
82343c4cb4313493afe45765a492c464,0.0030241935483870967
898706f596a930752da51a36dd394cf6,0.0010080645161290322
f244e9588af82eb2bdcd2a91eb951bc7,0.0010080645161290322
3d88b0e837d3c979acf0345ba9a98084,0.0010080645161290322
6bc3e4c93889c62d127a326a5ccc5599,0.0010080645161290322
7cce9b44b873a40d7a43231950d9b106,0.0010080645161290322
65d02a1ef41581492087cdb1c66d5c7e,0.0020161290322580645
45b0808bad9cd9d01aa3772ee59b872c,0.0010080645161290322
220db7168f9f07b61eaaa39a8256a013,0.0010080645161290322
f48925009e09a516bc77be6f48b7e0a1,0.0010080645161290322
39b51aaa987c3437fdc33c007cd5d590,0.0010080645161290322
378d7f0d1da29b1e838c56ec3be441de,0.0020161290322580645
4211f71feb04bec066b2904b8061cf18,0.0010080645161290322
b265615da6b98d477507607fc51972f7,0.0030241935483870967
bd98fb7f92606a5456aa72dee3ddddbc,0.0010080645161290322
fd34150e7098f1de190bd079fae97146,0.0010080645161290322
284941e2de390e504ced0672881dbc15,0.004032258064516129
607d2ab9afd35b62618046beb154a4f3,0.0020161290322580645
9b67222f4c4b5c81cd20b974cff4f4dc,0.0010080645161290322
82be73dd8734e5dfeeb9f4e8cc217c1c,0.0010080645161290322
7893d34613bcd5621f14d06a3da92758,0.0020161290322580645
6393d5aa5d4d133c21e97b7321a56fb7,0.0020161290322580645
cde4d84446e0c601df60d8802ff4ecd8,0.0010080645161290322
84c4c7817734329bc7801e44f4fc73f4,0.0030241935483870967
81b2074dfc672e98f516f4dd516aabcd,0.0010080645161290322
de323057a2ab17d40020c57f5c6905d2,0.0010080645161290322
12675ff6d9b3226141ca2700c570b5eb,0.0010080645161290322
e4ad0dd6d5b58be23568d98e9974e61c,0.0020161290322580645
3f0e65a87570f913ad951fc502eb232d,0.0010080645161290322
9dd37af531bbd30cd4072e29c2b10987,0.0010080645161290322
476265bef4cdf3d423e04337aaa42f30,0.0010080645161290322
8da1f9de33f4300ea5a223b85c9d00a4,0.0020161290322580645
3e6b11d5be8c7dabfe0bf67ec32023d4,0.0010080645161290322
6d565c2948357f28d7738e3f00995123,0.0010080645161290322
fd02807d784973b2e69bef37b68fb25a,0.0020161290322580645
699222bee0b41d3613ca21d88deb3b26,0.0010080645161290322
f3d0e44d340de292be9c436eea6b521f,0.0010080645161290322
adea440ea5860ad819bb05a0dd8c2e56,0.0010080645161290322
ee2e7e1ec3775388a6a1000c5de4c483,0.005040322580645161
8980a32fee310ec94fdab693c25db331,0.0010080645161290322
d0ecd9ea756cacab565ec6dddcfd144e,0.0010080645161290322
d11e38044f2e70efb741d133350b9534,0.0020161290322580645
9ca876eab85c853428e4693662460ac6,0.0010080645161290322
bfe812d51e56b9e3624137b5d9440d8b,0.0010080645161290322
6daa679fc8812df0c465d5aa194450c6,0.0010080645161290322
9e09f994dc8979170fbadce5f90e31fd,0.0010080645161290322
3d78aa471893febecefea7534f0fdfb8,0.0010080645161290322
565af0b3c3f8612f98c146c5bbb4caad,0.0010080645161290322
a240ff89228b7bdf408a59020dd3acc9,0.0010080645161290322
2c4cecf9ef485073229e53a1421dbaee,0.0010080645161290322
47e1057de21943860ddbc725417b1adf,0.0010080645161290322
1a5cb67ceefefa09f352eb12eb7e3416,0.0010080645161290322
515e91f350c948ebdfd440f7a530ee7d,0.0010080645161290322
f468ef58f825e535dbfc0cbe635f4d84,0.0010080645161290322
d54db7db472dfab731d60e528d46dae9,0.0010080645161290322
2db94be34ce1e11ac156ae9880a3d064,0.0010080645161290322
23adf4d5b0664f25e23fc3b19e4155c3,0.0010080645161290322
c0cc4032e29fe52de3815d4285f44e14,0.0010080645161290322
7dc08051644f13ae7de5fa305070fd88,0.0010080645161290322
c86cf40f8daf815e18ee9e873690d391,0.0010080645161290322
a0b019930d3127f598f66368d1bb5182,0.0010080645161290322
7f58222c61116504b58e9322a450d230,0.0010080645161290322
a7fc18db2349e712a58a7c1609842307,0.0010080645161290322
976790de21fda7a87f460bd937c204f0,0.0020161290322580645
3b6587ad10127a4258d1214374c07016,0.0010080645161290322
66763c710d27aa9eecb201c1d03c760e,0.0010080645161290322
726b59b45e41145dd1d316e83282802b,0.004032258064516129
c8009c49ea8fc83c05fda062e25c5839,0.0010080645161290322
c5dc819703344c88ca6c37fe0fbe404e,0.0020161290322580645
cb53b7fb45f46a98d0e661671ff322d6,0.0020161290322580645
06bbfa9f7f5382e71abc4563cedab38d,0.0010080645161290322
b054d8bb6dc79edb3de7982531239391,0.0020161290322580645
ed6b5330dbd812a52b5861a26f4f79b6,0.0010080645161290322
7356c3c784210b73041e11e0285c1acd,0.0010080645161290322
44732c9fd3df8f327bdc3abc41ad0607,0.0010080645161290322
8afdd90950bfe1f40aa925f4a37cf6f4,0.0010080645161290322
344c6652f1a3240019409b3af6cb3ecd,0.0020161290322580645
79ae30bc0c737f2774c955a5920073af,0.0020161290322580645
0f65419406c3625efb79d5753cf64218,0.0010080645161290322
30a30c82c27355e7f00fc9ffc0893d66,0.0010080645161290322
d6d3e533454fe68333bc8157bfb5eeba,0.0010080645161290322
01953e9e62d04a5fe0419c41fb0fd63b,0.0010080645161290322
4e5d172067d2f7cd6f002ff673b5f29d,0.0010080645161290322
72386df8b71b6f6051ed0d343d1e9354,0.0010080645161290322
ae657668edd6678f6b11abc9936ef349,0.0010080645161290322
14988fea81d67867717b050e6b892e63,0.0010080645161290322
f65ee26124609d6de91d4bffee014357,0.0010080645161290322
2baf6a9b1b694d1c97052d14e5ec391b,0.0010080645161290322
228592b44e6a4d192af2d0732ec64a51,0.0010080645161290322
4aedc420f6beb86bd8c31e120fa4c167,0.0010080645161290322
4e9fb0c9c592a65b0aec94b948818e44,0.0010080645161290322
1bb7bf24b8ac66cb39d8ec18eec7f627,0.0010080645161290322
0ada130128abff620c2fb44f65713019,0.0010080645161290322
2a594449ca61e93a1dc740432abf31d7,0.0010080645161290322
a312babdcb4ff46a3413e5e14292e2c4,0.0010080645161290322
95beac3070fe04ba7fbf85ad6a15e640,0.0010080645161290322
7a229ee6c9593f1c40fa94f9e7ec14e1,0.0010080645161290322
d1b8ba8cb884c5999a04abf13704484a,0.0010080645161290322
5ca001546f13311a34e16b8ec873d05b,0.0010080645161290322
ad4800d14d056bf671d67b026091213a,0.0010080645161290322
65e6fbf7dbc15940666e1ac07d868864,0.0030241935483870967
138165ba5377328baade37806c9a49b2,0.004032258064516129
fc76bc0858279fa39cfeb8806f4fa76b,0.0010080645161290322
3088ca5ca3c92d7558b176a5f6b9e8c1,0.0010080645161290322
6dd769bc01d71409e5c7a2e9c7b01614,0.0010080645161290322
924fe95d42e4a0b369341418e2c7ceb7,0.0010080645161290322
4ca874e55cda3d7333ccc3a0d686b18f,0.0020161290322580645
1041281939647e0170ae8a8e07a05c14,0.0010080645161290322
87b7978bbc93bf9671ef7b083c136f75,0.0010080645161290322
41f1c6e4d1e4cc653df22555bfab5796,0.0030241935483870967
5b5d98b4d98452663ed54b02e54381cd,0.0010080645161290322
123e1590c86df146e5aa5567d009037e,0.0010080645161290322
c0ce62c62550a0d4446ee2f4c2bb36d7,0.0010080645161290322
46741a85c899afb49c5be73b29cd4495,0.0010080645161290322
17880a7a920c08835e7d2d3a4afc534f,0.0010080645161290322
dce4ee1b9d947dab00f6dd0db99627a5,0.0010080645161290322
6452ef49f49b1a55ab9d5d5a4151ef43,0.0010080645161290322
387e36ab394fd347fd94d8762016779f,0.0010080645161290322
fd80f34f5f71731b0a2803bd58ab7b2d,0.0010080645161290322
94e6317cddc352bb47b568c172fbdc6b,0.0010080645161290322
715b3ae372be5794386aa955eb128e06,0.0010080645161290322
6396fc2bbe7fac095abde3d66cca0887,0.0010080645161290322
df3f8cdac76c62baa98469c33b82d8df,0.0030241935483870967
b0b4ae53356cefdec8642d59c6705f61,0.0010080645161290322
b0ee1dd4b7f002e48728f0abf8e6009c,0.0010080645161290322
9ff16d7d3083cb677b2ce0c42742c06f,0.0010080645161290322
32212e9128faba965ae19123e4e50a40,0.0010080645161290322
c9ddd2359d84ea10dcbaac5ec3baa38e,0.0010080645161290322
24c8e8d005902036950d3f12fa5bec97,0.0010080645161290322
ad5db3842d9ba7985fee6a1c5f5a1fbe,0.0010080645161290322
8d1ca1e312ea35f385d3f1f24576273e,0.0010080645161290322
798309a2914ed3cea9a8c943ce0c8232,0.0010080645161290322
7d8c439f49da721bd728d6ee642b07d4,0.0010080645161290322
a93e77b5459e9309ba495925e13a97a6,0.0010080645161290322
2ca1b9abb77aa12617fb847c2b1350a4,0.0010080645161290322
82b9079aa1704a5e3b702b77779e8af3,0.0010080645161290322
72747d70a251058e5ba7cbcc2ecbb344,0.0010080645161290322
1bc9c6caad42339b80d0532ba71a6c77,0.0030241935483870967
3137731384963cd1a2b60e8c78d1e392,0.0020161290322580645
02fdaec42110e44a10091ee90d28384d,0.004032258064516129
8d9bf78025f6a8876bf3c18c3ffa24ca,0.0020161290322580645
4b659d01385ff471df4377fbee62d75f,0.0010080645161290322
0157eed0e26156d0a53b181c1910b766,0.0010080645161290322
07e7fdfdd472172fc2c83640ee2db9dd,0.0010080645161290322
c6ef6b1926231534fe7a3d58db3a90e4,0.0010080645161290322
4fac491ee7565f582f7e74564d9d6bea,0.0010080645161290322
ed969bfe84d07bd33fe433229c66887c,0.0010080645161290322
7d17abb961acf2e88d53b919206cd444,0.0010080645161290322
3fcfa6f1f13cd13f2670ec2e4de80b6e,0.0030241935483870967
1a27b5eb38c67b1507db76f06eca571f,0.0020161290322580645
89b5a78d18fc124912ddb92c7d7232dc,0.0010080645161290322
8d9918ae19adc3ba9591b54602a22d1a,0.0010080645161290322
6a27abc30fcc4612094edb14949940ce,0.0010080645161290322
8d3145af0432c36ebf02569a2c50efc3,0.0020161290322580645
89187de021eb66eb5a4adbb4c12be2ba,0.0010080645161290322
cd2812ab4a53f23efdaaf7c1c6295eb1,0.0010080645161290322
9d70f799bd6f45307ed93e96c27be7b5,0.0010080645161290322
c68f366c86d5bd87d4f82e44c2c3f695,0.0010080645161290322
7b6e2a2b05da5ec1f3987822813ac2c2,0.0020161290322580645
c1eb07746e3c9106913b44f05f809af4,0.0020161290322580645
6903f9d0ba4c40b1620160fe769bbff6,0.0010080645161290322
e8f29765c7a3cec150b7a148bf14be2f,0.0010080645161290322
9d1d24fcc414b84ef672d54579238c47,0.0010080645161290322
912062f6c3b7f95b6932e9bd3148c165,0.0030241935483870967
9d624f1ed287ec1ab2885602e27c0121,0.0020161290322580645
23c0c8494dfd4ea7bf4d85698b59ada3,0.0010080645161290322
4468105226cacd305fb5633ef7c23dfc,0.0020161290322580645
0499c5f7735a9a7e5f2482e1f8388ac5,0.0010080645161290322
33c12f7884c2efc0906cd599360de690,0.0010080645161290322
723fd8a2cc4d643dbb469657ba2a5ea6,0.005040322580645161
776bc36bb83f3d44f9073b6eff5caff3,0.0010080645161290322
e9ebe94a09b66530363b11e0eb2f1dba,0.0010080645161290322
1bef8d94d1d6235d93216c492962f838,0.0010080645161290322
ecb2d3a06d47c49b2b2c4c4edca891c8,0.0010080645161290322
288fc7270fdb73508b59a573a8964f6f,0.0010080645161290322
0925bd1cd0ac2190cce3ce3f0ec5fe2c,0.0020161290322580645
543e048932f6d3616a11046057f047e0,0.0010080645161290322
b0cbf9d51894c8dc3ff364e572ddd4a3,0.0010080645161290322
35c8d2fd5f6cc33c68fdb3cb98dfe7f5,0.0010080645161290322
85fa35cad19212dafdb072c022662743,0.0010080645161290322
d17a47981f3c4a06ace021bae43efa04,0.0010080645161290322
3dfa5cc681d484730cd18c9651250632,0.0010080645161290322
7d6e17bf6d712bc5708c54a329380225,0.0010080645161290322
f41d4a4094d73cee7dcac28c6550949c,0.0020161290322580645
e14a781e4397bd4bba19df404d79aa7b,0.0010080645161290322
2242aceae768a7d08451037ed5bad6d0,0.0010080645161290322
8d985ce0881a0fe98ed4301eb14aab76,0.0010080645161290322
434cb029c635704dfb9cf560cb68fb56,0.0030241935483870967
cc3ecc1de46270431207e8fbad36edc5,0.0010080645161290322
043697c85f2679be9fb649f1c0658eca,0.0010080645161290322
d86a2ed220a6245e1b4bc02ac83cb5b2,0.0010080645161290322
92d684a830b2150faae2403fb026b80b,0.0020161290322580645
eb8555768fbded30bf34b160059f7526,0.0010080645161290322
5c74c93d287579e739b3a9cff2ede7ce,0.0020161290322580645
30d263097576deaf82f5f0311dbed52c,0.0010080645161290322
07d9b161683217a383efc2681e203c94,0.0010080645161290322
d79cce79fc5b3017afbe75551d7be27f,0.0010080645161290322
8de61b9aa14bb012d6393203060e4272,0.0010080645161290322
7cb13ca8a4583452959c6ab8f90895a0,0.0010080645161290322
a70bf5d8dc3bd2a895032c1e040386b8,0.004032258064516129
875d3101de449a8ebf2670352c1b4bb8,0.0010080645161290322
cae12ac39499dcda090bacf895736bc7,0.0010080645161290322
a1a1511e6a2fb90fee1460d0f980206a,0.0010080645161290322
3d875b2a49210528cff20eff1b07bcc2,0.0010080645161290322
b67bf7481aa6cdf4630dd2fbd7522865,0.0010080645161290322
abdc37c9d1cdcda81c2c45fe25f6708d,0.0010080645161290322
c78bad1f20e13349a85d3ab5f2544a97,0.0010080645161290322
564c83ada49782da396f39cb54a1383d,0.0010080645161290322
425bd844adc2ec007ae5ea269593e7e7,0.0010080645161290322
b3ef884f1e33b6a107d06ee43b7c65ac,0.0010080645161290322
688a8429696c86caab83be49542fa2e7,0.0010080645161290322
95c0b9fd4b22c93cdb9dbe913a510d35,0.0010080645161290322
de2384063181c0476886291592396d4f,0.0010080645161290322
d452bc931f7aa2374a0ae269ecaa095a,0.0010080645161290322
e7a45ad2a3e17d0943cb73082921a3fc,0.0020161290322580645
cdcf3446c6a786d1a5f4e894730614d4,0.0010080645161290322
e1ce145801aa4a0ecb9ecc91ef07d2d5,0.0020161290322580645
339056bcd08a1e84356f2243ec5d677a,0.0020161290322580645
0276b84568c4b8db81223a9869e33abb,0.0010080645161290322
d34965122e9786b3f02093a1f536b761,0.0010080645161290322
aeb23f8af14ed19b5be2018024100892,0.0020161290322580645
9493a32852f5a3777fddacbcd876dc00,0.0020161290322580645
56204c584019c5ffac8a9b226f40c771,0.0010080645161290322
abe91f985b97b9dcaa1d105c911594ae,0.0010080645161290322
95eeb650f945d6915d2f77fb35f4dd84,0.0020161290322580645
3fbf73406bc31491f26ceeadfe3dee72,0.0010080645161290322
d24ff2f84dd80383534d7d841b2e6abd,0.0010080645161290322
6ec9cf55dc5ccbbe4e6d08272174e4e4,0.0010080645161290322
0fa41c0fce8830a488914eb80d43b262,0.0010080645161290322
5164615d6bff0a5e928bd531a84ccbd4,0.0020161290322580645
65ed5ab5e5954099e8384db4dbe65637,0.0010080645161290322
ffc4b3f20d3823d0e635ad77c7ed69c2,0.0010080645161290322
11ced260db94c41ae0b9736d5d60446f,0.0020161290322580645
f7e94a4796eb4574031d45e3faa9eddb,0.0010080645161290322
9568e777bbfe5faec039af8b7189fdb3,0.0010080645161290322
1dc163d56ede3e556a71d42502f5b1ae,0.0010080645161290322
69a428f3266e8117f368758b3ba8b04d,0.0010080645161290322
bcba506368057862f4a11f4a641d768b,0.0010080645161290322
a0d16cad7b897120442286683749208b,0.0010080645161290322
24a5f259a93ed2abf27ff89fef71bb55,0.0010080645161290322
6aca98cd7ca14164a97e924d84dcffd8,0.0010080645161290322
cfe61f9adff4f7cf6ebfae10ac4e4449,0.0010080645161290322
881287ab2fb29e3f02fefab151cdaeca,0.0010080645161290322
b156c9211d8ad3a0b985e023d7613305,0.0010080645161290322
df384a8ad6bddb8610988ba879f3f7b1,0.005040322580645161
59977a2236b1c61e14d7ce40f36c7a4d,0.0010080645161290322
5717ada723d9c0ac391bcf6d4c4fde34,0.0010080645161290322
d4b54c7b90bae469fa431b1992526f71,0.0020161290322580645
a99a9bf22f35fb33eb74d2e535752b35,0.0010080645161290322
bc8edb700e2444f80bbb506bfad6cbb9,0.0010080645161290322
ba94668e7e2b9fccc0a174c618a9eaa4,0.0010080645161290322
eb8786b3f1a4da96ccf09d1d5669b4c5,0.0010080645161290322
dcdf7a461e523aea94c7f2fec5208f1a,0.0010080645161290322
9e9d19c3e37b208be926c86c6fabb123,0.0020161290322580645
cea1829206dc57089acc4a7caea028b4,0.0010080645161290322
e117e102ac2bb70576066c72945aab15,0.0010080645161290322
4159d92b6ccbbe7617ee4cdf94d0a6ab,0.0010080645161290322
5ea25d5840a126d5c43805d6e46f2965,0.0010080645161290322
43fa2ea68fa336837cb402e3e2315d9c,0.0010080645161290322
f1a2f0a446e43878464593dd3658a48a,0.0010080645161290322
32e6863bee552956f0cff1127a98984d,0.0010080645161290322
2df85060d98b70265f7ca73321371ed4,0.0010080645161290322
030df398b4784342cf04ac486e41a126,0.0020161290322580645
a5381b3938b1b6a842f120899e6afe27,0.0010080645161290322
a25a34ff97be0143038768b59097c983,0.0010080645161290322
b828104e015fe8acf8e5145747b0e601,0.0010080645161290322
ce87647e3b5370baa2558d4246b0ffed,0.0010080645161290322
65700f078bf35737da9dfd00aa6594ef,0.0010080645161290322
7dc007f735e824e28942196da70a9653,0.0010080645161290322
697ddf81d0353fd2c6ba8350fab81e8b,0.0010080645161290322
839b61aff2f3886b9cb0f5867153dd60,0.0010080645161290322
a223e569a9c6f25460906b827b379ccb,0.0010080645161290322
35ca8d6435cdb147ffdc36818de93a6b,0.0010080645161290322
2aaf940e508b9b292ae54ad5a86f9d3d,0.0010080645161290322
c7c26e460fe8c212bc6320541fe91a91,0.0010080645161290322
9f4d121eba695f2d4243816ab7921158,0.0010080645161290322
f97f2b9d4c7565852c55ccfa54c23efa,0.0010080645161290322
8df2c7bb61de39ac64f80ff37f911438,0.0010080645161290322
4d1296aa1e05bc9198248a7ebdbebcfc,0.0010080645161290322
c603600c833ec4dd5cb72f7e3b017078,0.0020161290322580645
129a91313c26293d5fb38e5e0cdb6436,0.0020161290322580645
5b81af0e53939352ea3ca847647fc848,0.0020161290322580645
3ce4cad8e90704bf28fedf292bd2a3b5,0.0020161290322580645
d5e13d36d9a80cda6dfbc7220f2118ac,0.0010080645161290322
927f2fa635ec9d651d171e9fef7395e9,0.0010080645161290322
8f132103a326d30bef10983aa63ad02a,0.0030241935483870967
dac91214aa772172d040d02a833f020f,0.0010080645161290322
d01248803c066cf1ecb551dd5d7d3dee,0.0010080645161290322
dc9fce5e59ce6b3d3a7f25fc91327343,0.0010080645161290322
f6112905a97965140f863693ec53bd42,0.0020161290322580645
f21ff293b98c152547327130c84894b2,0.0020161290322580645
eb3d58b12ed5b793f7df58f01b66393d,0.0010080645161290322
0c88fa8cf21661bfe1a507e9283ef4f3,0.0010080645161290322
738d5ff92fc8e62c64ca677786c2e348,0.0010080645161290322
1250bd7a5dfe29b7bcadb34d3c86358c,0.0010080645161290322
a4dbecfe5e969d09fe5602385ef1321a,0.0010080645161290322
f40056c43541fb261824162eb07cb779,0.0010080645161290322
61701d9055f0d1abad9144c10fa46ba2,0.0020161290322580645
cab8399e58e8fe7ffffbe0c410be7ed5,0.0010080645161290322
89d62ec12abbe5a4ff207ddbfd77f26c,0.0010080645161290322
cf036fb7671e1b1f93bd1b26e9a30de4,0.0020161290322580645
e0b836ead88379dc1959737c273edf7c,0.0010080645161290322
8f417abf49703663702ac1d527618d64,0.0010080645161290322
04758eae01461dd6a89615912279b34b,0.0010080645161290322
d2a76900238e3c1d174e21ac09f3bc7c,0.0010080645161290322
8fc8825558001b980e1771454a1e0c6d,0.0010080645161290322
c4ccef466bf3d00439962a026341e96b,0.0010080645161290322
17e64104865b4d6fe9cf306d4e11cf70,0.0010080645161290322
cb2c0930264182b47535c9f2915acf0c,0.0010080645161290322
cbd4d40089b9b6833c2cb354f93a2de8,0.0010080645161290322
64e278cdeb8ba5c1b3c81f812a9cd8ad,0.0020161290322580645
0b2c9be6c5bc2bd3616633662bf69697,0.0010080645161290322
5888139b18c7af6c3c0b8b876fa85d5d,0.0020161290322580645
172570d6d347cad60837cca8276a523e,0.0010080645161290322
e49fb3878df0bd8c1e908caf21f88f8f,0.0020161290322580645
9308e1b5f1000803875f4adbcc00a1b4,0.0010080645161290322
bf9778d6326a6d5620a27e52f345f9c0,0.0010080645161290322
477505d53e89b59725cdeaaf263c5f8d,0.0010080645161290322
ff0e83f658bd99307b9e57400419f1ba,0.0010080645161290322
475adf63bac1ebe6acecb6db891adb7b,0.0010080645161290322
65ca42d2680e7812965b1396f2b2396c,0.0030241935483870967
a8879753f3a6679efd70f53b4a0c3a68,0.004032258064516129
76d15c346644e59d109b362141ca97aa,0.0010080645161290322
7c791530412b82e423fffaf2f06c525d,0.0030241935483870967
e4cae2156cb7af8a52b226b0d07b0ad0,0.0030241935483870967
48878d9fb10f41ad320275a3e108cdb7,0.004032258064516129
98eb0ecba5f0496473680116d2b87b54,0.0010080645161290322
6644132ab032bb37adfe1bf596b64199,0.0020161290322580645
6e010db6765d1072ff44483885d6d585,0.0010080645161290322
563b2c58bb3edfa7776b5b7079f85683,0.0010080645161290322
0e9c16aa9d3d0ade89fa504b54b673ba,0.0020161290322580645
79eb7d29aa997fa9eb9cad95d1858c9e,0.0010080645161290322
1f67b006d9cdc9cd42af47312b092613,0.0010080645161290322
28d45b273cac84949c2bb60a4650eae0,0.0010080645161290322
29b7b70bf2756fff54c2b8aa0479b28e,0.0010080645161290322
ba26c13b3e43a3e8b494f0af315b16d6,0.0010080645161290322
b3999d6d07b5a73e1b454f3abf464642,0.0010080645161290322
81e9e6e6780c3f683bf3a1f2c6cf8d23,0.0010080645161290322
53b4684e178f55cc8196743ba8535000,0.0010080645161290322
9baa3c49d277061558ad8129ec384c0b,0.0010080645161290322
42b86e3f0896c5e4cce3d1e252f69a5a,0.0010080645161290322
a37b301cb068a5caa87ef1a1601acac0,0.0010080645161290322
d0621c285ce907f73fba3c821a00d466,0.0010080645161290322
ffebd0764150b0193454eb7ed090d2fa,0.0010080645161290322
edf89579e06ad6d12d17f19337555f55,0.0020161290322580645
185b6afba2f5553b6b997f5b5d4f1d99,0.0010080645161290322
96407639ddec613b085cb9ceb64f4010,0.0010080645161290322
8d2bbb1cb09382f3cb10b2dc46ec46fb,0.0010080645161290322
915b786af4620a885fd1c173bd3ee485,0.0010080645161290322
03db416667f0913659f424927ed0435f,0.0010080645161290322
0762c58b3d79d9151340cf46f4b585d7,0.0010080645161290322
2f0bb037b0b2b1f67e5e535422e343d6,0.0020161290322580645
2d9473e730c373c4d27e9e1a12fe8c2e,0.0010080645161290322
f6dc124f7a4d0e8dd515fec1d44dc673,0.0010080645161290322
2ae68db948dbbe63cb08af3c414d80c4,0.0010080645161290322
131b5b0c9e6bb1262823982407f535b7,0.0010080645161290322
c1bf543f8e2cf790053ed3f17847538b,0.0020161290322580645
da8df3123933528169ce6e3ae675fd2f,0.0020161290322580645
ae7d1868aae602e7359e702ae7fcb357,0.0010080645161290322
1bbe783eb5dd4a64d13d00424171cef5,0.0010080645161290322
873e115aa81fc9fb5b0fd5b7980e6a6d,0.0020161290322580645
9ce4610317a6df609d425e962dc36dc5,0.0010080645161290322
ba6d38f1b4891c324791b21731decc8f,0.0010080645161290322
80b389267f010a2a9456291d9ab0f7cb,0.0010080645161290322
adccafc64c637adb41641bf5c9513bcb,0.0010080645161290322
42174cdedbaef10f10df6ecf146663ae,0.0010080645161290322
661acd68d0c50ec42b0e001652aff918,0.0030241935483870967
fcc6c15b5c6d1276312cc019c5efe9bb,0.0010080645161290322
e69e741b80cc60e050139dafdf21dcab,0.0010080645161290322
96abd91bfef26f263187f03c0a7e2c31,0.0020161290322580645
0b45ebd51bdc3d3d6994dd59818ea3c4,0.0010080645161290322
30af56d5a83a229e85db0de9d7765a29,0.0010080645161290322
0f76423713f061183d27ff80e7433d82,0.0010080645161290322
92fbb9680622dd8f19778d55912565dd,0.0010080645161290322
af2b4c0d7ccfdce930a8bde86749f572,0.0010080645161290322
f34f6e2450a4b8da217bbb0cf875d38f,0.0010080645161290322
e0160517a6767ff416ffe394e3474a5b,0.004032258064516129
252524fde21a3756859a48ab46b801e2,0.0010080645161290322
f510caa8549962194a79f8c2c2cfe8fc,0.0010080645161290322
e8edffcfc0d10601a2364d63a616110c,0.0010080645161290322
9315f7b39b0ca9c3de1a32ee489b5c7e,0.0020161290322580645
0a6975cc1ebbab574cce28a7fd8c92f1,0.0010080645161290322
93d411cfe1bc8162d75a7c52825515d6,0.0010080645161290322
fab025d61db747c21be9d7db93918f64,0.0010080645161290322
1ba93d8da32b8d78ce8bbeb0c82d65af,0.0010080645161290322
338740f234e0c56a145a3401e0015dde,0.0010080645161290322
1d9b95cc83acef36081d50d3b9e59f1f,0.0010080645161290322
0e12832e139fee94fd2315db8c1ee614,0.0010080645161290322
5b3c80c7d7e3026a71deaadcb1623fff,0.0010080645161290322
357af25d6dfc8e7a3f1947fda3ef0059,0.0030241935483870967
37b364b0dd2bedbd43dd302d7cde96f2,0.0010080645161290322
92590bd94d9037bd944853509f481bda,0.0010080645161290322
0739bf4e01d3c9d110f8bfef63097ed7,0.0010080645161290322
0329319238a8cad3d266c98079caf8b5,0.0010080645161290322
314fbc068aabcc1ca7dbc43d9aa0d3f9,0.0010080645161290322
38b47c0976bb34aa49e891f880f7f347,0.0010080645161290322
6551f5d902db94bda2f781c57d3bfc62,0.0010080645161290322
a607665fc01df970cb3f1c4002a00bab,0.0010080645161290322
a162b65f9012204cb1d6137a3968f0c1,0.0010080645161290322
e0f64c7eb3cc43a117dd9401a054d015,0.0010080645161290322
8ea600b8bb55be75bd2f06e7eafd9c89,0.0010080645161290322
af716379165d9977ded5ad96589bc222,0.0020161290322580645
0aadb0732a3ccae8a86f2abce2026e59,0.0010080645161290322
bf2c5a0fe3c7e92ebaf0fdd4d2caf755,0.0010080645161290322
cbb66c5b48a8dfec2a72cc6753ef4d9f,0.0010080645161290322
8237c6dd8091ebd092ffb2ba384db886,0.0030241935483870967
65fda32f0665af0a6d18301e12514eb9,0.0010080645161290322
fcfab546634e10be9800b9a4118b8dc9,0.0010080645161290322
2034e2f391afe0e75c8e53cbbe0a9997,0.0010080645161290322
fe0df0f72dbf989c346896eab7557654,0.0010080645161290322
dcc40ec2530beb77d288d87441c3b78c,0.0010080645161290322
68f9d429b39926169c93b181b1a3e024,0.0010080645161290322
d107446fa3272cf09b3df72cb02993a3,0.0010080645161290322
19daa442e75bbc0dae7e7b6e7e02a1e7,0.0010080645161290322
777dc63eff2ede91902a4717a64c0826,0.0010080645161290322
ca24ef53b37479297c5f8f02b18e4e49,0.0010080645161290322
d78bd4620cff51325824fede9b5b0e51,0.0030241935483870967
e6bcebdbbb83bf87ffd67bd815583b7b,0.0010080645161290322
bec6ed935285e0345af249b296b42dd6,0.0010080645161290322
ac586dbb2ba1a04fe6de19e788ee1529,0.0020161290322580645
021c91612b1e7bd75fd4b43fcedd69b0,0.0010080645161290322
1f60d0b038d7694a2262cb77c6a36849,0.0010080645161290322
d3d5171730d516f0930fc891cd59958e,0.0010080645161290322
626a63b377ded201a612e2adfa2ec039,0.0010080645161290322
d210d0b6929ce4b62a28b0dea7a47da2,0.0010080645161290322
0ca208cf7e218d146a1564b70f52fd87,0.0010080645161290322
4c6bf5b475c0344ba176b15ded780123,0.0010080645161290322
363b81dd7510b89310854b9214cf6fed,0.0010080645161290322
98956fe083289b1858f36efe9b57c48b,0.0010080645161290322
df0a0a4c75dee09959c6e7a3b246bd53,0.0010080645161290322
99c9d4db551c2f4121c163e0c992d71f,0.0010080645161290322
63a8172b958cf5cbc289d8e1d0f96232,0.0010080645161290322
d7b646241dbb68ce14eb6969afde219b,0.0010080645161290322
e44d3043bc47c4f22d3c55a4b637c34e,0.0010080645161290322
b1098de1d863ee59b5c16710ce603102,0.0020161290322580645
af8644a759871bc988562c7bfbbc2171,0.0010080645161290322
090652a77da96a93718becb2bf5d8228,0.0010080645161290322
0e5956b9a17b5f7a452383631a7b017f,0.0010080645161290322
21f6cbe271a33784f30b8119a54d10a6,0.0010080645161290322
1983e2bf3bdaa2b532e1f57c7188977c,0.0010080645161290322
33abe5c9520b73bed0d5109a8fcb56a6,0.0010080645161290322
079c024024d3aee9dcdbd8bf3d814745,0.0010080645161290322
eb0a946214312a8e1bd65ecc2befdf89,0.0010080645161290322
7668f4e7bcb1ee2ff78b48a00d9a416c,0.0010080645161290322
c58dc32fcd25406756e8fca6163d19fe,0.0020161290322580645
9d2176c908640e85287b95f9cd17bf64,0.0010080645161290322
d7d83d46f51e3f020cd7e7e51d24ee29,0.0010080645161290322
7ffb7abc135c0e94de3ffd722c7b5079,0.0010080645161290322
c6cadc7901f2d3515bf1176e6bcd4aee,0.0020161290322580645
b898eb2b7ff8148eb42a5a4798f2d59e,0.0010080645161290322
c71faced016b3cf1e641f653b4247b2a,0.0010080645161290322
c81277b967de4b755cae042ad5aa069f,0.0010080645161290322
a2ae030bae62458729e18627002bafc8,0.0010080645161290322
30fc8af207d17abc37394fbf3d1793f7,0.0010080645161290322
d1ec1495fd19b19b28a67156916cced1,0.0010080645161290322
a996429b4eedbb1bd98e3c53796ffabf,0.0010080645161290322
c091eade28db9815b3d40d2593cedf92,0.0010080645161290322
88bdbb2d113e4b7ea5e55b0003281562,0.0010080645161290322
4d4eb3d04aecdf035b1bf764b5f3661f,0.0010080645161290322
0e44f8600b6d0c947165b5fabdfa1aa8,0.0010080645161290322
f35793dbc9222d6bf643f7ded2cd870f,0.0010080645161290322
8d157e0c4479f1d17defdfb7189b4597,0.0010080645161290322
2dccc9d430ce6861c2cb925f97cddfec,0.0030241935483870967
48eb656d4b93437d04d501c12350ce63,0.0010080645161290322
d4daf80532116df00f76c184450ff841,0.0010080645161290322
892276964a2d206a56ca4352fad7a112,0.0010080645161290322
6591e022b638d01991b62b27970fc49c,0.0010080645161290322
7f7b11aa739144b4f2a452717c5a9e02,0.0010080645161290322
0b1887e6d94c60d11ab970dc17741404,0.0010080645161290322
b93c6d182580fce912d61a4d0fc753c8,0.0010080645161290322
304303dfbf99dc3f6e47f3d3b9d1e7e8,0.0030241935483870967
355470a1e71ed4900fde2f27c4d52808,0.0010080645161290322
326abd64516ecf7a8b46c88aeba724ed,0.0020161290322580645
971ebf7c6cdfb2eb90fd2def68429ba5,0.0010080645161290322
8916284d462646bd5f4fc686f25fe100,0.0010080645161290322
0e61bb48879941b89024325118ec2115,0.0020161290322580645
4d18a3764e2e131cf2062d776cde47d3,0.0010080645161290322
99eb6f90e8f4324b9ccdf471bf39672a,0.0010080645161290322
a0fdfd7cfbaf705e027aebb9b096627a,0.0010080645161290322
555ebb0a83a76cd50d19dea4042425a7,0.0010080645161290322
4ef7f06236314a7ba68b8df2bd505f9b,0.0010080645161290322
750e20934079404dec925807374a5305,0.0010080645161290322
26b39d22907723050aeced09adaf17bd,0.0010080645161290322
ceb31404fbe2d766828919225150dedd,0.0020161290322580645
0f09de58374651d3db89c4f6fb5b45b7,0.0010080645161290322
ca80fa117971f6a2f69108f0554a6e4a,0.0010080645161290322
563f740e715fe7f49d8b616846f20759,0.0010080645161290322
bff561a9c39a95363f90dee430f19fcc,0.0010080645161290322
3ae2c1bc8a1fada43ecb73a080856049,0.0020161290322580645
3a4084ed3e00273f6d89f7771cf00aa2,0.0010080645161290322
5da41e8924c1ef0e9a342afe87e47863,0.0010080645161290322
0c03edabf5311a4f34224529d409c7da,0.0010080645161290322
3fb439b194c0141568aed08ca045bbbf,0.0010080645161290322
64224e934ff0209afbc905b7d0042390,0.0010080645161290322
cf08091b1aeeb6ee416c01b10aa07ee4,0.0010080645161290322
53538c0fbb98b54e61ed3fbac98e96f0,0.0010080645161290322
a2d1fe53d019264add865d285f5d4a05,0.0010080645161290322
b7f538c71cb7e9cbc699915381d3e69e,0.0010080645161290322
80ea66fc75917f07687600397ef8407c,0.0010080645161290322
2d86c20c6b100aa90bb4bcca00700087,0.0010080645161290322
9e57db0faaeac55c1a0727870f7e9e5e,0.0010080645161290322
214026f7d5efab4573a982f530a9e08b,0.0010080645161290322
9786125932f0099ab3ae21cba659333e,0.0020161290322580645
20356e37c8d234d6e51079e86aeef08c,0.0010080645161290322
8a749f2d0ebd4b0e17544b5a405d4d19,0.0010080645161290322
f8e870df298c8ff575d14ef97891e563,0.0010080645161290322
c5dfb25fa9e7d79c793a93061a2044f1,0.0020161290322580645
573195bbbbe7e7779e08502e59c0a8fb,0.0010080645161290322
0f0d36303c82001919d8752fb13ea625,0.0020161290322580645
634645b68f78e63ff5b7932f923d954c,0.0010080645161290322
690993e9243826f2a5192abd767b3199,0.0010080645161290322
d1bc3f513e2389941069f748414816ae,0.0010080645161290322
b3963382c8462e2c6550c0031d602d29,0.0010080645161290322
1b841db573355d58ff0c5f8769a249f2,0.0010080645161290322
b2c2c909fbc237ee1de4932fa59533c2,0.0010080645161290322
11b87544ba5c2450ef40a729e9160acb,0.0010080645161290322
e6a7e83fc34f17917fe958c3f7a32300,0.007056451612903226
a96debfda0670ee36509bef0cd369f34,0.004032258064516129
dca2186f91a5a678e99976d45bbd7bc5,0.0010080645161290322
feaf1756ca8156a8aeec8bd16203fbe9,0.0030241935483870967
486495498e9684707ea7399d5cc8d5f4,0.0010080645161290322
41183f2d1b4b74ec6257a0ca4220efc6,0.0010080645161290322
12b2852b4805d2a371fde2755b9df061,0.0010080645161290322
c0d56e073f1f7f15005f0b2fbbb40bf1,0.0010080645161290322
3fe91f0898b81632ba7a37873e96efcc,0.0010080645161290322
3cdf855398aa3decf7be1fe397cd71c7,0.0010080645161290322
d72c3410277d14c15478b13608167daf,0.0010080645161290322
862ba8b54eb51ec07ce24f5552cb8e58,0.0020161290322580645
2755761e47d3bf4f17d83db587ab3038,0.0010080645161290322
e125250350eb41999febd079266ce58f,0.004032258064516129
08d322710d59951fe00e09f463122ff4,0.0010080645161290322
d048e0ce03432933c514d17b1dc72d79,0.0010080645161290322
8509d485d24e099b6358be88cd8d5245,0.0010080645161290322
2a83a2dc34b01a61894cca6085f6c202,0.0010080645161290322
8960ac3b38100b4c9711ac5dec457e3b,0.0010080645161290322
8e9581c95de1deb91ceff846ac769a4a,0.0010080645161290322
7ae3701f58eb115cada917bd56ee9916,0.0030241935483870967
c2dfec498c5ce9852b8f6196a475a6b2,0.0010080645161290322
a4f49a9a686f5514d2becf859cb548c4,0.0020161290322580645
75a839fd1d8849e25ba76bd388ce5a22,0.0030241935483870967
b7d5d1918d9d928285eccf9d8827c7b4,0.0010080645161290322
9b032ada8fe90f774d39626d6c12b7b0,0.0010080645161290322
0819776204c58bc6a7174f84dbe5bb74,0.0010080645161290322
113ce005a880987438bdbe19ee22add8,0.0010080645161290322
140c712c8d2181f4165754ecf392484d,0.0010080645161290322
a58ba8da0f92f5db1b62894298cb0ace,0.0010080645161290322
5243d352b3e0cfe7129b71ad85c8345d,0.0010080645161290322
98e7d8426ee6de0211703a896f86eef2,0.0010080645161290322
e77ae63ccdaadeab37274502d9acc8c2,0.0010080645161290322
2384eec06c100c43b3d4b7a4497b0d1e,0.006048387096774193
982f3077e793a4aae79116d8fbbb9dd7,0.0010080645161290322
db31b08b0999d1e16954f747db077788,0.0010080645161290322
140362e17d174658ec083822caaf2649,0.0010080645161290322
1c86854138b98fea357cc91c06c4433c,0.0010080645161290322
29cbf6a87e24701ba6c20a4c17e2f3e2,0.0010080645161290322
d5632e993cd4b5c461f58ca939bcf794,0.0010080645161290322
f9cda5f1fdd011a402a85f32ceb4adab,0.0010080645161290322
c1a87ea8d000cb3633cc8243f3b73d19,0.0010080645161290322
bb3d322ccd77bb342f15910b8b7f231b,0.0010080645161290322
95a1e48ef9229984f279a60d7dfef43b,0.0010080645161290322
fa7dad7990b72f632af58d973f75f57f,0.0010080645161290322
1c26d857caffa5d1679e80a6eec9967e,0.0010080645161290322
0b12a190fa68c25aaf5899e8abf0b5a9,0.0010080645161290322
83890fd7eff195838508c35f88b43d66,0.0010080645161290322
3c991e09d6e1641199ec86e42653e36a,0.0010080645161290322
514af7ea45a05a79472056b1fb4ebdb3,0.0010080645161290322
b55eb89a9e6c53894264d3c606f65349,0.0010080645161290322
f29b4ad7ba17cda4f86bf03f120fa974,0.0010080645161290322
ebd6134b9939454ab4298c2905787439,0.0020161290322580645
dd4c6b961aa16f2085b521588d22c5e9,0.0020161290322580645
cfaa13a95038460320e441dd470dc8f6,0.0010080645161290322
8dedb5620b9528b67d7c4b280e3bbdaa,0.0010080645161290322
36d8237cd5f87cac6218f07ba9acb81c,0.0020161290322580645
f84a00f33273d96a219b4a0bc15edf82,0.0010080645161290322
95faa563be87b94b03de69756a25097c,0.0010080645161290322
947306c906a2ed50559d49a541136a3b,0.0010080645161290322
d292a79149a530d1334962d421defa00,0.0030241935483870967
80a0c0e650f364c3ed6ae82ab78614c0,0.0010080645161290322
6801f9e84e1a44af06abf9f44193cd70,0.0010080645161290322
38aadf406efc85831405dab963ac5382,0.0010080645161290322
dde3bc432dbe2615e739a47262ed5171,0.0010080645161290322
54ba9b9f0c1a2c1be80a9fda6db1cbfe,0.0010080645161290322
9fefa75cbe2a769780345324959f4728,0.0010080645161290322
e09303373f9369f173688e9c10d729dc,0.0010080645161290322
b650681be907f5717ab4259ccfaa3189,0.0020161290322580645
0eb0b8682e24c8fc2671a91c90d39339,0.0010080645161290322
3a44157d88013ed1a235fa820e10a772,0.0010080645161290322
1a8d960b0a7a67799a0636c09fad82e0,0.0010080645161290322
c0d544a3ed429d1c2798e58518a6db7f,0.0020161290322580645
92e28c18670ab549f1f5e42ee8d8178b,0.0020161290322580645
acf0dc133b97af27f11f2729195a6496,0.0010080645161290322
6f727890558733f2fc09cc9004dc9006,0.0010080645161290322
2edcf30eeecdad252d5c963c11650d4e,0.0020161290322580645
b8c6906ea995f21303d44ab7b21655c6,0.0010080645161290322
f4fd2ef3b50562c67ea1669bfe195ce4,0.0010080645161290322
5fa3a5437db0b65eb94a215e27bc98a6,0.0010080645161290322
66fc1f9dce5f308a2a44af3dec096cdb,0.0010080645161290322
acfdb813c7deec303b7564b6ea47d42f,0.0010080645161290322
b3e328a3ccdf325a0589caab8569b7ee,0.0020161290322580645
d089743d1612537453a09ef55d9b4296,0.0010080645161290322
dc35d3e67d380b3a17429c0de09e4df7,0.0020161290322580645
99cc5ea46be4443b693d0113ca21cd2a,0.0010080645161290322
80e311337130bb181ae887428384bf9c,0.0010080645161290322
5358d530ac03f3e2bd51dc54379e9e59,0.0010080645161290322
37748078c2f84c6b868b6fd3560f38b8,0.0010080645161290322
ac97ae278e0cc7df15bf644adf213ca8,0.0010080645161290322
1ef79ccf04b78d8e0d8bf5e820036d71,0.0010080645161290322
254541754618ece54628aa4ee749eabc,0.0010080645161290322
3b32f9064116c6de7408a2bc22e4a927,0.0010080645161290322
0eb9f015563dd1aa552f38b9ddb6a5e8,0.0010080645161290322
c4cf1e8d7c79a508652358add9753004,0.0010080645161290322
14ea846307f92a1a5ef7d6be8394f1bc,0.0010080645161290322
acbc560fdb4afcdc91d2949cec5e9e4b,0.0010080645161290322
6d5f04ca12ddaaf4346d52855b99609e,0.0010080645161290322
28360a916bfb6e251d113b0b42303cb3,0.0010080645161290322
03d7f92a8a66512052f654e52f3c7db1,0.0010080645161290322
ad27e6c3ff385dfa4b659f48de33ba8b,0.0010080645161290322
86abbc743a7518194bbdc3aa07bf737c,0.0020161290322580645
73f3fbd889c620123419c5f72af5c655,0.0010080645161290322
ed69d9b8c9b8007936cefcc54408bd2a,0.0010080645161290322
7c6c07a12e809f174b27ad1df6d2ccba,0.0010080645161290322
3947fc3ad478f5099ee9f443b2b2822c,0.0010080645161290322
db4d704ed16edb9c1703a6be5613ad8f,0.0010080645161290322
adb94583bb495bc8907a8a3bdff83bd2,0.0030241935483870967
9c0b06a8a090676882cbf9b76e819f85,0.0020161290322580645
7e7d23d6de726d607dc846278d64508b,0.0010080645161290322
569813acfb622b538ceb45ed32b6c578,0.0010080645161290322
0c12a42b3818307cd2a87e533d1c611d,0.0020161290322580645
f6ade806c871ee67ac9045050784b99d,0.0010080645161290322
223a88703bf8852dad15ed37ac31f85a,0.0010080645161290322
2b8b91f32d5d10fd75b016095b073838,0.0010080645161290322
c53affa9ff9632232fa00beefce3c839,0.0010080645161290322
9499511dc5f29129dda77b7e640ef198,0.0010080645161290322
41145a27d327df956c57f60b6067e1e1,0.0010080645161290322
505861bb39668bf7c82392e24cc1fa85,0.0010080645161290322
c5cda70dd301f56e9510cdaafe3e7006,0.0010080645161290322
9551ba62da22a4cf2feb0840ddc0bb85,0.0030241935483870967
516a4f9eed0462193a5eb72ca435f2ea,0.0010080645161290322
5752c0bc34ea77cdbf17cdd86d2e34e1,0.0010080645161290322
aca3360277816dcb08030c2683dc4232,0.0010080645161290322
1a4a148f24f73e88292d95084b6eb9aa,0.0020161290322580645
88d56bb663d1eba6ec3017a1cee642a9,0.0020161290322580645
cdc540440f945532ce6d8ae002dac71b,0.0010080645161290322
4c7965af063ff390b068ba771b505c87,0.0010080645161290322
0de8f221a9455273e314fcf705e17a7d,0.0010080645161290322
b7ca14d2a9a8529e31a2c836c6fb6d1a,0.0010080645161290322
ac8a087524ba717869c44983d88b105a,0.0010080645161290322
ee2514accafac6eb00450eaaae530d1c,0.0010080645161290322
61794336d984b57a534cfa5d3ffae426,0.0020161290322580645
895abf539adaa6a11baa4152bfc9cea0,0.0010080645161290322
1541d4da95fab76e9a69a9e153aa2489,0.0030241935483870967
b52f6bc3ad4c3bcefa0771219a8e72f2,0.0010080645161290322
efd564e4f2d154759e64b2927f9e35d3,0.0010080645161290322
0815bc58c861646ddd6fbf6198469634,0.0010080645161290322
fd6bc453991efafcb277554d13798775,0.0020161290322580645
586f5c271d6a0a4df2e16ac3a599aac3,0.0010080645161290322
b3fbc5ac5071556b56903d08c7a42d0f,0.0010080645161290322
f1f4b94dbd329d5b5a56af98fc22bef0,0.0010080645161290322
1e4679b8fd3b6edaaa7323050c2fcc7c,0.0010080645161290322
3b2e0e87e542e10e4be9cc553da91214,0.0030241935483870967
78daae9e2b0a95979528b293b5f3a913,0.0010080645161290322
cf46ac1d60ee9e3747042f53f7455837,0.0010080645161290322
798948379f817ac73bdee16129cdfed4,0.0010080645161290322
4145619ca77ca3210425aff0cea01622,0.0010080645161290322
f8d1d00519919c5d030efeb131678358,0.0010080645161290322
d16edbfafaa9765f597ad16bffc25652,0.0010080645161290322
3320b535ac5a4ea5e00b6a51eba37ebd,0.0010080645161290322
4bce283efab4f260820b395bfbe676b4,0.0010080645161290322
e84e3abf7acbced0fb562fa2dd0df19b,0.0020161290322580645
3f0bf7eba625b83bde0327c038dcb79f,0.0010080645161290322
8922a9b69d1d4fe8cdb132c42f6005a8,0.0010080645161290322
6d6b8c184168ad53e0790a2af54f6ccd,0.0010080645161290322
f0fcd35f58b3b90a61e59f3dd6f43167,0.0010080645161290322
375a3bd2a45cbcb4b7be4f6e704bdff0,0.0010080645161290322
b9a285231229f2a5c041e70a08eec1a5,0.0010080645161290322
50965a1ffa440d92445e90aee9966c35,0.0010080645161290322
e332cd1283f604d455053d71e8f89d33,0.0010080645161290322
ad35c3a520c9000883fec2cfb8f73f33,0.0010080645161290322
2e28c45fc1b0724a59e596691d312da7,0.0030241935483870967
99ed6732c05f69fd9750d326c103650e,0.0010080645161290322
21ce15f28157a6ac7c01acdcf636c97a,0.0010080645161290322
80da3d341836cb40898faeb3d11a19b5,0.0010080645161290322
b7eaa4a26df8da98ddf27bdc19867ae2,0.0010080645161290322
336d1cd127a89eecea5c8cd12b9ee8ae,0.0010080645161290322
b25473b35a24876a80f0337e42f28564,0.0010080645161290322
41e4ffe2c18c33baa9331b50acde0bed,0.0010080645161290322
98ede221ebda9f9d491012cde3f18e39,0.0020161290322580645
efca096cc6c88934efa37475b6a49f67,0.0020161290322580645
4d569cbf5eac9b84be2c3e5df45e5f12,0.0010080645161290322
9b8de47326bf80d8e62be71b35c0c85d,0.0010080645161290322
bf5b368b11321e75a7a38b2285f2f0fa,0.0030241935483870967
9f4c8c1a707244db9d25f41c08e5e023,0.0010080645161290322
8e4ce484558a0b5b091324b695fc4fa8,0.0010080645161290322
b58e7e532be3432933427d91d47d403b,0.0010080645161290322
233a4c60432864ecd7a6c5a61944de96,0.0010080645161290322
b3a7d392d63c9a337a52e9751f30c9d8,0.0010080645161290322
b881aff64c81ac27cd795142b57ba0d7,0.0010080645161290322
53e2b13a854f07b16ba03612894bf810,0.0010080645161290322
5f9a8bbd053042988782ba70470ce816,0.0010080645161290322
7a992362397db2a8381a21695ee13143,0.0010080645161290322
41b33eaac266ce2b2586f73e7587191c,0.0010080645161290322
c30631529648f1db70b552501a70f7eb,0.0010080645161290322
45fe7b483a573985ff91cef950fd058e,0.0010080645161290322
95aeb14a9a5e30e2bb1ccfac273becd4,0.0010080645161290322
1e804fd90c0cc8da5c8e61a1d533fb80,0.0010080645161290322
b78934d3f5720518842496f1d46eab8d,0.0010080645161290322
c40b9c59a529da660d4b641c0f6c1acd,0.0010080645161290322
6079f51c2eba7abe967e34f12c89af86,0.0010080645161290322
378572768bfb0832f43aa25b121b694a,0.0010080645161290322
146f2dc7549d6d0288d8ee99da4f1638,0.0010080645161290322
cba16192e509af2eef5ecd4b4c32b235,0.0010080645161290322
0e285cdbb7e7d68beaca963e352443b5,0.0020161290322580645
9550519728e37f0c3c1ddafb256283d3,0.0010080645161290322
5d6f77f2bcb6166d36670c3c7878cb84,0.0020161290322580645
a8568e23bf2fef833cf3c87c24f32c15,0.0010080645161290322
0990f93535bea9c06cc000be0f7b6702,0.0010080645161290322
2c2211cdc489ea7ab01ca42fc64885ca,0.0010080645161290322
ccd0f68dd245a25b11337d7b9c9602a5,0.0010080645161290322
9f38a12bde3377fd2fa52f3f6586586d,0.0010080645161290322
fbb8681d1973458c4bac9d050c2d739f,0.0010080645161290322
6d610aca8f2ed22d6727494df84b0224,0.0010080645161290322
87876c6469b3da1054a8c0fa31240fee,0.0010080645161290322
56d7b7f22da4c1fd0e88aebc8e4f81b5,0.0010080645161290322
669f0a530777c4a48830186d1d4e2f2d,0.0030241935483870967
39784c1dbf06a528a1ee3242cca16ad8,0.0010080645161290322
9b8d3e738f99f988f4d15bef240d37c4,0.0010080645161290322
46a35a2835c7719c6ba458ad4d2a7158,0.0010080645161290322
fdf5dcbf4921f80ab096d659e2b798da,0.0010080645161290322
d1e87de63850acdf115b911eed6da2c8,0.0010080645161290322
98ef71ed35e80cd50503119a3b0b156a,0.0010080645161290322
1759c65ea4e802bd3332627e54440414,0.0010080645161290322
c7f2f3b9d6f93fe12ff657d45b9da22f,0.0020161290322580645
ab51dc36780322f75cbe63b56b915120,0.0010080645161290322
51c5cc8b9ee08793faf224ab6f7c29cb,0.0010080645161290322
e2c500f01b2267f951f1df3da15632e5,0.0010080645161290322
643b2f78c81fd6e83a684c1fe071311d,0.0010080645161290322
a77da9b051578825abdfc7371653f0ae,0.0010080645161290322
66f120b3f99bc79e17332452b3873363,0.0010080645161290322
43672767a6d7c6970de86f155342a055,0.0010080645161290322
abbd1f9caebecff3ecbd9e0373789751,0.0010080645161290322
a37623981468810a81c927dc4ee17ffb,0.0010080645161290322
8436cf0448a79593d22a4c22d705509c,0.0010080645161290322
d61c75418a1e7dc6029a988441b09442,0.0010080645161290322
8cd884ca56b83be7d61a33bc0b054969,0.0020161290322580645
12e92ed65cd6cba6879b421946bf645f,0.0010080645161290322
5bc03793e286fd88729cde17094cc202,0.0010080645161290322
feb681a8435a67b51193b7e58030866b,0.0010080645161290322
a8262de7e9513a7cc0796c8275071994,0.0010080645161290322
4acf3eac610feeb321242a0bf5131ddc,0.0010080645161290322
097b19f4bce3f9acd50465a66848fd0d,0.0010080645161290322
102ab9644cb9df99a15dd1af51d6d9e8,0.0010080645161290322
bbee16e879308efbae9ad105f7a00788,0.0010080645161290322
22c1667ea56993a35d3fa9d9331c4cc6,0.0010080645161290322
dd562467e037e7dfa9a2dd207b68def6,0.0010080645161290322
d6744d2d5681355f72a055b0e9207e88,0.0010080645161290322
e2c4b0836eba098ce6ce47e86dc088f9,0.0010080645161290322
529a81dfcb4af4d902ba766c3aeb4219,0.0020161290322580645
506668064ccce2e8e7039f97af32ddc7,0.0010080645161290322
97a4c7ea38ab55b8670a2e9ec5ec4213,0.0010080645161290322
6ad19680e598c46cf2d7ea8899f81ab3,0.0010080645161290322
e32e57137c748616adc343f8bd689a98,0.0010080645161290322
0f458233e6558c967fa2c21991ecb1e2,0.0010080645161290322
a49a16669f01ea1e5f3ba3c9fe484684,0.0010080645161290322
0b5067537b8b221df7b4ec73302c0b61,0.0010080645161290322
37e489f1c09daeda36674b80e77a06df,0.0010080645161290322
864166b332eae5d415fe2a9b9bc57bb1,0.0020161290322580645
508e59f008e090463e4d695cc3d289ff,0.0010080645161290322
7100f65a589dbb0ba00d2d990cb6160e,0.0010080645161290322
87d6a5fcd166f885065e3794264b03aa,0.0010080645161290322
e600744f1b4ca1ab4ed6e87418d4dcb6,0.0010080645161290322
44b88139543c176422ea5e9e82c6d444,0.0020161290322580645
8f963b25f27c523c598bfeb35ccc9c7d,0.0010080645161290322
fa8d4bc0bcef037d66887e36edcfb18a,0.0020161290322580645
7e1f32734057baf42fa603b155a2afa5,0.0010080645161290322
cfaa1cd00e7382ec569f4f05fd4beea3,0.0010080645161290322
4bc764857fca886406e9617a9b982166,0.0010080645161290322
0df8712558e4ab5f6b0e42cbeb278060,0.0010080645161290322
e5816ee94263fffa17d4f740b3e3891d,0.0010080645161290322
08a3fc4f714230110b2a39f39ea65516,0.004032258064516129
0cb9efcc2b55cdd6aeed975a08190892,0.0010080645161290322
e9a00fe87dbd8fe3c85a4b417ddf55b5,0.0010080645161290322
2aefd9e84d5005f2b72e0b8488239452,0.0010080645161290322
4a319cdcbeff0c2212d7612f477367cf,0.0010080645161290322
d1772344967ae47f3cb98885f158438a,0.0010080645161290322
c4455678ba034cc84e449d26ddbbcfba,0.0010080645161290322
0bad00f57a207e17c8589c8b8724ef81,0.004032258064516129
532a6aa0b719e63cc3eb0087d01d74c3,0.0010080645161290322
0b20b1894a2f925413c8faad05bd887d,0.0010080645161290322
4eeed49b8703a422f27a053e29e41dc6,0.0010080645161290322
5015cbb9f48c88aa555d103c9426a76d,0.0010080645161290322
32a7e9350931ba579ddb65e0c43527bb,0.0010080645161290322
79147770dbd6629b7ebed8648847da62,0.0010080645161290322
ab2511bd20785acc84adf4f2a6f13d59,0.0010080645161290322
ba1dc3b4590eee75ac11feaa8bfa242a,0.0010080645161290322
c00fd1726b9eeab39bdc39b895317c14,0.0010080645161290322
bb66a5eb0d5db04e12aa5e0e72cc1fb6,0.0010080645161290322
c43f1bb27ca16dd024f6431b34a4aca1,0.0010080645161290322
12a0c9514f29b02cc90eafd66057daeb,0.0020161290322580645
579a459300ae0b264b00d543b0ccc1f9,0.0010080645161290322
8923488bcfeb051a77acc71f508d4c56,0.0010080645161290322
93c6eecb2c6a82487554e6e60e0e70b0,0.0010080645161290322
8c21ff319760265637e7b37f847df694,0.0010080645161290322
9977ef7629dab2a0b338480ac8050594,0.0010080645161290322
6b9a2b83cbba29ae21ab29588bac0a5b,0.0010080645161290322
c302cf58036287c81dd999262f6130c1,0.0010080645161290322
499f096dc86fc77df0b2a37663ee0f92,0.0010080645161290322
be61ae5c78e11e8e249967cad7a4ea31,0.0010080645161290322
1bebad28c92fbf186157a15e68aef35b,0.0010080645161290322
6bb4882f821066e01a19a4834785f417,0.0020161290322580645
ed040413eb45a1c70ba424373699bbc2,0.0020161290322580645
937efb2463b67551e4dd577638fb41ff,0.0010080645161290322
d18913f6e3d043c48f53ca09191c2b91,0.0010080645161290322
bb5150e6f87fa99aeed502e68c3b9a88,0.0010080645161290322
6862720203e01940fd518d70816c1ff7,0.0010080645161290322
55986cdfbf1263f85920b6f5de55c38a,0.0010080645161290322
482ad6023d448d2de7d076ae9a8403a0,0.0010080645161290322
49d14ad84a0a5c77fda89d0e6bc03732,0.0010080645161290322
e98474c49d5fb49b25ab0c03c2a43484,0.0010080645161290322
98936479074599a2fe8bb1a0b2184620,0.0010080645161290322
f375797b3f6d31e294bd0767a1571a0e,0.0010080645161290322
ed5db811e7968ffa2a6f4a64f18385ba,0.0010080645161290322
a0960a47c9f7e987bd1f6cf0d122c7bc,0.0010080645161290322
358fcd4d12ed1f2235a3bb5a36bb50a7,0.0010080645161290322
34ca3b71a0f86508c8de0b47da660d07,0.0020161290322580645
0829a7a89498cfbce528e7422ead3637,0.0010080645161290322
bb725b9cd9132374add159d7d4a8ce78,0.0010080645161290322
93df55f412e1b27d0703bb1a0391f135,0.0020161290322580645
10c319dd9a9b6c2946cd436f720b363a,0.0010080645161290322
564a24bf6f9fa9a519e729ccd5a62b48,0.0010080645161290322
a6b0383ebe879e59cdecec6abf7c29c9,0.0010080645161290322
76e291b350489fd5a53660cb384f381d,0.0010080645161290322
b6019e715d92fe4ee51524bc4debe295,0.0010080645161290322
1c1a3cb6f5bac22b08ff10f7f209cf51,0.0010080645161290322
c46174fba83c319c469166ada7ae0525,0.0010080645161290322
0535f3a9960a89264ce6b2bfaf4a912f,0.0010080645161290322
560b0a13f2477acd1e6261c0a5c445c3,0.0010080645161290322
61d07e04a1997505da89144b5810fa4d,0.0010080645161290322
cf113e3b7c37334075b1aa488194b5c3,0.0010080645161290322
affcdd44e182bc2fdf53517ec5dec9c0,0.0010080645161290322
18fcf6af97a4b70deed2fb0e7ad0cf6b,0.0010080645161290322
04e9ee02ac0ffac3fd753276d142ae41,0.0010080645161290322
0730ac480b9a59f7a9eb8b15473d8a32,0.0010080645161290322
7d6e94a53d895442ddf2cbeb44f59852,0.0010080645161290322
a04f0b7b9e6e39ea115b4d5e47ea0a66,0.0010080645161290322
d76ea34451717c02ad23035489117ac9,0.0010080645161290322
0da30dde94e2eea904e3bbb6e0168ddd,0.0010080645161290322
a524492f5ecb661519f160e1d093a52a,0.0010080645161290322
81290e8a36261eed802ddaddd4a06388,0.0010080645161290322
972c08595fcae45f697986ade5c2e7f0,0.0010080645161290322
f941f8cd411cac9a920ee5e9e29c0378,0.0010080645161290322
183ed3b812412fb43bd62594a7e04174,0.0010080645161290322
6acdeeb35f0d60ca0c2a3ce9fe3cbf52,0.0010080645161290322
7c9cb9dd4840ebcd7fe979d1a9c2dd6e,0.0010080645161290322
3168f1f0009584cfa3c8064237d3a287,0.0020161290322580645
a732a2a8ba1967f451976ac13d2630dc,0.0010080645161290322
c0527afdae2a1b045919508f20890ab2,0.0010080645161290322
804bdb87f7bf538402c52a6571a7c3bc,0.0020161290322580645
11cc707476ec33ee29c62c44ce66f5cf,0.0010080645161290322
97f208679546b5fa7862cb6defca99a0,0.0010080645161290322
0de9a8c4bdfab6263cf98f22bac53660,0.0010080645161290322
dbc637b51456ff7ea0df5eed611fc1e6,0.0010080645161290322
ba9510c2c1d25b2e85ed38c3a7db4766,0.0010080645161290322
2e7bad33017aa5b681f1125f6ac59789,0.0010080645161290322
3c63dd76c2a44000a88c089f0cc0a8e6,0.0010080645161290322
b53cee64713cf7c0eaf9078dbc93b051,0.0010080645161290322
d0081efa7ee3b53b7534dcdad572c2bd,0.0010080645161290322
f586df15fb3629012d6620b04567b505,0.0010080645161290322
565282c651cdd2c26cb9311c68287bd5,0.0010080645161290322
3d9c314dc2f3d7858e8d6994caa58fa0,0.0010080645161290322
5cb85ce65bbb15c733da2384b7465077,0.0010080645161290322
213475ade2996c68b7abbd7104046269,0.0010080645161290322
05d4b6a01cd9fdc6750eaae1b12e4a45,0.0010080645161290322
8a8801d9cdd50ed857579865c3d8183e,0.0010080645161290322
bf6ab5acb91e2d0103245dcfe0cc3185,0.0020161290322580645
d71086c9896d4a018bc0ce84e67cc054,0.0010080645161290322
4dedf91423094a6d0e4f3d57e366e7cc,0.0010080645161290322
f10ad050c0f3fb9db5d59c4c2cbe497d,0.0010080645161290322
44b615f54236efe40baeb74936b58364,0.004032258064516129
c8a1bfb3879c7632d6fdd881061a0560,0.0020161290322580645
155cd51c7e5b05fc234d6a3c4fa81b6d,0.0010080645161290322
ad0c858ab8e0360b04c59af1df394fa9,0.0010080645161290322
52dc996e5871b73ab97c3345c286b502,0.0010080645161290322
fb9abc50e6899af56913e19269ba0821,0.0010080645161290322
8f9399916ef37dc7d22f26514817043b,0.0010080645161290322
656e6dba0ddd709ca04f27fefe01d41c,0.0010080645161290322
957a16edeead7722188be53d05fbf001,0.0020161290322580645
71cdf94c22a1337b8a9156ce5c5e6c0a,0.0010080645161290322
9f42977771a4674e36c6cfc3a8bb05c7,0.0030241935483870967
af2758f9ac15cf4e28c887f8ec9d233c,0.0020161290322580645
d95b678101c0389037051774de928802,0.0010080645161290322
5cca215a73b8b7fd38a9150811ffee03,0.0010080645161290322
056e7692facb01df7f84c08dcc6179a5,0.0010080645161290322
30dbcb84740779e58c7ee4466b3e6825,0.0010080645161290322
78fa78d649753b2dc4f044906665ad19,0.0010080645161290322
5e70a1c26768828885eb069db15cce6b,0.0010080645161290322
a283bc6fc9db22b28dea49e13a5f70b5,0.005040322580645161
6dbd6b7b9df46c5001e45158d6fe7b02,0.0020161290322580645
3c840fd03b9fb56cb5261cb4c5b6a609,0.0010080645161290322
5a748817410f19f421668c0a8f7308be,0.0010080645161290322
9dce3b298dcf255898f5c468e453ee14,0.0010080645161290322
1c9336715cf6b583a8e61bf67286397b,0.0010080645161290322
38eeb98146536e758c2d823c1f2e18c4,0.0010080645161290322
43bea79614f80b65aedee25234b858a3,0.0010080645161290322
cdedd08472542791b90c3444d33a5076,0.0010080645161290322
84eaba036c7ba50dec10ccba88f8e19b,0.0020161290322580645
fd3f2c5d9ec6e48be568a14c1a1ce3ed,0.0010080645161290322
42195d83386acaf471ec1675e6439d49,0.0020161290322580645
9f966a2dfa47ab39e9a2d2624def3e48,0.0010080645161290322
e5a2ea7a3a4069dcec230bc64a2b8d5c,0.0010080645161290322
e9817b12a676cccda20ce1e27b85973e,0.0010080645161290322
541240f831e4528fc2a9bee59515eeff,0.0010080645161290322
ecd47fa2c91c8c60658e31d71d26a06e,0.0010080645161290322
f83b9ded87723947689e945a7ca97039,0.0010080645161290322
2b23e98eddc2e5e3ec5624ce2cbc51f0,0.0010080645161290322
81baf3989a9dc604f68cc809d3431ad0,0.0020161290322580645
51c6d79eb4264550854f87f0e2af7686,0.0010080645161290322
e3b8c86d60850cac2e6bdb7ee27df501,0.0010080645161290322
0231f09eae6cf91f2fa334fd25bde077,0.0010080645161290322
8cfbd819d8741ba1a6ad6636dc9c8b07,0.0010080645161290322
150cc0229538a8cb8f9f976cf576e5d6,0.0010080645161290322
68086a01a1bdbbee5d02443d7f66a530,0.0010080645161290322
6a4758288f41a60d71e6c7f06faf3a2b,0.0010080645161290322
c90cdacdf8769d7ea3c39b7196c90994,0.0010080645161290322
9937c7e642dd171a4e7220104b409d4f,0.0010080645161290322
0af162896bb8e5cdf0938054b84e6ea3,0.0020161290322580645
301fbbb7a348aadec938b193bcb8ba3b,0.0010080645161290322
6482bc06c7ca40b6a8bfde730a952b11,0.0010080645161290322
eeb277724f9061f641162c80316dfc18,0.0020161290322580645
e4231b9535f2da64065b330c99a257a0,0.0010080645161290322
29b5bd7b5d9868d967889f1266c54232,0.0010080645161290322
cd8fdc99bcdc48c00cdda88b9d77c5b5,0.0010080645161290322
ca5af41af3b1cdd16113e52ef94b59d8,0.0010080645161290322
b856efb3a792b95ee565e04066379697,0.0010080645161290322
00c96206074c797a82c13cbde98a9c1f,0.0020161290322580645
7bb4340ad26af77181fe904e6199f02a,0.0010080645161290322
900a2bff715a31adcdf048279e96d4e3,0.0010080645161290322
4f71de454fdd161b30dcaa7b9b80ad71,0.0010080645161290322
97dcad8277b25d25ac272242237dfad1,0.0010080645161290322
f843e6d8b06748fce16ef04a29b20e88,0.0010080645161290322
fc8a8ca974c89021e1c803d89d74bcdb,0.0010080645161290322
3efaa4f30fb15888eccc32d5ceaf03da,0.0010080645161290322
60b3a556164ee56666dc32b789d30684,0.0010080645161290322
1d043888a4556307794167428cb72015,0.0010080645161290322
535d781fb56019b753fdd2b7ae5abb20,0.0010080645161290322
bfc9ff400dc4a0b696c2dbd17a634e5e,0.0010080645161290322
63a93d541ed3c1552d0c2bc642f2de3f,0.0010080645161290322
806a34f26787e3c4b096543905efb4a4,0.0010080645161290322
adcc83ce53c9f138a1743feabd35329d,0.0010080645161290322
befcf9c4e4741e48cbb00e111bef1881,0.0010080645161290322
6029aa080651c588c78e5a755571a3d7,0.0010080645161290322
c8b2d298edb127ee54567af16a907377,0.0010080645161290322
720774325a6211292cd1e97089eefcf2,0.0010080645161290322
98ed68f697b5739dc5668584723f2576,0.0010080645161290322
f4ab0a35f22225b71232787fbb068ccb,0.0010080645161290322
6a4531bb2057fd292783b87cd08929c6,0.0020161290322580645
82be793053f2b7341f28143a77ea559c,0.0010080645161290322
562864483c1c189cf5f43f56cae50eca,0.0010080645161290322
08c4091fd3c7a940a77db4e43ca60138,0.0010080645161290322
c7d8d0509ccaaa2529196766cb781931,0.0010080645161290322
98a8427e548519d414bad370236841bd,0.0010080645161290322
59a294b2f6b5ce67050459dc646a317e,0.0010080645161290322
fd3bf313c1f8c9224d18196a13e8129f,0.0010080645161290322
69cfe80842f9b17ab4a31903e8bb5aba,0.0020161290322580645
b26c82a50345f11bb85116725ef729e0,0.0010080645161290322
6829bf57dae8bb1fc8bbd0943f7fba31,0.0010080645161290322
c22c37ad725f6bdee499ddd897b39f0c,0.0010080645161290322
19a19a7e5cea97e9a1e2c356f07ea42e,0.0030241935483870967
984ef97167ec7b42d7a3650716d6a2ed,0.0010080645161290322
cfd39a3c7f6e7125329aa9ab070c2083,0.0010080645161290322
04a070d3a2640d7975112150578e0828,0.0010080645161290322
4eb2ffa88dbd213997ab37115835c295,0.0010080645161290322
43c38b46e22861775faf3f8b87a1075b,0.0010080645161290322
9a0d36509d99b73ba0dafff794b52275,0.0010080645161290322
9695782c25bbd631e16eff5d093ec7a3,0.0010080645161290322
27dbaee6e354b696b8c366e44219d461,0.0020161290322580645
261a97e742a889ecaeb04b44a6aaef11,0.0020161290322580645
f267f6f3c3995a81fadcb227bda9e1a0,0.0010080645161290322
993403604f52866c42c0e2ffa66e9ba1,0.0010080645161290322
3a69693e77de3262a118ae5ae22514f4,0.0010080645161290322
d2024bb7d3576974058acf2560a5b9d9,0.0010080645161290322
b3f46d7781a924479b762e91ef1f4944,0.004032258064516129
b657eaf0dc44e37a866789d31beed17b,0.0010080645161290322
ca810a92d2de35858ae49a7c7d4a7d36,0.0010080645161290322
48568121205516d6b17ebb7b82fadbdd,0.0020161290322580645
1151abb74b557c597baadcb8f7fb2bb5,0.0010080645161290322
014553a5e9479278db7982880c002ce7,0.0010080645161290322
4d0acfc6f86fa48091d1a5037bd86337,0.004032258064516129
82db16179becd534c840dfc7988e2d3d,0.0010080645161290322
760a17d8e97b3ef1a63ce35b0ba481a7,0.0010080645161290322
001509d0371c00a4fc564f472568a654,0.0010080645161290322
6f60fa2ed4b5b1f662cfaec1451b5a20,0.0020161290322580645
0a2e329531958d8edea0d50fbafe3370,0.0020161290322580645
9eae37a845d8ab56765c4683b129e309,0.0010080645161290322
5120508d4bf91746a615f351f4e86c89,0.0010080645161290322
97d70f1b71442cc26f405228d47b2136,0.0010080645161290322
6b357c308dafc0386b49511a0bb4642a,0.0010080645161290322
c05cf2633d3cd0be8c7e61d6733ff7c8,0.0010080645161290322
d6bf3c7828ca8c69589ac763ddd3cadc,0.0020161290322580645
e2aad6b4c2a9dae73a8140b13cb85501,0.0010080645161290322
33538dc6738721202f9f2b2b7211d935,0.0010080645161290322
f11f1ac93ff73711d5f2cef8076796b3,0.0010080645161290322
a538e0c72f940bfe5957d13756d7b83b,0.0010080645161290322
46389b40a99f78f8b707638e6bbee875,0.0010080645161290322
3826429cbe44e14fe84fcba3af3c8f71,0.0010080645161290322
a94be5f3d203301462a895ce3c93e8aa,0.0010080645161290322
1dd0e76a2d13e2e435d0e513c4de80e8,0.0010080645161290322
7cc3bbb5d1e29ee04294584664ebec9a,0.0020161290322580645
18d33db10649a7774714b5f178fa2b75,0.0010080645161290322
6c323a844a8f2e20294146446d2819d7,0.0010080645161290322
b3d28ebc5da3773ca5744d4564366031,0.0010080645161290322
162a0bb7f1153041605ff9dd24860509,0.0010080645161290322
21fae5f4ddb7ced3d6b3d0f1fb0bbee9,0.0010080645161290322
ec3aa3c65308aae63db55579968a4a90,0.0010080645161290322
f5f8c263ad627c6392da15e6ff222c4a,0.0010080645161290322
f9f48bd5743d3d9c2931ab4d8201ae33,0.0010080645161290322
fd07775f7e459f4c3c685b579558e172,0.0010080645161290322
8d4f785b5d4f496a6b7deb47e15e9583,0.0010080645161290322
4c598d5144e73b67b5de9cdb467a9fe6,0.0020161290322580645
c9e99388e0c7981c87bc30cb0983082d,0.0020161290322580645
8924f026180f2e3357e8dc31e942f473,0.0010080645161290322
183d5aace5734d954a3f8f5411c5c80e,0.0010080645161290322
91ce2369cebf561344e2464b946342fe,0.0010080645161290322
bab24178e657efbfcbf704119087507b,0.0010080645161290322
7b6645c6a50ee8c653c38feb8720f705,0.0010080645161290322
90791a684009cb1f56883a4be1b3c0ff,0.0020161290322580645
f83ff00849bfdb89961747934cc9cdba,0.0010080645161290322
c7b4028e89d3cca4a69354a3e3ccad05,0.0010080645161290322
ac2fa4f99d9c8f83531f6c7a591552b2,0.0020161290322580645
0660aca088c2a5a2ca31fa4057b9103d,0.0010080645161290322
6f790dd45cdd9d275d37128375f2da51,0.0010080645161290322
54dedbad4a9d8f2176ccbc25fa53e94b,0.0020161290322580645
734927a4ae509faea61ba2764de4e47e,0.0010080645161290322
7617098e699f57fab66581c8d8876b22,0.0010080645161290322
47c701e040a92d365416cb4d3843cec5,0.0010080645161290322
f4187b352581abcdcee7778ac5c911fc,0.0010080645161290322
f0fba17474b01dfb36ef20a75033fcbe,0.0010080645161290322
ed16fd3977b156e3523add145ea90092,0.0010080645161290322
990067bd338d439c060120931c88ff97,0.0010080645161290322
afabae8d3afb16fb0a0dccaa143aa7fa,0.0010080645161290322
a018b569c6ba09313d653dcca41b571d,0.0010080645161290322
716b386d1722fc31e08644352fe1f42c,0.0010080645161290322
0dac0f2289f97ee79380fb150168fade,0.0010080645161290322
a0a22774850efcf1a1ae22dbd27b94e9,0.0010080645161290322
7fddd04030313e55a346f207267c26b8,0.0010080645161290322
841f2814d3b26ff53afa8a43feb0b92e,0.0010080645161290322
0ef454231591365c5f537fb536994c82,0.0020161290322580645
f50afc1d59623db93868f1ab570a0f21,0.0010080645161290322
bd3424367081db22afe0fd34dee648bf,0.0020161290322580645
17f14c7d50521107f07d36783662a46b,0.0010080645161290322
9cb5666c0356f203d2639824aac988ea,0.0010080645161290322
79aede316161a4bbf6b3377c4f5285c7,0.0010080645161290322
11405a5a7b68f297260377057c549167,0.0010080645161290322
33e582f3554ceb75a3bce1033752d9fb,0.0020161290322580645
732f3a99d08187a9338ed57770643676,0.0010080645161290322
50f5509c29230469f24065f00d6aecbf,0.0010080645161290322
4b8a6f68fe0f64654ac1de70f384053f,0.0010080645161290322
e071acd848735b7addde4b875be8b10c,0.0010080645161290322
a8aa97d298d1f664e210db65c1e7a5a4,0.0020161290322580645
acf307d1db948d4f2a8c1f7043669a0e,0.0010080645161290322
1577b23440d27bf8038f0e80aefba07a,0.0010080645161290322
992c87b8793f53d4bced924ec5b805e9,0.0010080645161290322
63762fa009f7756206d6476cdb33ff5c,0.0010080645161290322
71472563c7b0c35bcde8fcfaf3cb5404,0.0010080645161290322
27e0f44f3002754a64ec5d2c1c750587,0.0010080645161290322
e0e5cc45c3045b03e348f3535dbb9eb4,0.0010080645161290322
38ea567f3b8088c24a6e676499cb6d67,0.0010080645161290322
731dc0725ed680720fa6ed4d72104bd3,0.0020161290322580645
8ffb186932cf68dd512f8ba74a2aa2dd,0.0010080645161290322
6e00de784519efd4cf9b623762a2286d,0.0020161290322580645
7104bfe4df17cb886c5a5358c03fd732,0.0010080645161290322
15a55d8610d5bcdc5ac183aeab9a1d27,0.0010080645161290322
9c83aab73d2898d15a95157736105c02,0.0010080645161290322
f4d80790a83f21f9119f7c1cfc5270da,0.0010080645161290322
a406502d2ee6a1552e12ffe9ae05e44d,0.0010080645161290322
67ceab4ddfe77241d109df29ac43fd7a,0.0010080645161290322
cbb9a22ca1ff773421ad464a186f5ae0,0.0010080645161290322
52c26effa21017cef8b3e1605550e2fa,0.0010080645161290322
6574d858c8e04bec4eb748f50f95ec92,0.0010080645161290322
c56b0e73e75fb12ee3277c5142379744,0.0010080645161290322
11c2ac902fdc4f500bb1f423939eca06,0.0010080645161290322
305f77f140817cc55175d854c238e172,0.0010080645161290322
60ad9bb1a02b480fbe48209d438b9639,0.0010080645161290322
aea19f8ff276031a94bdc7b4362bb099,0.0010080645161290322
bdafaa0b9decaf649323088d09ee3d84,0.0020161290322580645
e46a481a98a8e34b3fe6a7e91d70b9cd,0.0010080645161290322
dbd2ba2e835f19dcb84b29e48fa6e3d4,0.0010080645161290322
d85b2a11a3ad81d287e2eca861905b87,0.0010080645161290322
940d8f23cce99f11558259edfea95777,0.0010080645161290322
f9395829e969c4b30d38a61e0e6557b7,0.0020161290322580645
c1c3cae8b665cf703c1f09253c1c7aaa,0.0020161290322580645
9934942352efabfda7cec91767de9c75,0.0010080645161290322
06985d539f2616d9496d7056d12bed86,0.0010080645161290322
be2e0b5b6621e0136989b888b35adf79,0.0020161290322580645
ef3a4b3a3dc028d41f2c5e095265ec74,0.0020161290322580645
b3c8f82b7ba00d4ec176ee728254af3d,0.0010080645161290322
a484178e7c735e8d581140d7ecb02129,0.0020161290322580645
a04ca140b8a84047692c1f5efd26fdb3,0.0010080645161290322
c9b558a1b00474c1f9136bdd6c078069,0.0010080645161290322
6c75eac54f40df9a92c5c3d03472dd2e,0.0010080645161290322
f6f55958e76b9acc6d47dc80dc77186f,0.0010080645161290322
abe0b6466dd1e1af5818c757cca890b7,0.0010080645161290322
d4d3e08ccd0d1ab6fb187c51d0f3b3ba,0.0010080645161290322
7a54e44367c0cdb78512426aecf94df5,0.0010080645161290322
14707abcded34ab47e69d11d3aec232c,0.007056451612903226
cb3b88cba8b9bad326fa28040792cd21,0.0010080645161290322
a190608d94e542fcbf2139194d3afc42,0.0010080645161290322
20f099f7cbec2e4edf7976e9beb8d454,0.0010080645161290322
eabb876c446a39de9ef434db595ba739,0.0010080645161290322
019036ee58ba1a55894c9d2b0a29f2d0,0.0010080645161290322
177a83aa9ddbf73a3de07ff8166b4191,0.0010080645161290322
cd6fd66c9b5dcf2d5ca8717f4c408aae,0.0030241935483870967
cb4de091397e3a4662df972db2d6da26,0.0010080645161290322
a702a1d1ab4a94dd9229d782439cf2e9,0.0010080645161290322
7c1d7a600052a92311c55d15e22987ba,0.0010080645161290322
ab288065870c07b069c46669d6fa9704,0.0010080645161290322
7380d76ad3079b22ca9efea72ffba855,0.0030241935483870967
238ce9cce50e557363c3aa58b7e91b3a,0.0010080645161290322
7f07463d9ff413c4c112f4296b9228cf,0.0010080645161290322
8cad8656e6da242f98a95f70808a32c9,0.0010080645161290322
51e44c29816d839a5388e14270a4be65,0.0010080645161290322
b998c37bf9d7032c9b3c80fa0f6933d7,0.0010080645161290322
a431ae82151f0760df9848f9a1094b82,0.0020161290322580645
6aa2cf4763f54f2ae1665cbe404f6bd1,0.0010080645161290322
505ad4b6ce172a631764a303078e14af,0.0010080645161290322
453bad18dc36e082d209de4c789563ee,0.0010080645161290322
a47ab69c2e96cce789d22e6b963d0c1b,0.0010080645161290322
914bc4dca14a64478b805f7406bbf539,0.0010080645161290322
67bb2ef1c25508af663f3dadaabad3c9,0.0010080645161290322
7c782f8599ff450183d3cd6960df53fc,0.0010080645161290322
47cf38d6b1726ce6c0a2f1dd3178ca0c,0.0010080645161290322
a6dd183d5b5e95bcc005487e353b525e,0.0010080645161290322
8086a9de6303e74295d3540c6a20e0f3,0.0010080645161290322
0f21a588841a6f855584f28092595825,0.0010080645161290322
a8e86cee9c2575fc8094865091e6b877,0.0010080645161290322
a85c2266e17133a5391922062c1b358d,0.0010080645161290322
f25d87c1a1b229babbd4935561adfa9c,0.0010080645161290322
dbd6907b315afbc3e676d325487fba8b,0.0010080645161290322
2be39b176147548382ad13a67e8354f7,0.0010080645161290322
a3419a828b87c0fde60366c312400096,0.0010080645161290322
46318a96b03a577780f2c91a10d40d95,0.0010080645161290322
8cb8ce711c06139887903395abd4fc30,0.0020161290322580645
621bc8e399d782aeb6966cad4cd8af49,0.0020161290322580645
397db3730ef6f821101dc0539e9803bd,0.0010080645161290322
5a5866bbc5a176a5082809b3c79fbb8c,0.0010080645161290322
5689a5becb9e01c114c8b7880f2b0943,0.0010080645161290322
22cb8c12817900f6b74ce189f30c0b9a,0.0010080645161290322
4f960af75eef787759e365183cb5ada6,0.0010080645161290322
a97c42136172ece00e99a698d080b960,0.0010080645161290322
6e1eaebd93c7d72e7a890bb3f7686ebc,0.0010080645161290322
7e274dee4be117c9b30df03a8076ed08,0.0010080645161290322
7b41350d42e8b89eccf4e50b22b1dcb4,0.0010080645161290322
77c9defd18990e6e43d458b824f48199,0.0010080645161290322
0376af7fce1970efd5c50ae6b90bf763,0.0010080645161290322
be81678c02ff800b8b18184cdcaa7f43,0.0010080645161290322
2af49e38b48f29508a06db157b56f194,0.0010080645161290322
a274077d99a602fbd7a25450aa7a441e,0.0010080645161290322
543a8a60dbca55d2b61a63c9c070939f,0.0010080645161290322
ea26d97ac054bb74ade048ee9ee45170,0.0020161290322580645
c6abf13ccb32ddc1b00a10700c329fd6,0.0010080645161290322
92591e68d1e81190b062e00bbe865f93,0.0010080645161290322
333ed41c87f646bfeab43afdd5ea7702,0.0010080645161290322
6e6ca2d377af8746688c50cd4d6cf3f0,0.0010080645161290322
99bcb00c093394bc8ce4a155aa32fe15,0.0010080645161290322
f30ac89f97e0aac7eb38718c433e3e72,0.0010080645161290322
2b75226b32049d4031059f58a65e7258,0.0010080645161290322
4a3fc665725ec4325e61518ab7fada6d,0.0010080645161290322
da9634f7e4f3aae9753ecac01ed14731,0.0030241935483870967
61f8ef1201b5f4b2f436fc208f5afb8a,0.0010080645161290322
327e96c0cf45ec2949494e1f0498889b,0.0010080645161290322
74993934a8ae6b2994da93bccba7ad90,0.0010080645161290322
e61f5b0c9f9fbdc9cf0e4eaf5e852980,0.0010080645161290322
d49ab3979d4abcab8cb43e6cd6e1a4b3,0.0010080645161290322
7c596b2cd7a3e31e9d75a1b97856be3b,0.0010080645161290322
9aad36e6a96105494701eef740e383be,0.0010080645161290322
7148a23314305ba5d9690131dc7781d6,0.0010080645161290322
141494d848b2fb981859178a1a99d4a3,0.0020161290322580645
7ad03aa99af8714d95e37afbe3ffc049,0.0010080645161290322
a827fa7a7427498294630b5049cb99fb,0.0010080645161290322
bc0556aa64107822895c6bc8955923e6,0.0010080645161290322
aae76bcd1e08e44b59178b29ec6b660d,0.0010080645161290322
ac24ba66097ef89c7913aecf2f6f62d8,0.0010080645161290322
9fd06f6ee2a26a652c51539b22496bcd,0.0010080645161290322
c4f0cbaf31d86f56c4616ba8171010e4,0.0010080645161290322
a597032b417091ce6ae6e99eb9c85e7a,0.0010080645161290322
aa1275fb281ff30a98f6d6eaa30e1888,0.0010080645161290322
78c59cdff070b2e9162457988ff60c86,0.0010080645161290322
b4e66a91677e50a0fc47bb220fb47849,0.0010080645161290322
067af5a559d38cd26061458c33ea3a8b,0.0020161290322580645
baf2d02d688a1c012714e4c794ab4be3,0.0010080645161290322
5caf8cdc796469e5fc73ac6528f8192a,0.0010080645161290322
6968cc71b3e37bfa47ea04269843025c,0.0010080645161290322
214be3dbf5c3a0c8c543d1e0e791369a,0.0010080645161290322
b285799d27a67a0450565c3d511c9689,0.0010080645161290322
648eee7d5ab603682619009b42020331,0.0010080645161290322
9274403ea3dd2c81f9773b2d70358de5,0.0010080645161290322
094ccba81bd5058c7d1cea91a5bb7e4d,0.0010080645161290322
ea4db9a649fbdf1ea7f21767b5e2917c,0.0010080645161290322
fbcbfed5a186cde32e3a430bafe08087,0.0010080645161290322
0d181aa6ff089d741ed3bf6dd707148e,0.0010080645161290322
7890c9709b20db6f41894d02ea504072,0.0020161290322580645
ea0ff7a003ae8e628744ef4198611545,0.0010080645161290322
431b44cac589d086689510106e7a79fc,0.0010080645161290322
af684f96f945fc6fe443d0e4e1be7a54,0.0010080645161290322
0e8eace8b9bbae9c9cb3254b8b920a8e,0.0010080645161290322
9b0f3b1b4c84c14ae19160579b66158c,0.0010080645161290322
367d3b71b07a9698dd50a8c26955fd65,0.0010080645161290322
5d6f772f3a8959dd9263e504ce637494,0.0010080645161290322
5181e010b595d7a85d0099cec7e5b94c,0.0010080645161290322
aebb3cc73cd2b1daf5bae45fbae1943a,0.0010080645161290322
0ed250b1c6ead20cab8dd66ec477b153,0.0020161290322580645
c704044d91f6e5c70f4ecf763109a99d,0.0010080645161290322
410dd3aeed480ce765050483ade29ac9,0.0010080645161290322
11a952346b4946fb275faf115e08277e,0.0010080645161290322
a424441bdcc4bb639c678db907c0a79f,0.0010080645161290322
74af6cd6335efeefa4fab55ac03f47be,0.0010080645161290322
631008dec84b0b858fcd8cad83554e63,0.0010080645161290322
8f12327c56836d6f1107dd8c2f4eecfd,0.0020161290322580645
dbd40b499f5f1200a9cb7664781f4110,0.0010080645161290322
9e3e5a6356f880266b00e4fe05dc1aa4,0.0010080645161290322
c77ee75c8cb7cad4101f298aade8430c,0.0010080645161290322
3b41d5bd9424cbf78edfe56ded4417ea,0.0010080645161290322
f4290807ca0bed43d4740cc59648e31b,0.0010080645161290322
f1e20370e3e9764489a45a59af04bc93,0.0010080645161290322
41ac6fde2b852c1b93b01b2a16e73f2c,0.0010080645161290322
1b90c4e26bcf9aff8e6276c4dd20d6e2,0.0010080645161290322
1387e623e2acadaa8a328bea1bafbb03,0.0020161290322580645
23d015b4ac2aec6a8acb5176480fc27a,0.0010080645161290322
6b560fb779f583d23576565e8380cc44,0.0020161290322580645
a9d739343d4a3fe730211886c2bb8726,0.0010080645161290322
7f7eb613521d62ea69c841f75e18d9aa,0.0010080645161290322
450431052f54973a6244b9679aa2b6e6,0.0010080645161290322
74a60c6b5144e611e2030f766f4017fe,0.0010080645161290322
d9921c99264047a95f4494b744d0deab,0.0010080645161290322
24acca0bd093d88851a31f3c5488f289,0.0010080645161290322
1b1555d2299b50b8b385efd1330bae0b,0.0010080645161290322
64fe675305ad91097ef3738abbdb89ac,0.0020161290322580645
8e0ce034512f9f08666f974d3bb01307,0.0010080645161290322
813ac1afd7523f02ae53f30a37b5715a,0.0010080645161290322
8793734a2405978273f81bf7bce6aced,0.0010080645161290322
ddeb09348b38da0962fbc88b899b17d8,0.0010080645161290322
b019f68ddaf026212ac0e33a1be7a020,0.0010080645161290322
9683000e0017c7e047128996b049b112,0.0010080645161290322
35ab182ccf72c758f95e72175d10c521,0.0020161290322580645
1c3f88f92b5e0ce40a28bb10851d54cf,0.0010080645161290322
4ba740f9ec16208f693bb704440ebc39,0.0010080645161290322
72940c81096f2fcb756c8a7251a48225,0.0010080645161290322
381c962a02926369c127f8bdaa7cceb5,0.0010080645161290322
b868e59b9cd4988c7985894c93678500,0.0010080645161290322
ffedbbdc88766c6fc3117bd835c2f200,0.0010080645161290322
565064cada8dde5da4a2263afd6fbcf0,0.0010080645161290322
92526d486b0c813f97b0dea92b2f636d,0.0030241935483870967
6b1f344cb277942820a59f008a5b9794,0.0010080645161290322
6c4dfcb2bcacd71909d5c207163dd31c,0.0010080645161290322
ed910e410a7f457713a26a24e6c9d4be,0.0020161290322580645
ec2fe61015c2ec6f70c6247149bbcfd3,0.0010080645161290322
0fab5bc100fd018c71046d07196cba26,0.0010080645161290322
41b754690f28941daadeda70877ab9a6,0.0010080645161290322
32719fd2c5f7ca1d62457196906ba89a,0.0010080645161290322
071320477ed74fe7d1e3d5383edb99b2,0.0010080645161290322
f08348748f85f6322b1026df62beec50,0.0010080645161290322
032e33acd4da109f94eff34630058cb7,0.0010080645161290322
31a3f8d1531928fc070973f784fc251d,0.0010080645161290322
27e190fd83ec5ba851d33b3a0c4eba82,0.0010080645161290322
27031354ef04f435bcb5921798aa1469,0.0010080645161290322
d38919103d88c86256338c4bfc2b5afd,0.0010080645161290322
64268d3710b4b0d6e4163e1df16f14dc,0.0010080645161290322
3c750707ebea0ed248ea3f893a9ac6a6,0.0010080645161290322
2842f38c0d7577c3922bfb41a6d59efb,0.0010080645161290322
d4803abac010e4a678f1821ba166db9e,0.0010080645161290322
ef1181a697ee7c2dd30f234a475327c9,0.0010080645161290322
7773588b3cec0567fe4b6b78ee85afa5,0.0010080645161290322
a73fb3f53e3a67cef9dd338bc2d549c7,0.0010080645161290322
325054a524bd7cfd3cb337cbd753f934,0.0010080645161290322
37a4d84641643b16ae3d22d1376bba83,0.0010080645161290322
a04c50a48091d236c5c47db893966e87,0.0010080645161290322
b9508293695f54e3b7e095d70d3100d0,0.0010080645161290322
e23b34f92d2c5a9be9774c03f18eae50,0.0010080645161290322
d9fa7c7c799d57e71885726b9677210c,0.0010080645161290322
1ac4258bbf92d1ccfa10c74f09d5c028,0.0010080645161290322
a6451d2cbdc73f4ea975a28522861bb7,0.0010080645161290322
945380ce9a4b7b89d04a372f8eb45279,0.0010080645161290322
7835679a0c0b503488ab14c1c64d5733,0.0010080645161290322
a62bd4ff7a756dff3e83cc7bbdaf07cd,0.0010080645161290322
85283bfb6c5830ad1939eedf8b5a4ca7,0.0010080645161290322
e9a3e541e2de02d8db1d6ee9d2eda817,0.0010080645161290322
5d8f94e718a7e0b60ef0ed3466c7e7ed,0.0020161290322580645
b0c8948730e18ce1dc245476448755c5,0.0010080645161290322
bf8ab37c807b5937fbb85b0f32be32be,0.0010080645161290322
9d664ba6606cad784a9b235f68f742d1,0.0010080645161290322
91898c6d8e1135d695b59a08233d1aa9,0.0010080645161290322
023d76393d59094df4091979581eb047,0.0010080645161290322
843b8c3a36b94ad74939c644c4498632,0.0020161290322580645
789315d31db52667de4bf57fd17852b0,0.0010080645161290322
cd87ff46990dd6f786f24a4782cdf75f,0.0010080645161290322
15712faf9f9ecced244a326222973e90,0.0010080645161290322
571e9190036cabc54a3fdc423e0ccdee,0.0010080645161290322
9b915174ef0067373d780437e043371c,0.0010080645161290322
4ef11c7affd1e1481ff7989d775450ac,0.0010080645161290322
7985eaacb886c9254cb2c6671b75a306,0.0030241935483870967
337439bf1c7b474df1ff7ff1e037d6c9,0.0010080645161290322
7d8ffbcf667cb7a99e778cd4e5e091c5,0.0010080645161290322
044af67bf7cce3b350d7b17c67f0484d,0.0010080645161290322
804db5131500edf574159f38b512c1c3,0.0010080645161290322
888a26b8656a5264b2a65636f49546fb,0.0010080645161290322
a9db5c940f9d007ecfbfdce042d733b3,0.0020161290322580645
ceae5fa755d8a30a19486579023bea21,0.0020161290322580645
3de95ea5883749a721e17ce5036cf83c,0.0010080645161290322
0346054527e128970521ba4f39a3c005,0.0010080645161290322
da91d32f19fbcd5726b1a57b23da1da3,0.0010080645161290322
58e8a29084268b958fe1a811815fbf24,0.0010080645161290322
bf14f3224d92063d97d652a3bb9bf586,0.0010080645161290322
855dcb68835f532a2c2d6489f96a9057,0.0010080645161290322
299509bce6f6021b6fd2edb9bcdb6b03,0.0010080645161290322
8511aaf267e2ee7132ecc85a44b1ad73,0.0020161290322580645
03dc22af5c88a14adc90851a4bc93db5,0.0010080645161290322
ae3846169e24036c5221ea173422a8af,0.0020161290322580645
ca90e2ee8c20c2feb26c56b9b0d7013e,0.0010080645161290322
3d626630a76933b98a9010d71418a8e2,0.0010080645161290322
04977da9029176ea7bc90bfb61ec63de,0.0010080645161290322
a8a34efbe5e432d09b180616a12b77f4,0.0010080645161290322
ad458a4184a5481328ce3556036ce02e,0.0010080645161290322
67794f29f52e2086a1ecd6be013f912f,0.0010080645161290322
a8d30930c65c817174c57bb9190b2486,0.0010080645161290322
a21289c244c91fdc30d4fa79fb2e0ade,0.0010080645161290322
36b57ab40032f529a54f7664bffd1ba8,0.0010080645161290322
e30f70d756d88467efea096ccd43b57c,0.0010080645161290322
161926e76b03e9048963ba33af655575,0.0010080645161290322
50f5521ca5c562d8e4ed3566d1f94496,0.0010080645161290322
afd790ddbf786fee7097b734905fa35d,0.0010080645161290322
33324f76504fb681d9d1cf661d427664,0.0010080645161290322
bbaf54465fe614eb92c7bb6900cee591,0.0010080645161290322
d72ceecde4155d1690ddc334553a3661,0.0010080645161290322
0b0af3686671075b06816890c4fd6d26,0.0010080645161290322
0de06511a8d4198222c9c390e3b32659,0.0010080645161290322
8b5a1b1d2b45550212b7b56b8c92c263,0.0010080645161290322
8957be9f43a4c40108c9f0586240f024,0.0010080645161290322
2c41ad2d8f0ff9dad4d6847d93ea554d,0.0010080645161290322
3a3e8d2f04d7b099167018c1eacb0b97,0.0010080645161290322
58dd03a2c397db4819a7ff1ca780ad45,0.0020161290322580645
a3b94ecf2f05b73792bf07f1e717fcad,0.0010080645161290322
b1a31220fc1f546fa57afc180a844f68,0.0010080645161290322
8958cd421342a2797c3543b63d3b69c6,0.0010080645161290322
b362cf1f67f0c58a3af0b85054524606,0.0010080645161290322
75ca43fac89714fdf7e1b4ed5a1c9475,0.0020161290322580645
2df07bce5ae0bcd9dcd1fa97ae636ee6,0.0010080645161290322
09d2e8ced0670e953ba1426e42c7e469,0.0010080645161290322
559a2e65b32cdf499f16135d7718ddbb,0.0010080645161290322
1ad8e9d9ffd7488136cf30f2ce3ba741,0.0010080645161290322
fbfd4dc67a0a02c720ca65225cd8c3f0,0.0010080645161290322
a8bc63436793108e06df6992bb64cbf0,0.0010080645161290322
90b4ab635de9aaaa3cd5d85e50ea99a4,0.0010080645161290322
82c9c24e1da25be6e709229c93a6be45,0.0010080645161290322
9aac42ab96fd645fbdb25dd0b6441ad6,0.0010080645161290322
e57f30329fb8d689a89f79fbd19c79ca,0.0010080645161290322
cda9d1f7ac2ce66f118076851d8a656a,0.0010080645161290322
b552ada1d0089ec81a53450313cc3282,0.0010080645161290322
1262170c2fa1d3087580fef7f0e64249,0.0010080645161290322
271c2046898a7235381bb1b7ac9a51f7,0.0010080645161290322
2853795cb055eab29b1ab1bf17ab6640,0.0010080645161290322
7c220e3903b92b28632e7fbc4aabb009,0.0010080645161290322
2df2dfe3209eb1c928424b6ba52decbb,0.0010080645161290322
24a8af0409edc9c3498fc50c2cf0ed9e,0.0010080645161290322
1b214f287ce06dd8191744a8835ce8a9,0.0010080645161290322
408e1be4b38b890254edc81e1ccacd59,0.0030241935483870967
61292266fde2deef284655dede3cf4e3,0.0010080645161290322
d0830f0a2005c27a9fe90859d0287a1f,0.0010080645161290322
8c2296dcff6b9d28ed312a6125e8ccf6,0.0010080645161290322
6002c91e795f289289ef4e20ba3e88cf,0.0010080645161290322
815f1a4859ac928959b76f79c49e3cf5,0.0010080645161290322
851a2d9dacdb6fd97bb7a5bffd82d780,0.0020161290322580645
d5d727a0e5ba892a10e9c81ef29d02c0,0.0020161290322580645
0a1564e7413d9f7a66ce3219dba7b810,0.0020161290322580645
4a1855c40ee736a67e985fb37fbce68c,0.0010080645161290322
e577867a73c33e3a55cfa77b7853fa06,0.0010080645161290322
2150c93cf4b3a254af82ffb8cb8defb8,0.0010080645161290322
70b04179a3e75062f3a4445d20a03f0c,0.0010080645161290322
aafdcb222558616233890e360ec61c09,0.0020161290322580645
fa0894e5435e1d096c50a6745d038c1b,0.0010080645161290322
3d7e37d34a56ed7fa5aa96838c59d786,0.0030241935483870967
55472297932700b49362c54c782fca34,0.0010080645161290322
f806828d94894874a3201f6d2261be50,0.0010080645161290322
5c3e12e58fb301aee9b92d6d0a7fd7fc,0.0010080645161290322
4a808b54890cd780dd86722752b86f14,0.0010080645161290322
59c881e3d7018a5f371a2c2fb29b5909,0.0010080645161290322
28cfe869296aa09debac4d5f6c906b30,0.0010080645161290322
d8b35198389b999d32bdf2640cef62fa,0.0010080645161290322
543281123c9785ec8e95380af3d5b478,0.0010080645161290322
c2ef9ae8719209bfe0857d1b984d0417,0.0010080645161290322
5b4a979a90037b559f6ab9c5102f8672,0.0010080645161290322
79861555edbde5691d5349b3ed971aed,0.0010080645161290322
7d40cd7671da852a0fec2a6367e06e47,0.0010080645161290322
04b2bf9fea548a75c80a31a4e70a9f11,0.0010080645161290322
d0d2b67a33c11b2f17574d68b50a4e0a,0.0010080645161290322
55176458743ca8286f090c1b1e37e0fc,0.0010080645161290322
b891d7f06ec538eaa52301ab6ced0bb3,0.0010080645161290322
5cd9ce4e4c2b498b4bda7f17b9cf200b,0.0010080645161290322
b67604933b8cf7a20f2da788535f0553,0.0010080645161290322
7abadc403af727ddf4ef98eca44824cf,0.0010080645161290322
9f22326728409f7498701e142efd0a59,0.0010080645161290322
32d288072fea10bb80e23687203fc43c,0.0010080645161290322
3d647059ec99ed9efb5b225951bd4df2,0.0030241935483870967
53bf45907fd447b1ed9abf5d58cf447d,0.0010080645161290322
5e42de4d1e1e03145726bea07d7d3cd3,0.0010080645161290322
596b29d5e4da9d065fe6579a93b8a7ac,0.0010080645161290322
3a2f41b26267a6925ae212ddd8b3102e,0.0010080645161290322
65c3417ee6687b350bba7ae9b8172ff4,0.0030241935483870967
e8ff642fc1e10ee1d66e092f5df9fe71,0.0010080645161290322
bfcb45210a83e9779e7f4a313826f2b3,0.0010080645161290322
dca7e5a622eda84d109591452d5e0c4e,0.0010080645161290322
dac58a1d0a13afa7fd394d487e4aee5f,0.0010080645161290322
cfe9db55c46d84545d6d8f5b58b8ec99,0.0010080645161290322
bac106fc3fd1998bb1756dc3d2fa13b0,0.0030241935483870967
ae5d81ccec2562eafb0ea72a1eb03391,0.0010080645161290322
f1882aee947309c0a56ed74af5f07d40,0.0010080645161290322
7a28b9aff7c785ecc2aa77770fa49c6d,0.0010080645161290322
c7343775b91e7e64ccfd5a2b04603726,0.0010080645161290322
58575bdc56f4bcc9e74729c8fb8430c3,0.0020161290322580645
41b57b20f6b6076e9e1af24af8c5c0a5,0.0030241935483870967
d6ffe367bfd511eb440ce5ddb56188ad,0.0010080645161290322
37bbb1a75b28acde7aa168d73c7d2d40,0.0010080645161290322
6d367752b85de4776fc4c4eab36336d6,0.0010080645161290322
a8e9e7994dd8bad9d65076a0e2e79308,0.0010080645161290322
96e4b39c16f7caf8acbd2fe618eb2d2b,0.0010080645161290322
e849751dcff3b0f433781204ec3f2455,0.0010080645161290322
3fedfa99e4fe1f4d8f0cd55eef6172b6,0.0020161290322580645
4b918e45bc0bbb38ce15974ac6f92834,0.0010080645161290322
d49a4260e1e4df3009155192a53ae814,0.0010080645161290322
d2e6cde0a8d6f73f8b89b8ac52be8ab2,0.0020161290322580645
6f2a8bbe7d397293ea042d08c925b835,0.0010080645161290322
d6cdcfe6c44f6b281edf8bdd03f9f4e0,0.0010080645161290322
a15463c0e0bc032163cb5463bd3dc4b4,0.0010080645161290322
2415117a1a5d783ae7e9556fa323ba33,0.0010080645161290322
cd2b8911da00d1f396e078b5b5916530,0.0010080645161290322
d2975f5213e1ac0366d624c2b21e5090,0.0010080645161290322
359e6c708a9a979e1d906bd6e7ab4618,0.0010080645161290322
748a1e71a569c1609225b6803862c89f,0.0010080645161290322
d1015b091065efa2e0f3349ab06dd51e,0.0010080645161290322
c3339c1384901c20c9503337ff5763eb,0.0010080645161290322
48c62f4d53aa8ed04ee82e26d81936ff,0.0010080645161290322
56f1d6afc921b21d25624c949f860ab4,0.0010080645161290322
c6d5f9abed91b6d68ceac28cce986368,0.0020161290322580645
05a751f3f0979d909b01fdc9c780f30d,0.0010080645161290322
d12a3b9e7473e5e58c1001755e7523cf,0.0010080645161290322
f85eb06e2f0497207f19468d2d281fe9,0.0010080645161290322
d169298f19bd650a45777ae094016fcd,0.0010080645161290322
386d69f21a4d181513911e67d31c920d,0.0010080645161290322
db394badff18539e75350dae7df627d2,0.0010080645161290322
07e03c68413d3995604a38d3823f6cfc,0.0010080645161290322
9b3a2d0a19cc148604601f53a0163b58,0.0020161290322580645
41bf05cd6b433894a842a1081bf11b6e,0.0010080645161290322
db431378f1f9446d116b909e83613d26,0.006048387096774193
d58f8b6d120d8b17573712b520e06d86,0.0010080645161290322
e65749f44b4774c03c40d6518235d6c6,0.0010080645161290322
b9c9478b138f1645f2826a7a4c18a78f,0.0010080645161290322
c402de535f7a233c153d6631656e3054,0.0010080645161290322
7f18bf5436189db2bf2332e2717a338c,0.0020161290322580645
31098db08f92e90647748d57148000a5,0.0010080645161290322
25952c8ba8b842352e97e6af19ac0113,0.0010080645161290322
3fc8eb7794291cf4fed1c29f23fb1427,0.0010080645161290322
c286723dbdf64b524067858005ad5d88,0.0010080645161290322
6470ec1ca919911a5ef4ff74508d16af,0.0010080645161290322
4438463ad46ebca07b1779ee61a33ae3,0.0010080645161290322
757af9facede57e698c4882c3cc83387,0.0010080645161290322
44a6ff6016212650e82e3c41e524955e,0.0010080645161290322
6f6a3cbe944cf3b362a1c673712b64ae,0.0010080645161290322
a14f3f203f2c09942992c4d3773dc2e1,0.0010080645161290322
431d3fc994e3a722538b511ab536ba89,0.0020161290322580645
8f287f4ebb6eb144faaaf83e7d02ebd3,0.0010080645161290322
d680f2f0b9fdf8a4edf81bb42d3dc984,0.0010080645161290322
2bf119338536a2b83a5f478d072e0da7,0.0010080645161290322
7dcc9db467acc159ffe1a0dbcf863c3c,0.0010080645161290322
595d03fbaedee915a20d86636415d95f,0.0010080645161290322
2d3eaad3b1e25cbb06d0c68b83793960,0.0010080645161290322
ada7ac851a6e9e2f6fe51ad62f54fc9a,0.0010080645161290322
f652345d92be5edd24f3ce6304b5f8e2,0.0010080645161290322
b9107cec69be5552bc38c846451cdf2b,0.0010080645161290322
6531ed1f7cd225b4c6bda86b3dd3c0c7,0.0010080645161290322
4105b4d89b18f36f845785a34e1ea390,0.0010080645161290322
932ee972b23681c459482005daf3f9a5,0.0010080645161290322
3d35eef0cf8480b6b142f21cf10e9fd6,0.0010080645161290322
43682c94baf6a7790328625338ff5025,0.0010080645161290322
aed09982f7c71d1d4c96ac07dce1a929,0.0010080645161290322
152d068d7dd71fc30a9a8c53eb703c61,0.0010080645161290322
0214db8a36e246a9659436089c888fff,0.0020161290322580645
b4003972fc5c3f0d52cc1964a74bca0d,0.0010080645161290322
da606c30fd7c8934844ab42a1e4437b2,0.0010080645161290322
c99346f0baec660ea5d24e417c8835c5,0.0010080645161290322
f710365e9927677fa37918c0d32a8185,0.0010080645161290322
7c0c357b7c745564f9666c228ec3ee01,0.0020161290322580645
8d79c33f9f868cfb5d1e40f01ec57f9a,0.0020161290322580645
3c61b3511e21cec41ca7d4811a7cb29d,0.0010080645161290322
946108005fc1b0796b7df3834f8b54a5,0.0010080645161290322
9b7718732518b8d6b615c6a542da8b48,0.0020161290322580645
d4bf808908387cfd57790bb94c5a4749,0.0010080645161290322
b5f17afa9314d26d0c6bfa6f58271f04,0.0010080645161290322
59005deecc876423095ed12b4050fa2b,0.0010080645161290322
ec9d6a4b10ce5673b07e9d3985d7ebe7,0.0020161290322580645
ddcccedf72911a22133a561bf327dffa,0.0010080645161290322
dbab79b307faec2ff37b212f543c1a1e,0.0020161290322580645
75b26e13d1673b5f85abfe2ac4854da9,0.0010080645161290322
53e30810c3b2d32e30fe6d3fb2694696,0.0010080645161290322
a0055628ad2228760b8aa31cbc562302,0.0010080645161290322
d23032e71a4695323d89016c1e6ca839,0.0010080645161290322
03ec709a9141e40ad6d777013243b724,0.0010080645161290322
26ea383bd7e1af8d2885e9431cfafb08,0.0010080645161290322
a20ba1adfd317f708351875508ace911,0.0010080645161290322
a8a6d4328d6b03e91d2fdaad21736ea5,0.0010080645161290322
b83f6fa4bb97321e0e8432fefcac89cc,0.0010080645161290322
a5832ad0b5822694716aac91dc77936f,0.0010080645161290322
b4010890491ce208dc43452015b41936,0.0010080645161290322
fb106bbd531bcbb5d045c1a3889c74af,0.0010080645161290322
0131178638318fcf52a27378f98b4ceb,0.0010080645161290322
7f92b4adc35d0d4161c5affb46048053,0.0010080645161290322
62858a5c6e9633119cf29f2d6c72adfa,0.0010080645161290322
e333973fa3d43bc6c8460431d5b16c61,0.0010080645161290322
ef34958615ddd77ce692e376c9cb32fc,0.0010080645161290322
a12260a018b2bf0aa93171fc8206aa02,0.0010080645161290322
be420040706bbeee6ff0636ed47d2566,0.0020161290322580645
bf39081a61cab059e773b6b48b2769e5,0.0010080645161290322
a5c710686f9721844c7d977b53a0ef91,0.0010080645161290322
fd900e857bd64002dd19a3d04124d593,0.0020161290322580645
c11974606c0ca4fb9c466c22d1301a4d,0.0010080645161290322
8d173d3444363ccfaa19af788903d0dd,0.0010080645161290322
2bda9f7d6551773c91dc67935d741af6,0.0010080645161290322
4d3be3cc10485e37f43d9c65bb8e6e03,0.0010080645161290322
22774a1d19feddf8880f3bebd4d972e2,0.0020161290322580645
359b55192698be2fd2a9a88eaaca7e5f,0.0010080645161290322
cb07bda78a9a06dc26ce0db859e8647a,0.0010080645161290322
b5c2a875eada1a1d82ce9e0ead3aa400,0.0010080645161290322
5a8e55b690590d8bbbb9ba161d23b0db,0.0010080645161290322
7e1870a7b961d972f746c46a94642761,0.0020161290322580645
f4678084c95b3e2ad1a46141e7ed4868,0.0010080645161290322
75ae48cd38c35c9f3f16f59e2e9f562a,0.0010080645161290322
d514adda4e09c614c21df54537243780,0.0010080645161290322
25398ad4f49be2e19420328c310a9a0b,0.0010080645161290322
8267374da1bbab84c3dfe84a92a8a144,0.0010080645161290322
30cd0deb778650fd11787034ffcbcb94,0.0010080645161290322
6d3e22631fe01620889116eb9858bf79,0.0010080645161290322
e051501335f225e1007f4065fe22ad02,0.0010080645161290322
263a83efa50cc4bb664e8d46043f1ee7,0.0010080645161290322
bd549d931547f91466bfddb6d44009f8,0.0010080645161290322
b161725f921fd3b8bded5a4cd4787d68,0.0010080645161290322
5e01cfad8f76b7790606fd4ec4a9b90f,0.0010080645161290322
65a2da0534237ac20f4a6e18fc622955,0.0020161290322580645
934fb86a6d7378d984c8b945b465f76c,0.0010080645161290322
381e6871c425a8d370f3cb7d9829a456,0.0020161290322580645
0cce348ec8bd1ca2f8e766d297a1365f,0.0010080645161290322
a7257b2a6d16198ace022fba3475d9b3,0.0010080645161290322
7bc5eb4d7bd30dc4ecc1a3171af56912,0.0010080645161290322
11b61d555f30e7a52557e23e228a1f26,0.0010080645161290322
1d988daba03d914d995fafa319112247,0.0010080645161290322
c3da819a36e19fedecb7d674481f7dba,0.0010080645161290322
efe4c50192b7ac7947d07d144f2af7fd,0.0010080645161290322
b2b58f25d64a65f6e86049e999a3e5a0,0.0010080645161290322
bc5097c55cb90c2f0c359f6e67613dfd,0.0020161290322580645
30324405ed2fd609280ce9fba2ba537a,0.0010080645161290322
e9fa8048f3f1412bfbb1df753b015e1a,0.0010080645161290322
53c9f73d2ea319f9f0adaf454a90a013,0.0020161290322580645
f0737e86fee803f0e772ed8b78841520,0.0010080645161290322
05f77a6d1d56625114a3418abcb5e3f4,0.0010080645161290322
2b0737e6fcf8e098ac3e63d1e04afd12,0.0010080645161290322
1d013e51cf56ad52ef33537dbf1b4273,0.0010080645161290322
18927dc048dd8b09d6d5f72aeda12733,0.0010080645161290322
0641ffbe067287fed569154a7fbc064f,0.0010080645161290322
12b35598e152762f7ac42f1e930d5b62,0.0010080645161290322
0ae565c69f6b9c20eb499414392b5de9,0.0010080645161290322
27b73b2b739c57287c1d8b0938b386d7,0.0010080645161290322
3c4520efe67d38145d986844c9ef6cb0,0.0010080645161290322
d3403f9ad79d757180a9a939587142ae,0.0010080645161290322
9626ec624d7a293dea37ab796038be6b,0.0010080645161290322
7aa988f2ce7e896ffc0c33edb3895269,0.0010080645161290322
a1e8fbd634f9ecb4093050bdac5cb07c,0.0010080645161290322
31d2a60f6e431ed812554f62c639b442,0.0010080645161290322
52940902eedc3902d4f5f7f77b72f0f6,0.0010080645161290322
8a4634b8ed5871259fb1d55145fac3ac,0.0010080645161290322
ea6fd00559f4a91fd064a81d8e524552,0.0010080645161290322
73a75a3ea682a69277cc0e8cf0d912ac,0.0020161290322580645
49cc39845766f384f50f4098ba93f5d2,0.0010080645161290322
8c2ad9886709b554bb47e4c5f9b8a1de,0.0020161290322580645
8685fdcf02790d4f5f010cde1ec7acdb,0.0010080645161290322
9915a86ded426e4b4a57d34fbcd44c11,0.0010080645161290322
6319140c9911e1331d079ce882542337,0.0010080645161290322
374cf81aeacc65b6f54085d72d4342d7,0.0010080645161290322
94ea82a4cee8483d67bd2918e770fdda,0.0010080645161290322
7e9c5425c7bfa0b1410ff506cd268b85,0.0010080645161290322
9cf6a1f2c9d46d5713ee441f6a47804f,0.0010080645161290322
3911215219a9fe4e341e00b8b124ee3c,0.0010080645161290322
d0e18b9fd8d73a897d1dce2055e0fa30,0.0010080645161290322
489579147c78292d253aace7b4bf5f6b,0.0010080645161290322
a3a6712bbf92efcacc43b83eec3b62b2,0.0010080645161290322
c4cf2b38f110e5b2f2f7afd5b836e341,0.0010080645161290322
5fe07425ef810ed20f1bbad74a29ee81,0.0010080645161290322
d0b40c5ff62094eb2ef2c956bafd1d74,0.0010080645161290322
bb7944ab7fe7bb4b0efd04be02b55d73,0.0010080645161290322
54e7e6f04492221499e36973b6406c21,0.0010080645161290322
c30ad472775cb38e693d4782e481468b,0.0010080645161290322
3d3d6d132debe2302762d5f0292db375,0.0010080645161290322
03fd556e531d64353275e5734abcb02c,0.0010080645161290322
5da91e8835fc6fbd996cee6b6355bc0a,0.0010080645161290322
3d55ec4ebd6dc97e2e323c81195fd6b1,0.0010080645161290322
16e0e672a6401ec67748290e23cfa181,0.0020161290322580645
2c9a2417705b50304ab704c0c137b76b,0.0010080645161290322
d35eb4cca308688179ee82bf0ffa6d26,0.0010080645161290322
d8bffc982452b54b44f8ebe4810a8963,0.0010080645161290322
7d07ce12354b3e575bd27ac31344f8f9,0.0010080645161290322
11883d1ef8c2f1152c22afe09cc1b93d,0.0010080645161290322
173bda23aa472edf5195cc4a5dff6c04,0.0010080645161290322
2df32a779418a4591667c46326dccb30,0.0010080645161290322
e588d4f2716eed45daadfe75c5e2c203,0.0010080645161290322
fe735f99ec0f237824d503f32f76257c,0.0010080645161290322
61e605c4537a6b42ec442b5ae64ce941,0.0010080645161290322
39bb959a1746c8b685ace2449ebf43e7,0.0010080645161290322
89eca5f603cd46cb4a683d6713f8b3ac,0.0010080645161290322
d5806d9a6efc18d130495e6e3a7266a6,0.0010080645161290322
d365325cd8fc3f275cfc39f00492cc3d,0.0010080645161290322
68222e05cea0e27d4f426c1c27a40c08,0.0010080645161290322
71a713c5aa69a8e46efa23a2437010b8,0.0010080645161290322
17c78a554e06b9af4af939f400522041,0.0010080645161290322
27d890f25eee5100213ba4b6ac2cab35,0.0020161290322580645
1be414798be0e356f5055a6822d325e7,0.0020161290322580645
9429372c15f393cb8c3f6541d6d9af1f,0.0010080645161290322
2d3b0d31e43cb5dab0ff73635fb0edac,0.0010080645161290322
9c11ee8c61fab918feb56571de9b9250,0.0020161290322580645
a87fc715358034f83f911f7be43d6ef2,0.0010080645161290322
d95c5e692042b4b08b22924f284139e2,0.0010080645161290322
3336886d8296f5937de85af4aaf2e94f,0.0010080645161290322
7c61b950feca8db03c506288746d7f70,0.0020161290322580645
b89337942281b5c01e17c974ec7e0e83,0.0010080645161290322
fdcd6a8926076808ad46a96ed8ae7697,0.0010080645161290322
ffc55f1dd1a090bbeda734bda8e2f32a,0.0010080645161290322
e6ee2672efa8a1a6fc229ab32c98fa6f,0.0010080645161290322
3541589d9496520654c523cc26cc41dc,0.0010080645161290322
197ab32e6c5086a16ee08dbaaef3b06f,0.0010080645161290322
e64a426eeaa9dbbf90592067b925aa04,0.0010080645161290322
a43d98493c49a3bf654d8935860f9abd,0.0010080645161290322
a64981d517c800a4529cabc257d417e8,0.0010080645161290322
d19c173819d127c5c8f81f0426792f80,0.0010080645161290322
cd24845d3571b0ef2778d9066a36d9f7,0.0010080645161290322
27b6d2ae0e94d15fe1a1be46902436ff,0.0010080645161290322
07937b5a3462a9793d5615a94fda405f,0.0010080645161290322
b79a7a3f833be9b869441a7a903ead20,0.0010080645161290322
bd11eccbed8768ec8e24cf1f4a3e89cf,0.0030241935483870967
0bd34bb78b22527fb7aa014dc5dcabb4,0.0010080645161290322
612e7ae7cd7ee5502a2eafc742684af4,0.0010080645161290322
d0a163920b6cb33d0887cf8eecbad1cf,0.0010080645161290322
84b41fc0c28e7cb1126b32ddfcd32c04,0.0010080645161290322
1d2e3c8fd32bead3f6e06f69b77f3017,0.0010080645161290322
88bb359956a9d3f1daeb7a41650a03df,0.0010080645161290322
3e2ecf03262e84995e6553804b3ee1c1,0.0010080645161290322
23c5826d0e36d5b16e1819d6eef4596d,0.0010080645161290322
24e0cad516191cc90e20c5227260fcc1,0.0010080645161290322
10a7f0e2ace0c19d8dddf60b3a48d86b,0.0010080645161290322
d96dfe2f7bfe537c6e6a18ae8cc560e5,0.0010080645161290322
4c837385c92470800435ee728d952bc1,0.0010080645161290322
03961281083e28d4ff1e154ae215d119,0.0010080645161290322
2f3df4ed37a0e353803728e61177cd0a,0.0010080645161290322
2333d1960231bdfc948ce27091ba98b2,0.0010080645161290322
36b57d31912391509ddc6fa14c4fd15a,0.0010080645161290322
98177c0089e443b7060377594eb5a973,0.0010080645161290322
1feda80056890ac225069dbf2e5c2fc1,0.0020161290322580645
33e8d588522a881d71f881ec619e7312,0.0010080645161290322
7015715feaf25f3454f5df556a9edec3,0.0020161290322580645
687f84464fa394215a9388fb5896ebc3,0.0010080645161290322
b2afca865525c7ac1daa630995024e33,0.0010080645161290322
fd4a0f04de5eb61e8327ec501475fd9e,0.0010080645161290322
b5dfffbdf766b0abcc59c2b84315bac6,0.0010080645161290322
a7431a34a690dca537c5339da765ae80,0.0010080645161290322
34e607fc1330838229721d5b43aaccaf,0.0010080645161290322
8a8628bd17857395c80a9521d7e2114a,0.0010080645161290322
de0d843ea61c18a5a18805bddf8a0264,0.0020161290322580645
c0fa7b5c51414b26aa51eb3b8526ac9d,0.0010080645161290322
f8a5e5e97286a12ebc581cc9a2edb2fa,0.0010080645161290322
93d8e4b399be6e40d621fee4ed24e81c,0.0010080645161290322
265fcc84406d20f7f1c09dd69fd28cef,0.0010080645161290322
5bef59203ca73dae1980d5d7cb8005fa,0.0010080645161290322
0efa3e90ea12fa2c66b92dfae04f3b12,0.0010080645161290322
fa1d1274caa07bb0f882bee4ab4e53a7,0.0010080645161290322
5936feea577c4fe2f6452d6a1dba831e,0.0010080645161290322
5091eb25a963f4aed3d6324def339a00,0.0010080645161290322
73e827fe6881cd224a138182095c9a7b,0.0010080645161290322
41b4f5d6e91de1f00b3cc5d424909a6e,0.0010080645161290322
ab0d9820f417ccd9445baee9238a9486,0.0010080645161290322
1acb245becf2cc88d5b9a09b04bcc61f,0.0010080645161290322
57b44e0e5c5f8fbae6b64eec25e6a50b,0.0010080645161290322
638accc1ae32e3555d91c806ea05a102,0.0010080645161290322
f3d8335e1eb518bea1dc48155fd3230e,0.0010080645161290322
efec04eee1d0b99d6d811b60bb223f0c,0.0010080645161290322
2512a927bfe0ef95ab90c782ef2b3a5c,0.0010080645161290322
8e48a1c388a2f10d09a685cf5df00682,0.0010080645161290322
3bf973e465eed93548df720f12f15081,0.0010080645161290322
15a34990d96aa0545babace61112fd9a,0.0010080645161290322
c48d474f54266c29638bebb2ad9fa9f8,0.0010080645161290322
1932e0ef9ed48a5706db35910ecf81b0,0.0010080645161290322
1edd4c322078a99c9ebd688062931103,0.0010080645161290322
01b4aafe333b413f7f6745a9334ae3a1,0.0010080645161290322
28765bdcef102abc8d1e0941fd39d80b,0.0010080645161290322
1664345e49c1db7751da0ed0a6adf073,0.0010080645161290322
91a89c767fb41d9ae6fd2a64d2dfd8b2,0.0010080645161290322
5c2be091f2da7a2e20f1e0aae445ffc5,0.0010080645161290322
c841fb5b686b23b3da86ce7f2bcf5666,0.0020161290322580645
d0f6c993fd3c2d7f9ff9279e288f7d9a,0.0010080645161290322
87212adcc7e965b90bf500acfaedcd22,0.0010080645161290322
21ec31bc7cf9d0b9ba56b2f166540b94,0.0010080645161290322
a42f14adf7c850bffe94e764f1ad3281,0.0020161290322580645
7a23e78f1f63f4da31607cf2c05972ee,0.0010080645161290322
fb665bd4854c3537d792e5d5447e4068,0.0010080645161290322
af33ec6b01085e8494d26fa3758c15fa,0.0010080645161290322
d3b52ff33c77c4ff07e6eb17957041be,0.0010080645161290322
aba1736251d9cfdc76edaf76777595ab,0.0010080645161290322
bdb9da2a3d35dd55d0a49e283b8c2629,0.0010080645161290322
96ae6e5f9278965dd234c0e4087d260d,0.0010080645161290322
bbdcbe8ce82da0572b7fac3b159da267,0.0010080645161290322
92addf6f94cee3608b2c360ce2fdd61b,0.0010080645161290322
501d3e83c88883c85aed163af60ec786,0.0010080645161290322
11ed2421d7e3f9fbbfe077fe9df6da7c,0.0010080645161290322
1e596ffa930335e8e6d7bb9349bf4cae,0.0010080645161290322
25bb94cd78045ea60531269c363ea6c4,0.0010080645161290322
a44447725e27dca64deec0305bb1de31,0.0010080645161290322
92d952c6fa6b2aa4d1aba1c7d1b0efd2,0.0010080645161290322
b70399aba54ee2cdf41dbb3070651583,0.0010080645161290322
25b52b1d26ea1dc72d2cbb3bde7fc04c,0.0010080645161290322
35948e82dd76d73f0f62d9c569e398fa,0.0010080645161290322
3f909cc3494d27924276495c58539e84,0.0010080645161290322
988a718ee6928fbbc3f315d2755ccdf2,0.0010080645161290322
23baddd605d06fc1c120ccf083320a0a,0.0010080645161290322
484d7ab87e88d71ceafe9cd9fbbd1c3d,0.0010080645161290322
32969a8a06b920f2f0c83495efe2712e,0.0010080645161290322
d6836a7b1e722a9db523e8eced77c2a4,0.0010080645161290322
af3dc21743099c3989d86cf61b6b016d,0.0010080645161290322
03f459d3e13a22d9ab2fa716b4490c29,0.0010080645161290322
f45c665e9b7bfbf3e20458d52b6dbb70,0.0010080645161290322
b373621b10f77ccacc47bc783f001fb2,0.0010080645161290322
0bc283b1b7faffbccfcc70d7aaab7fc7,0.0010080645161290322
4b9ad859701dc1fc8b80a9b2428d89e3,0.0010080645161290322
8900584ba36c977e2e7a9afd88f968b6,0.0010080645161290322
4b5afcb29dbdd90835d51b4249e8ddac,0.0010080645161290322
e7f88e87dd6bf8e2639f8802ce06d8e1,0.0020161290322580645
a0e54f62e508f8a38abc0eac67a6d3f2,0.0010080645161290322
f2275272431b1a2055cb2b8ac17ac747,0.0010080645161290322
39c2680f28e84b205c76fe2e48d5e6b6,0.0020161290322580645
2ce6614dcadf58148b1a86f45f95c724,0.0010080645161290322
00eae0b8a9904f6144686df7badabf8e,0.0010080645161290322
18e7da3095044438ee3801162ec567b8,0.0010080645161290322
8af50a8783beefc053c8303e91a5debc,0.0010080645161290322
17740674d420bdffa1f8db7cfb292e31,0.0010080645161290322
3c3b112caf2c5bb47f83f8ae643cc795,0.0010080645161290322
83e9183655942bc155b6f087643cc655,0.0010080645161290322
f7168a47f0cdc460d4ee9b5ec18a9392,0.0010080645161290322
edc0037aeac9df2698fe5777b9ce8e86,0.0010080645161290322
d7000512426b399ac4ebc4ab772b5ece,0.0010080645161290322
f940b3bcb11f21c32f275a82442cc82e,0.0030241935483870967
cf14d1f27e0f1572c6a8278bdece34c5,0.0010080645161290322
7edba45d6911f664afcf373f815e2132,0.0010080645161290322
e09453c82b6156a924e71221795db43f,0.0010080645161290322
1017792eb83138c71d89e4289b091055,0.0010080645161290322
f0e743c74f6aed1e363232e425e5cd5e,0.0010080645161290322
ae618ee3e654fa09a0b0ed26cb82e03c,0.0010080645161290322
52a24cb8a99540872d7d33477ef6d4e1,0.0010080645161290322
6860edc97eba6bd4661f63dc7367b01c,0.0010080645161290322
4d7ea28f1e88a27aba418b5a6946acf5,0.0010080645161290322
a9f39045d7325bc95e9b1c7ac3190a97,0.0010080645161290322
a71f28c161d6a3ab1bc900d30201fcf1,0.0010080645161290322
c213037d2377ab4f8775b7fba5c43b21,0.0010080645161290322
93bc922bfb3a6f7454710e5282f826d2,0.0010080645161290322
fb120bc63ac8c5af477ab7162239398e,0.0010080645161290322
355223b59167068f9d394703e0d50e98,0.0010080645161290322
ae22da3e72dfebbd80cf6b283a035427,0.0010080645161290322
4014409c808bc1ec18ab4afb256198c1,0.0020161290322580645
dd5bac701b01a3f4e01c48ef88bba02a,0.0010080645161290322
142229b149a04177890b60d7378e531f,0.0010080645161290322
ea1668b534a8fa5e0752a35c019f0707,0.0020161290322580645
6a9e1e655fe2af5613febe562027c470,0.0010080645161290322
9727f76cc8b92324693a0cc5abfeabda,0.0010080645161290322
dcecdc19401bf854cf43161cb2148ed5,0.0010080645161290322
6d692524d5e66b2b31f60ddce99d1217,0.0010080645161290322
053e4a751888584242d39449cd420608,0.0010080645161290322
4cc45db0fa15a5782c5bd72db711e9be,0.0010080645161290322
b38d2dd00a40e6e7a6f63f1060e3848f,0.0010080645161290322
fe2edcb83980c87d9261f5d889069342,0.0010080645161290322
dcfe3bbcd6082747e1ce6399cb245f85,0.0010080645161290322
8a0280d9d22ff920addd58954b31dc8d,0.0010080645161290322
5ca84902d76ff8aa5344602a2ac82a88,0.0010080645161290322
3bcfca206b0135ff6e765700c422e67d,0.0010080645161290322
e1de17e8e14de4893703d47be82d6ad0,0.0010080645161290322
108df807db040a524dbf525e0b8adc14,0.0010080645161290322
27964ee49af5ca5d9f226964043a8a7a,0.0010080645161290322
e82065eb8b0e1c1115cdabd2095f3769,0.0020161290322580645
e2cc7102e1230a241fa1e3386bdf40eb,0.0010080645161290322
b5645eb4c527cc6aaf8763877615955e,0.0010080645161290322
11c6414a530880a018b6f9d829af445f,0.0010080645161290322
974088e831e3923f78b51fd271e1b3dd,0.0010080645161290322
ec0fca525b1ce452d1bfb852d506a04d,0.0010080645161290322
254298388d9c2a958a17ffe442497caf,0.0010080645161290322
44da2b2fd7139b47608c8b988ddac23d,0.0010080645161290322
3bc7d63c6f6ab8fe360ab9c4b2174f5d,0.0010080645161290322
287f5d718a72aa702f0c67d0ea5fe839,0.0010080645161290322
3c8881fd28ae5427785761394b759507,0.0010080645161290322
e1e585b15d24f9c1582ec67b78c68206,0.0010080645161290322
1c5eec3eca640decc75434e9dd00ff4e,0.0030241935483870967
90a04c233e6e6661708b09b2f2841231,0.0010080645161290322
892a16c833589c52add9dccde637fa79,0.0010080645161290322
6eddf32ee6dc2e591fe05ff855049b7e,0.0010080645161290322
136442f1a7c7f434241735194d2b12a3,0.0010080645161290322
145db3f27330977ba092b0b23012fc04,0.0010080645161290322
8cf1117910eec5bb6eb49e6e53477c48,0.0020161290322580645
5ceb8e8648abd28d0d3fc98f1f0dc7d5,0.0010080645161290322
30af26fdf8a71d00ff4b02ef815afd82,0.0010080645161290322
6784aa65a5ea5a92e2aeeffea7a63b39,0.0010080645161290322
5ba339813ae7235641d2f1ff581ff2d7,0.0020161290322580645
3acd785a5cb3e5f00a1afa3866ae2037,0.0010080645161290322
f1774c3e4575a3c1d7e2cb6833dba65b,0.0010080645161290322
49284ab60ac1f4b87636429ba993014c,0.0010080645161290322
45668ceb4cbccd3b2c741ff8507bf0f2,0.0010080645161290322
a89ff0edc19e5f3ed475cda243b6598d,0.0010080645161290322
e8564c11dee7bcaa4c74da42bf616d60,0.0010080645161290322
9894df8bb71855c19e7ca2df337314b0,0.0010080645161290322
fcfae47f8f130b3d703dc73f4a5dfd68,0.0010080645161290322
bafd304364009e4592ccee77a0edce20,0.0010080645161290322
2a13235c6fb693b7cb77961eae4877f8,0.0010080645161290322
54b96761388b41f3e587491b3f0a85b2,0.0010080645161290322
98b9a639450b2981bd4753824b00f2db,0.0010080645161290322
6829170d4adbcfc631f703246119f096,0.0010080645161290322
1de0f7db04fd0c35d1508dc00535c742,0.0010080645161290322
89261e03bf2b1c33bcc89d49b579765b,0.0010080645161290322
c0d1147044d7d583bda4db08fd124994,0.0020161290322580645
8afaa06e678f36639e254d5d97ef106a,0.0010080645161290322
4a341adb85aa9c4a1c9477b1c4806d84,0.0010080645161290322
f05a1196c5f313e81cc59e804e45489d,0.0010080645161290322
178e3f8879f65091711835472e9a7031,0.0010080645161290322
ca8233865a4b71d13640e6cd2bb05734,0.0010080645161290322
e97f91890cb7c2d5f989276fe7eea0ab,0.0010080645161290322
a9e3e01921a6a77269f4a8362cde3332,0.0010080645161290322
d0d04ec967645a9e5fe5d7c8c39ba926,0.0010080645161290322
ed80948285dcca1d81e073cce67c7bc2,0.0010080645161290322
eedc25beb888b99f3c7ccba3418c713a,0.0010080645161290322
3bc9fc263b547942fcbf165fdfa230a5,0.0010080645161290322
e9d1af7a1a064d9610110b35a02eb86f,0.0020161290322580645
a5050c299a26598b5952abedd6101a1c,0.0010080645161290322
0b699709d87f07830aef002bbad96354,0.0010080645161290322
0c072df71e3bda0646c9537876533241,0.0010080645161290322
6b853ec7f08ed4bb9ffa68fe4061e995,0.0010080645161290322
d7a7d2fd4db263a5ba39dc78c2bc1c88,0.0020161290322580645
6e91519a70324db9d6bb908164ee3b7c,0.0010080645161290322
64bf86d293dce2ddd8f8d68a255b8050,0.0010080645161290322
2bab78ef49c47bf919bb504afaa72e7c,0.0010080645161290322
d289adf2025d3e48ab8fd3f82ad05bc8,0.0010080645161290322
0f99ee72c492684a0acfb242dbafbfdd,0.0010080645161290322
1f13118da5f2f67fc5b4d6e7a7355c29,0.0010080645161290322
84eba06b180b03a01663ea842b1609b8,0.0010080645161290322
ef9d942d8b4873a5d7ba70b5e2e952db,0.0010080645161290322
05798a10b10a05ec53ed51315e0c1f85,0.0010080645161290322
0c8530ad117263eb99f915b330469287,0.0010080645161290322
d4766ba031a057b40e61bd528f3e156e,0.0010080645161290322
e90622b3b2046574c7f54cd9a50b0317,0.0010080645161290322
6e0970767f410af1fc758c43dfbf9e1d,0.0010080645161290322
0f3ab9aa88c5df3e2e8a4273b49c0736,0.0010080645161290322
03c3461a75e10b1a6e19779e442fde8c,0.0010080645161290322
b2c1b61f3ae39553afda4ceccce9b096,0.0010080645161290322
d5815f2f3f650ca1422b53f594e957b5,0.0010080645161290322
474c0a33ff9d89f89585b283503e263b,0.0010080645161290322
646f4cb57962a11a6ca39bf1eda987d8,0.0010080645161290322
223aac17ea1df910b2670ad58c48653d,0.0010080645161290322
26bab6d66cf0ad583d038559a1684be3,0.0010080645161290322
676f7b85ca7bc54ee3ae99aee62c9d33,0.0010080645161290322
51e07603ccf219b126fe42fa257e0d24,0.0010080645161290322
86a09ffbcb1e7e143dfe34b2a40f7e19,0.0010080645161290322
0440563a329ae005f25e2977ce23169f,0.0010080645161290322
8c6374cf06b7845b0e122ff973a0f740,0.0010080645161290322
313db932efc03a9ae9ef6ffca620b1b7,0.0010080645161290322
64bb47ee30b7ae71af8b5ba1e9a1e4c5,0.0010080645161290322
a5f27502075e3efd4fcebde2638afe9e,0.0010080645161290322
f434d40a1eead0817e6fe9dd8a2e8156,0.0010080645161290322
e6a4880c170cf2db4f58dde438eb2203,0.0010080645161290322
cda4a3fa44f62d6483854dfc920ed7a0,0.0010080645161290322
912b1d7a0dd8a51b8b774597b71539ee,0.0010080645161290322
23d29aa6570bb7fa5c9a698ae1458669,0.0010080645161290322
ac8a4c5b7e9cbc1d6b936cae65f7c24c,0.0010080645161290322
4bd63e33481f88af81a999e24b670757,0.0010080645161290322
3cb1c9abd587e376d2b239f93e03f6d8,0.0010080645161290322
178d7673cbcda502953bb190bfbe8c5e,0.0010080645161290322
442ad14f79ca2e954cf21fbf368d3563,0.0010080645161290322
de8ed5a0d99cb90c095eabe8b21e5251,0.0010080645161290322
907b2cba930ecc46f76ba29145a4d88f,0.0010080645161290322
720314839e9f8589c8c9b930e96e55f8,0.0010080645161290322
02d3e792e5977690e1f9f699a89c94f0,0.0010080645161290322
137d7a75ba271a35e24f7d9277191faa,0.0010080645161290322
85d5978c8eefec9aeee205b3fa16f5e1,0.0010080645161290322
7f6e7dd290dc96a92cad33a24312875e,0.0010080645161290322
2ce05bd0f7b930c66fc5e42f0ace3842,0.0010080645161290322
04a4cf4533ffeb20f305a097c7d4fd0a,0.0010080645161290322
a870432ddf117d15c28a99028b6c2fb5,0.0010080645161290322
a6924e88081a308e3c03196361a3b89b,0.0010080645161290322
82bc266b57a40839fb2fabbed0590567,0.0010080645161290322
565d2950ba16791e21ccd72734d99794,0.0010080645161290322
ede8dfd9cad7df1be12df9e7e930f8b8,0.0010080645161290322
f443973425ee863a283ec80b2124ebaf,0.0010080645161290322
d1c979190a85cd7fd799271f60fc4903,0.0010080645161290322
70945ec0936ae462a965e5f4e3f4a40c,0.0010080645161290322
8735504234e2f701a38449e0f72af607,0.0010080645161290322
929c3de2cad1399c44d8ad70c1adde8e,0.0010080645161290322
40901c3ceebfceb9c5c352cf39cc60c9,0.0010080645161290322
ab974163b86113c6947ae523ec5c4616,0.0010080645161290322
1d08c2b99571319e7415a08eb6107e4f,0.0010080645161290322
8857d8313e4642fddb4f00e6f2c27204,0.0010080645161290322
921ab3f08b731f03dd40be2568604c83,0.0010080645161290322
9e0d0df6c6084735adde96b44ea223f2,0.0010080645161290322
31fb25294733e90b1edd4e0f6856321b,0.0010080645161290322
c1ae48fadddb357fb953fca02afbf5b6,0.0010080645161290322
6a67ef99d92350c2b38e453337e95b95,0.0010080645161290322
5b508de8850f521a34fc60dd39d4dd73,0.0010080645161290322
cb167f36bd294acabd4617b23917c107,0.0010080645161290322
91107ffce6956350f9da96f5d5efb4df,0.0010080645161290322
6e8e4cb59fccf3c287281221e3bb8a6a,0.0010080645161290322
e429240984df8107f1a6a0834c507d90,0.0010080645161290322
784d5bd003c90cde222c8ce9f27043de,0.0010080645161290322
6d3b0f7f12ffb706445f87f718455144,0.0010080645161290322
3c26c2fe595f1b16bf820d647dedb387,0.0010080645161290322
a3ba6a74bcaa488f788f0f9341f5b874,0.0010080645161290322
8509c94db071382431a172744afe5373,0.0010080645161290322
5e5c143095f77591dd4cd26326ea7879,0.0010080645161290322
a77dc8f569df65fe262a1829d2d819a6,0.0010080645161290322
e6a9ad0cbfeaa3479e6c509894c91465,0.0010080645161290322
c6b124b5952b3a13eeeec6a32a924ac3,0.0010080645161290322
417484ec89cb08f7d6538f5f07ca4a98,0.0010080645161290322
f0ef333362eccf1ec5f4d08790185093,0.0010080645161290322
d5797b663f8bd5241c4ed8c8b81a109a,0.0010080645161290322
2371b51df1945c0d35791f713bc8b98f,0.0010080645161290322
66720fb4fd18edfed448e31024a559f8,0.0010080645161290322
09fdf2f019c182f7dc71daacbe3b6a96,0.0010080645161290322
1b2e9ede9aa89606fff91bcf60f44e2e,0.0010080645161290322
e6239f0503f341c66646cc27dd35ddff,0.0010080645161290322
d676fad4c481ee243a5d55e3871007fd,0.0010080645161290322
42e59c9a89f49ae1a2e144a999baf9e5,0.0010080645161290322
7c1ba9c66d8580eb65edf4efacfdf81c,0.0010080645161290322
94a191803bb96e397cd54e29e5ff774d,0.0010080645161290322
0fe9ec5801a726f526c669af8237ac5e,0.0010080645161290322
42c4df98f85ec992ddbbf8b518ad0d61,0.0010080645161290322
3e4b0501ab9065bd7062583ee3f7c250,0.0010080645161290322
e4e58789276f65e1f86a65deff2a8746,0.0010080645161290322
ad28ea35c01e190369f996025502ae44,0.0010080645161290322
715dc824d62d84dfa572c5a2dda6c0e2,0.0010080645161290322
a278a760a63909b1dea7994472d5118b,0.0010080645161290322
2b352ddb471efcce1f6ce58aec7d7fca,0.0010080645161290322
e115ba35f31e962618ddf317a9f4b202,0.0010080645161290322
e873ac7fb50439dd8c25b405c3f4becb,0.0010080645161290322
ec12f53c37d6936d92bdbf1d30d9ff29,0.0010080645161290322
3a83320fc10c1d2fdfd4cb43dfac854d,0.0010080645161290322
eb577b2d78d51f8262193c323f8265f5,0.0010080645161290322
556b9e3497c1ea5e614a4ccde4a726fd,0.0010080645161290322
35db80c32e1d21ffc869fcfb240064f2,0.0010080645161290322
024564159facbde5bd68c81bc6f2f77b,0.0010080645161290322
4e2eb1a91f70e9122a562e4ad5baf1e2,0.0010080645161290322
39c63919b1f3db85f925efc844b03338,0.0010080645161290322
8f2d3276a5aa3309363c7c71743c0b8d,0.0010080645161290322
f0a3b00b2663c5766c3fc19021d63769,0.0030241935483870967
c8d2bd1b35decd6510a0ede36efcfdaa,0.0010080645161290322
dd3d4fc91bd9034521134cad3db2def3,0.0020161290322580645
ee45f9e496cb0c1e18b2b88cf7eaaf27,0.0010080645161290322
a42815a205f2a90e27f31ab034213e74,0.0010080645161290322
4d43559997eabeed3a153daccef61d95,0.0020161290322580645
c752b43e9b2c64a7b739f989bdaff21b,0.0010080645161290322
66e8175fe210eee158e051203297dbac,0.0020161290322580645
991bf0c2918e6725b570a7ed30e1a382,0.0010080645161290322
bba1434e1bb3862f4bf28016ae6bcd3d,0.0010080645161290322
2affac7ab89fcaeb51941c067f19b63f,0.0010080645161290322
0fc9640f4fad7d66d7dc0d0f9d8bcf40,0.0010080645161290322
ec700505f9c2729535c61d5ba7e049c2,0.0010080645161290322
2a7a1a3d867180c535a362264da6da2b,0.0010080645161290322
7bb4d1ae137656345f9bcfb4d1f93a3b,0.0010080645161290322
83456f8cdb5c2c46254516b147f766db,0.0010080645161290322
72e2a9587b9051022627ce7a9c384f8b,0.0010080645161290322
73c0ea20d7f4219a467be11959c21c7d,0.0010080645161290322
81963192ae7e9d21033d396939ee40dd,0.0010080645161290322
473ede2e26694597e71bf08b74343caf,0.0010080645161290322
436e50b0f2f306c1bb2b46547129b356,0.0010080645161290322
5d1e1bf33aaf53cce2bf03310422e4e2,0.0020161290322580645
ec1d4e169aafd592aa1238c726f13c3a,0.0010080645161290322
06f57958fc92ecf605ac52148ba2a950,0.0010080645161290322
280c92f107dcf943f284a2a500bb61ef,0.0010080645161290322
a29c3f1a224a18184bdadc02142ff9cd,0.0010080645161290322
dbc22eb32b7b813ed5ce261f5deef019,0.0010080645161290322
c6424c707b9e8e34671fd37c5e4205c8,0.0010080645161290322
3232e6b48b7ddbc6f6cc154fb2ab58f4,0.0010080645161290322
bc620987e687d0572c23a2fce099da21,0.0010080645161290322
4c4d5f13e8ee78e46d40f1da9dcf925e,0.0010080645161290322
3091723bcd9cc875735591234695b39b,0.0020161290322580645
77b74ec84ac02d28db704de60437c5a7,0.0010080645161290322
931a735ca15a618b0c1ace1d9f66569b,0.0010080645161290322
aa5d08a71691f1324e6a9db9fdb5aece,0.0010080645161290322
4e82badf82b6f19db5231927e045789e,0.0010080645161290322
2b5daa15f4a2d969125e2e4c3228722c,0.0010080645161290322
7593cd5a40d8bfc3cf5e9ad8be4e50bd,0.0010080645161290322
8edc9dac80ce18181463213533ad3c8b,0.0010080645161290322
8773dc96612435bbc4c0638d7a78c218,0.0010080645161290322
723cf1798c4f7d2a613a91e57d038396,0.0010080645161290322
54939276e8d0b43e41492e327aa19066,0.0010080645161290322
d5792a3a7f5b8bd74a96018485c6a272,0.0010080645161290322
c1b8d5d92b4447b5a843ce388da215c2,0.0010080645161290322
e6d077e093ba690298ed525363d6c1d0,0.0010080645161290322
f2019b595413b0c50b97a86d21855ab8,0.0010080645161290322
6400607e517e47036170837d2aba9a92,0.0020161290322580645
5a4aefd00b9dd709275a8e60269fb70c,0.0010080645161290322
a1da22e4c0207d18abdadc54b15dbd0a,0.0010080645161290322
32c32809b58275ca3f2631fea2f3b8ff,0.0010080645161290322
08ecfcb747ac9b0537156b2364aabac9,0.0010080645161290322
e66e9e2826778213338151228d1da127,0.0010080645161290322
e437290e5a2be3178da39b1eca4ab02e,0.0010080645161290322
26269253972003c2e51244b37ad5dff4,0.0010080645161290322
659cedf1ac535afdb75efa763fef79e8,0.0020161290322580645
45180df86189038b28a394e06ab54abd,0.0010080645161290322
14fbd7014b8bb179937e5e28ddda16ab,0.0010080645161290322
9434f7e4842110a3064538e3466da5ea,0.0010080645161290322
eae7a78c866f16f875758464430eb736,0.0010080645161290322
b994ea6ebfc86c1cab35ff698f64c6c6,0.0010080645161290322
b7b139a4b653bb868ffef507861c7ef1,0.0010080645161290322
80871563f50851814d6170d9f17771c8,0.0010080645161290322
5276f7ef1f4a507bd25c78e146799b8e,0.0010080645161290322
3ccafaf46017065582f2e3cdcb482d42,0.0010080645161290322
7c5eafd876114ce4a327459d11c4e6de,0.0010080645161290322
dd1323a33c8660316b2e87e1e992731d,0.0010080645161290322
cfc016bb471f25c36fa19fcbb79cc9b1,0.0010080645161290322
ab0b3a0f33ff25a8c4bb60607df67650,0.0010080645161290322
e73c28d2cf123842f77f9e09a23802ce,0.0010080645161290322
036edae595db5ee49cc1fae9435e64ad,0.0010080645161290322
5dee4256aeda7f84c1f7c08386fd0b22,0.0010080645161290322
a74b65fd48107b48da93cfd6c5194546,0.0010080645161290322
ac0bf113c32bc82b366deb811b1d6d10,0.0010080645161290322
c87ba55bf2d4cba41cddebada928a4c6,0.0010080645161290322
5ed298fec9c1c676fcf785f6601a3776,0.0010080645161290322
e8f516bb35b7e21054ac4c2d5cd07ed1,0.0010080645161290322
368c583150ae6854b5106b5c569b0d91,0.0010080645161290322
62ba29918a75df18deb95da0f7d43bfc,0.0010080645161290322
f52a12416e929c8101dee15c0bf3b2cb,0.0010080645161290322
3ee588e72fb1bf0fd7cf87cd7ec18d82,0.0010080645161290322
4867ca6ea39d4cd116c010cb5d04d53f,0.0010080645161290322
491653a92fb103b808b8a7f5c1f34619,0.0010080645161290322
7b64b20a2129a575093677f3e9606d5b,0.0010080645161290322
11e387070dbc7af6208832ae0e5f4c80,0.0010080645161290322
2bbc09f753ce1195ab01b609c7441be4,0.0010080645161290322
69566130d62a940740f76e47817c5842,0.0010080645161290322
99dcfe6df3bd25b0560b65fd41d8e5f2,0.0010080645161290322
aeb54b8da0703527c6071f882cf2a855,0.0010080645161290322
5525905d557a29a96f0e014fad1276e9,0.0010080645161290322
2ed71bb9d13e0a8107aaf30f24252a0e,0.0010080645161290322
9956490a935196d038afc6b1f3cb72f5,0.0010080645161290322
8f30dd62f41d4914728123c2aeaa1b0e,0.0020161290322580645
c1044d9fab93a40d2d1cd9a8e1782119,0.0010080645161290322
aeaf154ad93d1e4e71237dd72ef4a354,0.0010080645161290322
9826b9b1e4b44eb906b939812f6dc99d,0.0010080645161290322
ded63b59cd8db1b867421cac44bab226,0.0010080645161290322
e58e22bf716b5596603233ddeadb1094,0.0010080645161290322
6da66e35dd9488011498d23905438309,0.0010080645161290322
3bfcde7d9757918287053424ff371bc1,0.0010080645161290322
fa324824ea1a5e7cd1eb320c0954faef,0.0010080645161290322
850c6cba198b803b82635167c955794c,0.0010080645161290322
1dd093a2c17a3e6c5e188b002d7aae7a,0.0010080645161290322
7d41e24ebf721386d2631bd5cdfb96ca,0.0010080645161290322
e7e47d10f108aa426ad5948f074c0b61,0.0010080645161290322
2a4b8bffaf4fb5a94c066c11a1fbc300,0.0010080645161290322
0ca1667f45c4585337c89dfe91daff50,0.0020161290322580645
3c6460295428d841683e1c9e62ee5049,0.0010080645161290322
7fcdff40d9af4780ff6dbaff5e1a2995,0.0010080645161290322
d181a919ae4a89b3d4f8abf75cdb2fc0,0.0010080645161290322
50f6cd9fb0a875ca2fd43ad1cb1a3639,0.0010080645161290322
90d0400abcf3e72047c9e8c9266270e3,0.0010080645161290322
dca774e147174aea4b69e05e21f0cae7,0.0010080645161290322
4bb40373ff784b34500d2adbade9d9e3,0.0010080645161290322
3763dac0f45b564dc9fc80c5a3da6ca1,0.0020161290322580645
71342d2eae2e985c3e1cf259ca252321,0.0010080645161290322
b00539faeaee78609263e8005ba6e546,0.0010080645161290322
ee098facc49d27f5de463157a27059fd,0.0010080645161290322
0eb921a88264ecfe2c2c5a7867d91d88,0.0010080645161290322
d9a4157f915f900f406a848045e18971,0.0010080645161290322
452c7ff8f12dc04c169f51166f7fded0,0.0010080645161290322
612a31214f892297a56a1a66758db1f9,0.0010080645161290322
68fea5fc24f93e7a2c41d3fbec54beba,0.0010080645161290322
c30f24f443b932c5b1fe903ca7436f0e,0.0010080645161290322
75e883135e5dd047bf37843daf693366,0.0010080645161290322
db47cd18da666263c1d2e751cff0e382,0.0010080645161290322
02fcbce8d94f4caa7ddc6cbb23c598e1,0.0010080645161290322
a0e924453a6067b3b821e37acf992bd4,0.0010080645161290322
ce69524f4000e3a8394915ae49fb382b,0.0010080645161290322
d064d3728f90c2237ce5bffe3151bb6d,0.0010080645161290322
3556b425b47e9ebf09bb1ab69d1d6d79,0.0010080645161290322
433add4b2c8fa760e139283396f9f7ad,0.0010080645161290322
8c67482cfebb7cb20ff0db51afe27da9,0.0010080645161290322
e5ae9900ce73f9f1a909954fe54c61f2,0.0010080645161290322
9aa58e1606fc256d94ea7c7f3e9d9662,0.0020161290322580645
4b5862d4ce8fdee42efa01c4dc402879,0.0010080645161290322
c5b63c5f30256b717655b5a1cf0e3647,0.0010080645161290322
102e4375cf189086a0d64981f0271a6c,0.0010080645161290322
053083e2bc39f217b1c9dab0ba3ec21f,0.0010080645161290322
291b8ed846742913d08e06c766288cd4,0.0010080645161290322
129f31290cf6b81f2f1da24c409a7d3b,0.0010080645161290322
81e9709e54673c737cf171a912166122,0.0010080645161290322
1372876c9606e5c903853299003244d7,0.0010080645161290322
ac4949c45047d98ede328acab7213231,0.0010080645161290322
0726a8a44dd9a5b617261d6f5f6729a4,0.0010080645161290322
059284d8ebb8b0fd58c8711140501a62,0.0010080645161290322
36c873d11fc206fdf6f42b657aaa3c94,0.0010080645161290322
7d0905b9864c582654b487b8da6ca95f,0.0010080645161290322
6d3a5a709fd2694e9a436922a056f771,0.0010080645161290322
bb5b88a5662d9700bbc5c0c4e1a20d11,0.0010080645161290322
4c10af94cbbd9ab935f831ace8ff2d6e,0.0010080645161290322
26a6842fdc69841e29c60d8e0ba82b2c,0.0010080645161290322
d0e1f0d8c59b92f315cdf72eb2bd0963,0.0010080645161290322
150bc3decd5d39bd1838d1020ea7604d,0.0010080645161290322
14127001ce27afa1781fc82d68e9b729,0.0010080645161290322
e2da6292594829e2223952233b30e0c2,0.0010080645161290322
0ab9f8591865b511d52159976644db2e,0.0010080645161290322
faf139528c02ff51ced8a5ecfd3af37e,0.0010080645161290322
2f7fe185c53b5894404f878554ac48e3,0.0010080645161290322
2a99ca0588034e3a876b42782d03d57c,0.0010080645161290322
8c171634ee2f094bf111b0e0e278f922,0.0010080645161290322
154b1cb26c5e9341c2cfbb674f586744,0.0010080645161290322
7df051330aa176dea63563ed74e9c382,0.0010080645161290322
420fb90ea7a5b3b41d63eac8fca1658f,0.0010080645161290322
b56b7788ad55c0d9d1264a2f4a91c1a1,0.0010080645161290322
35ba6012e54d9ffd285194699f70acbf,0.0010080645161290322
bb4db2e3e2bca523b7c62b77538f0f85,0.0010080645161290322
0150057dda44cd0787af4fc694fb55ff,0.0010080645161290322
f4b16bc9ca4b9921f3dfa81e95443a7a,0.0010080645161290322
360a95a8972de9362c130483c21b15f9,0.0010080645161290322
ce10b5c2f78218e3b3fd5a3b22ea37de,0.0010080645161290322
8279d7764edbbf276ca815bcf50d11d7,0.0010080645161290322
a9688344646ec4590e844ade5ec7ca50,0.0010080645161290322
db42b04155001d448dea134912213de8,0.0010080645161290322
b29cc53ba13915a618b4887d0d9befae,0.0010080645161290322
529e086c57a3c3a27eb502ff3216623a,0.0010080645161290322
1524d67ae6f852ed602a688c192f321b,0.0010080645161290322
128f73fa466d04a9de2214665996781d,0.0020161290322580645
fa28bfac5c594f60a043075ce667ea16,0.0010080645161290322
0308822b1d121125b0102b33eec11fea,0.0010080645161290322
ac29700a1145ca30ff7c0b4aebc241a3,0.0010080645161290322
7fbcb3294ae2113e4f59fd3d753f11e6,0.0010080645161290322
33a201a1dd1844f86515fb9b5e380df0,0.0010080645161290322
0db71d3551ea2cadf9f4cfd5466de2c4,0.0020161290322580645
e013fb4283b83bac4828f6402c28b33c,0.0010080645161290322
02f179ec9487d012d8072b332eac4068,0.0010080645161290322
fc80cdee9fb2cb832a22af9de46d14a3,0.0010080645161290322
9d63e5f383e284536a30951c13db428b,0.0010080645161290322
f12fecbd1833a7f259e2553a97a50102,0.0010080645161290322
20f1416da93905dfd99df85bb6e8192e,0.0010080645161290322
29827dcdb77b824de603a98cd9b59b9f,0.0010080645161290322
f67e2a1fbb21cf0e7126d305206e30bd,0.0010080645161290322
2fcff3ba89fa9dec349592a726b1ea81,0.0010080645161290322
aef5f1f3d43308ecd35f5c629842a676,0.0010080645161290322
f718fdd3afe6d3f5049d51aead940246,0.0010080645161290322
d1d54bf5d789788401d896d08af7679f,0.0010080645161290322
15b5bd4b233b52870afe6654b99d4c51,0.0020161290322580645
caa3cc367869b8a53403c3e54fbfd9b1,0.0010080645161290322
370d0b916c12ed00d76b8566a035d816,0.0010080645161290322
bdade2926f5a1c3b460c373f6ecf4d0b,0.0010080645161290322
ec4bdc97ff486a38318a14f2855a729b,0.0010080645161290322
32369d76bd4e8611e61da0e823c081d6,0.0010080645161290322
7bf9af8ead2f53478a4b87ee0e0fcde8,0.0010080645161290322
30cfc781b1a46c1265543ddf93da28fd,0.0010080645161290322
6de9aed2a6f23069dde8ff6c4f42bebb,0.0010080645161290322
d36eb5a399bdb0ed24eaaa2742f6401c,0.0010080645161290322
43fe3c81d6f6425c83edc7a91bb5f33c,0.0010080645161290322
e4aa46ff86cac2411525e0069891e466,0.0010080645161290322
36df12f45bbb1c333c61357c42f3f96d,0.0010080645161290322
554d886d65be5ead182c33a88f82d67b,0.0010080645161290322
84fb933be1b321f6c5227dc73d13e71c,0.0010080645161290322
6ea9304dbdcdcc61015fc08254055eee,0.0010080645161290322
a64d928969630a7382c8cae45e7ca993,0.0010080645161290322
bd1d1c283ce5ebda1c39ceb19614be44,0.0010080645161290322
8de31da5af6408d327e68591cc32d757,0.0010080645161290322
27310467a71e0d50a21cd48944b77a32,0.0010080645161290322
5c1d1e77fd51d98bf4c460ddd7d1ea32,0.0010080645161290322
9bb19219f3b1ece2040f8c2331424012,0.0010080645161290322
cee6f369cfef78373f435c9c204850f4,0.0010080645161290322
0f9131362e41b52479ed97a6649b89b5,0.0010080645161290322
e7cfd2c3373551f0d19e092e42536eec,0.0010080645161290322
a3731ddbae7a8ffae3c15f77cd018891,0.0010080645161290322
377272592dc5f54278bb5b983a93fc89,0.0010080645161290322
6a9c463ece755360f7f1307010312540,0.0010080645161290322
3e7b66e36fa9134aa75e3f33c4b62412,0.0010080645161290322
a8b090673b075eab871d4480c9b84458,0.0010080645161290322
8d713539e506103c01cad19497b82d42,0.0010080645161290322
7d01e27f3ea62ec6b2c9257bb20069f7,0.0010080645161290322
53730e2d74ed8b5e4fde5e9b88530ab9,0.0010080645161290322
f56851db596a41fca888218becbeb618,0.0010080645161290322
0ded58ad8c8358cbf63e6c32dc07b4c5,0.0010080645161290322
74e3587510a401e8de8c899bad9a6561,0.0010080645161290322
155a884dbf1dd1556f34232cc3251dca,0.0010080645161290322
eb4d87463ab6e742089a691852531f5c,0.0010080645161290322
6b1c819de1fa2b8b01e09d138aff6780,0.0010080645161290322
e0b2f7ff14e99eda3898200fd0bd37f9,0.0010080645161290322
28280de94e637ff62510d22aeb895df0,0.0010080645161290322
daa05e6339415989fa0863579267f8db,0.0010080645161290322
999c44ad67991c3c490836f696cbaad5,0.0010080645161290322
03d999d33493b141e386cb96c4c15839,0.0010080645161290322
9159d0dcb5ebf48d76b64cf5f47aadf7,0.0010080645161290322
b34097b1dab463d469603a768577121a,0.0010080645161290322
ac16486688c4b0e4e248f0215fa23139,0.0010080645161290322
e62838f2f988c3337a5252b5213c3a1e,0.0010080645161290322
7935a3aecfd02007b4d65bc44e4dabb5,0.0010080645161290322
2e6c1944a4aa30f023f283130c62b353,0.0010080645161290322
ed566cd19944ee7f22854e3330b8a8db,0.0010080645161290322
c5c0234d3c1db4c548f30f569c4ca09c,0.0010080645161290322
af6551291cc727e62d159263b3f9a04b,0.0010080645161290322
a981032eeb1ddfab1e92a776e58e4b5d,0.0010080645161290322
dd96f85d0b75d3d113ccc596e7b457a0,0.0010080645161290322
6fa671b2b68a154502efcbbd1f3f8a4f,0.0010080645161290322
17e78935f7a5fb480f65fa318e2ea0d1,0.0010080645161290322
9313b46416d6bac9b0eeff2456a96258,0.0010080645161290322
bb28761c230ae29c61424a164667d864,0.0010080645161290322
22a48613b11e3c293ffd60c1f8fbdeba,0.0010080645161290322
0405947623faf65e8f9dcfe680e89e1c,0.0010080645161290322
4d1bb0ef67cf4c2541594634f95235c0,0.0010080645161290322
188ad9eebb738c51b6ce3524a84fb3e5,0.0010080645161290322
78768bcc4116c745fa066a813f46d14d,0.0010080645161290322
30be25358d4d6ed9c17250b52ed02181,0.0010080645161290322
aeca73e08b82a7e0e3f13b44882b5d50,0.0010080645161290322
3caeb8bfe1c4e6cedb6f5549048ad48c,0.0010080645161290322
ac7f23029337883269a9e1f36f764974,0.0010080645161290322
e2f89d0b8d93577e64a2061f2711b7c9,0.0010080645161290322
32bb1fe876256cc31b5fbe9f28e0d50d,0.0010080645161290322
629c8411825c984c0d741722e27785b6,0.0010080645161290322
40e5c01bc365044b2cbbfbb1e6ef3c22,0.0010080645161290322
13ef49c7d7626bfe18cd6fbbbb37d805,0.0010080645161290322
0ffaa0ce7ed4c058b0fe0419d6d201aa,0.0010080645161290322
1be42eb015c61b852d9a7eb5354f824e,0.0010080645161290322
3c13f566bed5af3f9e5efb20044189b7,0.0010080645161290322
00df80dc82ae27ad5fc9d6c87d9c77ea,0.0010080645161290322
d6806050f314371d1d56588f508b67d5,0.0010080645161290322
8b528f31010b4a2fb663d9bce9982a6a,0.0010080645161290322
af4fbab6c3b5ad1ae100e36cb2d262a6,0.0010080645161290322
7a6602854e6015c00a4be3ced8e27c3f,0.0030241935483870967
168efe7ec75554c99b80307cc787c512,0.0010080645161290322
ab35fdb1234de1cee609ead37aa2e93e,0.0010080645161290322
b83a2ca855ba02438a2f7e703d48e543,0.0010080645161290322
e1aaa6ef77373d627512a11f098c3f66,0.0010080645161290322
e23f9d8567391c924834e59b3c2f13b7,0.0010080645161290322
6f87af0834e3821e22262172ccaeba16,0.0010080645161290322
c0bb04de2f06013552e0304c60f68fdb,0.0010080645161290322
3b56f977ed15eebc82414e92bbbd91a5,0.0010080645161290322
c5b852c99c42bee7ce76f9aa1b58c08f,0.0010080645161290322
f5ea0cb5e717bb079a10b8d2e08aa8c1,0.0010080645161290322
ceac7812e42cafeecd5dcdd692163024,0.0010080645161290322
b03e3f3dcb5dca338bf095ff171bda9c,0.0010080645161290322
b3536441302a15fd9d9032a5b0723985,0.0020161290322580645
70ee0844326af4552d9fafc94c6ba40d,0.0010080645161290322
3b425ecc2324145a5034cae4f3a543e7,0.0010080645161290322
b4921a8d3677fbca73137c1969740933,0.0010080645161290322
ff044096b742079d940cd16e6cf19015,0.0010080645161290322
e5558d6b2b06a1eef7ef714bcd287e0a,0.0020161290322580645
21f8a5aa86c81b3caaff3fa7b7081df8,0.0010080645161290322
9d030257fee6e58c3ad43e48ca7af368,0.0010080645161290322
7867c9620f51e6c93745a9fcac2dbe9b,0.0010080645161290322
8e5f0501e272a1c50ee7e474623fff6e,0.0010080645161290322
89ef6b7cbd25ca78738c962814b39573,0.0010080645161290322
75a4714849506746504514d65078bf02,0.0010080645161290322
c0b4e3380670d42ba99a260bd31fd146,0.0010080645161290322
4b2ead4f089f5a87df7054af234d433f,0.0010080645161290322
71de4496d3ac555a4911543c9701bb28,0.0010080645161290322
0efb85ac376389aacbbce2e45a7b3ea1,0.0010080645161290322
75ccbd62860108aa58c1bdb5a2de7197,0.0010080645161290322
b23937232b279596c56c6a6c090e09b7,0.0010080645161290322
eb41443f023217b7f45aaff42bae3c8e,0.0010080645161290322
95debbd7c4b18fb574b69e16067ad339,0.0010080645161290322
202dd3a27fc5aa5969e05b9db103036e,0.0010080645161290322
417f54a12259e6187c3deb70a8a9767c,0.0010080645161290322
e2117d57388a851151c1bc0969fa8a80,0.0010080645161290322
233fae45bce47348b1723ddf3c0a8f6a,0.0010080645161290322
15e04d063cd0bf6e1f53152bfdbbff4d,0.0010080645161290322
897af3947ee61e967afd56cdea5ebfa6,0.0010080645161290322
5e8fee961ccfd45a165df84e61f10e8e,0.0010080645161290322
15c80c7794e5c31b4c8b5381e28ae762,0.0010080645161290322
efc1481edf685c874b2d2f9bdd1f8c72,0.0010080645161290322
9ec02c3569754641037e60010b5b6aaa,0.0010080645161290322
d79ca375d267d5b6e607d67b7b2ebcde,0.0010080645161290322
7ccf2f8f0144d8e188c2d9283ec631ef,0.0010080645161290322
bd66f7ef635fdf5c564d6ad0f85d0766,0.0010080645161290322
93106a539291a8321764a4eb36a026df,0.0010080645161290322
4b463fd2a8427159a7e7745dcee5266e,0.0010080645161290322
499249a37cee2c3f5fec499e55ab97bf,0.0010080645161290322
5bb78f38181f9c6e3cbd0d3a179abac8,0.0010080645161290322
997093ec17c23601f11def5cdb039941,0.0010080645161290322
124b0ac785023dcfc6d5b1d4bfa10c70,0.0010080645161290322
541b9a294a1eaf34864dbc6ac2b5b524,0.0010080645161290322
f4b3268abd3498cdad34854cef64a5b7,0.0010080645161290322
3c77dcb4419471e4cf3829c45d1b11a9,0.0010080645161290322
dd4e8b854d140abd3a3f7d74391af0e6,0.0010080645161290322
6cd53e08e0dc27f2357bfabf00c7dc43,0.0010080645161290322
205e685a7391321b32c1dd42b20284ae,0.0010080645161290322
a032ee1288ba42c5ea582be5e548d908,0.0010080645161290322
33700a20f44047e23c23dc50718e9dd8,0.0020161290322580645
ed61a23f99c04cb18b6bac5ac7588f7a,0.0010080645161290322
9ef876934a27f188d6e4ed397cffa9b5,0.0010080645161290322
b74ba106b00571be3349239315fe52d6,0.0010080645161290322
24feeff38eac5ad80cce22e84216ee9d,0.0010080645161290322
6f903bb14fdbf796db2ff9a88df02cbb,0.0010080645161290322
1505c8f5825863aa1da5ce8a17091e9c,0.0010080645161290322
0d3d8a8b090059d980441384a02bc921,0.0010080645161290322
f2253787e843d24b07e9a9ec00e311b2,0.0010080645161290322
6214c9d2592fd34a64d3eb0b8eb8dba3,0.0010080645161290322
42545040cc61ede66e8fd27ceab94868,0.0010080645161290322
ac12892e453d6ea58cf07f08e81bf609,0.0010080645161290322
fc223d1a106465944e04663e03da464d,0.0010080645161290322
965a55042c965df89762604131c98da5,0.0020161290322580645
f12c9bcff501b416247421a80a47d7cd,0.0010080645161290322
4e34fde6111479c15b35577b750513a1,0.0010080645161290322
4233597fe29ce38d24d17c0b9710c87f,0.0010080645161290322
1c302da4f14c1f61d27175eff23e8127,0.0010080645161290322
291a868bd9f1294a6015319a54dfa0aa,0.0010080645161290322
b647ab4987220291cf69952d747c4fdb,0.0010080645161290322
91e001ddb9cc2909cee115e56b01a350,0.0010080645161290322
19895266ce7ec2718981ccfd65950c47,0.0010080645161290322
3df92a7524d226f11a39ce959e157133,0.0010080645161290322
02a0707197382d42ffbd21bcfba924c2,0.0010080645161290322
50ef6b45c12955509e5f4bb9ad695082,0.0010080645161290322
70b4a7ee194e82d2d889f148f86aef2c,0.0010080645161290322
c416cf25534244fa3fa608038cf491a6,0.0010080645161290322
8c1de728f94a6b90b19234d627c09ead,0.0010080645161290322
df4b90e38a0897c95717eaa4b64844bd,0.0010080645161290322
5b1a686837d2ab51f0b61a8dd1d25842,0.0010080645161290322
bc7678ba2993643e253396877d91ff96,0.0010080645161290322
6285f90e37d5f3130d2de69eb6dc24b5,0.0010080645161290322
89e5b66540e3f23cce595478597f6e3c,0.0010080645161290322
785e137f5a9b0ad1b564d95f045cd005,0.0010080645161290322
9ef635cad3bf9d8e52f1b142f1822472,0.0010080645161290322
7994f36409c08788b151137f556770ed,0.0010080645161290322
fb77ac6bb64dc3ee1687922b359de8eb,0.0010080645161290322
df23176ae5dd791b7169c77cd46921d9,0.0010080645161290322
989bbe03b665bfb24d565738e1427b21,0.0010080645161290322
430bdab1d194bed511c4e57a26e9707e,0.0010080645161290322
e3b934a73b6c34657324af82e25ba245,0.0010080645161290322
95b84cbb125189f3a9f0fdbfee56a412,0.0010080645161290322
d19ebcec70046de0a29af2a979f0692b,0.0020161290322580645
8b09bce3196453a83e7a9b9edc953ee4,0.0010080645161290322
9c281c380d4f4936c6592b16bc5a598f,0.0010080645161290322
7892a2e5b5babeaef736a18dc99840d5,0.0010080645161290322
3e5bd8bb0df70d136f883b33684df411,0.0020161290322580645
f5dd03b79949241b21b4d2e10642fca8,0.0010080645161290322
b974bf2f53585b91b87efacdccb3ca47,0.0010080645161290322
0ba3dd8935b0b6280955a2d8eba6d1db,0.0020161290322580645
1bd196f06a82a42c914f90062434fbd3,0.0010080645161290322
661de8f43a733e15702bf599c435b280,0.0010080645161290322
edc36645771cae3273e4cffa397dd525,0.0010080645161290322
3023a5036074735f4af0e4ddb8c3e472,0.0010080645161290322
4435f865e0b4bcff3eecba7cb1dd15ae,0.0010080645161290322
bda4508f3df82b5aa87721344855638a,0.0010080645161290322
099713cbe178f565a1fe07c54c3ff51f,0.0010080645161290322
726d3ecba98226539c1f5aaac22aecbf,0.0010080645161290322
15a403e5a2dac019eb573ee73dd395f7,0.0010080645161290322
6df3b17696df85c8ddb80c45a8879885,0.0010080645161290322
40059d90db2d6f8f11daee3bae36aa69,0.0010080645161290322
aea86aa4757e0b42e5766d9f2016c773,0.0010080645161290322
f34c21fc7e6ef7fa61391fcbd5621d37,0.0010080645161290322
d2bc6766c64cbeec934a5413f4c286f9,0.0010080645161290322
8441641b15a3a11b9706a5fe4e4af52d,0.0010080645161290322
11316e1f2515631f6cb29e3a4604ebc4,0.0030241935483870967
d55d2d6b310aa9388b59cd728da107cc,0.0010080645161290322
165c4d55b42baffeec489bcc704e5a3e,0.0010080645161290322
7752d1b35b8b7591f9cf906b1c1f434b,0.0010080645161290322
bbed79e14a9b52894f7f9816b5d97a94,0.0010080645161290322
fca6a38f33f7174b5cca744ae15c252a,0.0010080645161290322
ee1ff40ff357ff16d3b5d3572c70f2ec,0.0010080645161290322
dabf2f5c597d0e15b0cbc9654d04f406,0.0010080645161290322
064b42714f524912ccc67106b099bcb2,0.0010080645161290322
7dd00a7b1055a288e983fa32d4b9b6b4,0.0010080645161290322
79f8954aedc60c25d2747d523db2cad7,0.0010080645161290322
b4ecc36859da19c4ea27309e90fbc684,0.0010080645161290322
dd3f0c08029f430b815ee92669271494,0.0010080645161290322
0ae6e995bf227259e6112e05e1cff67b,0.0010080645161290322
6e686cba71e0a0572170bd319d3d21ec,0.0010080645161290322
35505a4104fe73c33162376f44a47ff5,0.0010080645161290322
edfad3811b686bbd5c4b1bf17fff6825,0.0010080645161290322
7b58c4ab602268406c3b6c40cc15730c,0.0010080645161290322
dd3110b8b74fcb6708aeb88220cc780a,0.0010080645161290322
39373033094ec7f0e07915095ed1877c,0.0010080645161290322
86e28a43f728f1a1784c915fe4b6c526,0.0010080645161290322
e6020731cd630081d2ebf2b80c7fac3e,0.0010080645161290322
9cd0667e8cb5f0768c12f2f4176a3824,0.0010080645161290322
3bc464941947367a01fec2a819c04803,0.0010080645161290322
c844093c190da4f053e3dd4c92895540,0.0010080645161290322
7fe2c6c0459375997c5bdbe053dd28cb,0.0010080645161290322
6ed7d7b6b6aaa4ff9035a67413fe6c68,0.0010080645161290322
3a8488c107373895bb0f0c0c286b06fd,0.0010080645161290322
8ce3df3faca4a3ca4f957231e6c6f147,0.0010080645161290322
d88d91ad49ca808def6bebd0e0aa450c,0.0010080645161290322
a7902f7cfe05f27bd438770d3ab844ae,0.0010080645161290322
cb366e48516d3ea8533f98908b3ec6e7,0.0010080645161290322
dbb6603235ea137c1b3f0907ba8713bc,0.0010080645161290322
d9b81eedb26f22a9680ef5652548c9a5,0.0010080645161290322
0dc5bd20a57c1d1396e127a3a8e649f1,0.0010080645161290322
56eed05cc6037ea03d72f2f9eefce996,0.0010080645161290322
92ac2e05ff36fd8faedf38bcd08cbc1a,0.0010080645161290322
3541da0cc5b4cd4aceba08a8a4b3e417,0.0010080645161290322
53bf9b71f2f49285a119c4f14c203f8c,0.0010080645161290322
cee230063fa50b75c45c5583cf4aa806,0.0010080645161290322
663338724b4738808bde832b31161034,0.0010080645161290322
dec0501579d0bfda27a03f14e13aab77,0.0010080645161290322
e84bd7d38578eb285d92e8b39509a146,0.0010080645161290322
ebe27c3853481f0689bc011ff2fd2e0b,0.0020161290322580645
49e6a352facee85984fd1db2a39151d4,0.0010080645161290322
e9063e57f20b90fe3a264896d06a7edf,0.0010080645161290322
fbd7a50abdc7770a48e9e1175c3fed8d,0.0010080645161290322
c7d2bf039a5b8c489fc43e9b1ea00647,0.0010080645161290322
9020b71908d949b26aae6f1b2114f42f,0.0010080645161290322
5e1fc71442c38c0401553940f8c1de80,0.0010080645161290322
c4823ed48a0e75b4f46d4132bb90e6ad,0.0010080645161290322
c44c7d48b8658e2e3269afe56f32e2a8,0.0010080645161290322
14ff698a17423551d3c2cd200804e0c3,0.0010080645161290322
2e3c0955c9e572a4f9c609e5fb106861,0.0010080645161290322
a2097b5f1928e56fac10f5c459e8aef8,0.0010080645161290322
837731f141633cd0f557ff2feffb07e0,0.0020161290322580645
09e80894083da6e91d4db55e2f6968db,0.0010080645161290322
eaced95fce88dba51fcaddf70e5b1ef0,0.0010080645161290322
4e8e58df1b4149556fb43ebf9b564a75,0.0010080645161290322
ea7403a23358c002a4cfc0ee816b4a9e,0.0010080645161290322
354dc4bedd7803e0cd030e52ddaf791c,0.0010080645161290322
be6ccade5de41ae81a1c7e2e50aba88c,0.0010080645161290322
8d682e620705c252b7eed74c193fac7d,0.0010080645161290322
59f54de7864c2289e0289394f9ff2378,0.0010080645161290322
d0153fbef15e3feb9fd06737e90e11da,0.0010080645161290322
e46ff426be311f28b53545733e199fc0,0.0010080645161290322
2d08e7838e668d26b7fd4503df6b9922,0.0010080645161290322
ef0b81daf6a6fab88ae68d7df65e20da,0.0010080645161290322
a3d8ed7515a90dadb19f8655d996279a,0.0010080645161290322
99d671f8b096b7dd7a2cb67a2e4e7a04,0.0010080645161290322
3e2ef6281e37da20b1f5e1fedd1a5acc,0.0010080645161290322
653f015296eeb4da0c8f7ec39d80e2b9,0.0010080645161290322
877d02cb7d2fbce5e57b0c892423ebeb,0.0010080645161290322
2fd6014b5a25022d1621cc55f57066fd,0.0010080645161290322
6e22a4a622b530863cd19499076b0b50,0.0010080645161290322
ac695f23f5ef6ba01f88bb97efdcbe86,0.0010080645161290322
a0d2d1be9482666877304822bf3d3782,0.0010080645161290322
b826410243fbb71c90fe362b18066353,0.0010080645161290322
9d031802d022927aa45097ff4ded560f,0.0010080645161290322
a2c1a6ae82037e712a605c33a2152a8d,0.0010080645161290322
dc9e1e01321c5ba20abd7eeabb1cbc57,0.0010080645161290322
d37c3c7bf12b82b84fb8b1d78fca55e1,0.0010080645161290322
7b7b0d62e6fc7111f9e372b729e3ccff,0.0010080645161290322
c16a3a2ab64f03f59891da3f59cd7981,0.0010080645161290322
fecf7a31b4106c48bf0d2450e6a92773,0.0010080645161290322
059483ee5fb81d674d7fc3b46ac404c9,0.0010080645161290322
6c0f9de4d03d883cf67a3204ef50b0e7,0.0010080645161290322
f63d6b320478c530c2de79aed734e86b,0.0010080645161290322
b815cee72d39ab940dc7534ec28ce8e1,0.0010080645161290322
ee4d98176f2f2db316303bc423edce56,0.0010080645161290322
f396e04be4b58cf53460c1eebfcf0426,0.0010080645161290322
d7dbd9bfe42dc2896cc40db50f02aabb,0.0010080645161290322
0310392ae3c01a090e4674207d230d57,0.0010080645161290322
4fe730d0d689064422a0db7bd950d4ed,0.0010080645161290322
9a6a031aebe2df1b637e0544d0d99e65,0.0010080645161290322
e95215b2fe9cae1f05db0ef7d13a607f,0.0010080645161290322
6595c41a46e0fd7487eeb2d4304ea3dd,0.0010080645161290322
3ba560d2790a075f11906743136e42be,0.0010080645161290322
0cd8c16f62240e70c59677967f164444,0.0010080645161290322
bd97b9231e9ec9d26c7e8b780224260f,0.0010080645161290322
8d7ec9a92273cf57a7f0319c75612a6e,0.0010080645161290322
4f6a7b7fa3020e258802d1d0da35513a,0.0010080645161290322
0f405ced7e3082bc039f03cdeb4c4453,0.0010080645161290322
51bef75538dfaa3418267f4de6afe48e,0.0010080645161290322
8d36a55b726aef075a0db647d37421d6,0.0010080645161290322
aa315cd75de0d366262a49e13a5eef61,0.0010080645161290322
665be55bf0d4622c48b112c707b38553,0.0010080645161290322
644c5bd27abf4aab93d7e8d9aeae5380,0.0010080645161290322
38a0f18f37837d554d8ed1b07d35039a,0.0010080645161290322
597f314e9bf2ac5497ee779f39d1104b,0.0010080645161290322
346fcd627f60bf3991e9e8c990583054,0.0010080645161290322
fa6f3f42040c9223766676e4988cabf3,0.0010080645161290322
0370b2355029f53bd1d5f0c354974c00,0.0010080645161290322
5e81c4e5c538856baa31e496d3c27bea,0.0010080645161290322
86172af18c04eeeed5dff2209ea6a8ca,0.0010080645161290322
3e201f9de162a0fcfc92620e084c8ce6,0.0010080645161290322
0b6f9037643e181c4d71c930f4b28417,0.0010080645161290322
cdb7ed83ab3f44d2258f4180b3575f04,0.0010080645161290322
fc916e29b73bde18c0e0c839f5644006,0.0010080645161290322
54f4672b1465f7fbe8beb0ca9cd92389,0.0010080645161290322
56547e3c2ba8c5e196155a4390632822,0.0010080645161290322
b20d03588ec25a2e52e2f062f63f6ca7,0.0010080645161290322
d8a7bd18def37e40a59d6925a771ae98,0.0010080645161290322
528ba3784e0a9de1b0c6246cdd2699b4,0.0010080645161290322
e4ea26a07b3fe99626e130481b3a3b4d,0.0010080645161290322
5959d03b017066020cf610dddc9e9dc4,0.0010080645161290322
d136150489105d6beb0ee9235e474f9c,0.0010080645161290322
028e1a67f18503db1b9677dc9ca9d479,0.0010080645161290322
ab9ccebfa7c58ae3758ad4c97f732f17,0.0010080645161290322
0936f1e86f24e71cbf862ea9bc544c7d,0.0010080645161290322
9448d46134ca7b0f18d58cb0d9e917b0,0.0010080645161290322
843f0d73b3ea1b62d7553882a31597cb,0.0010080645161290322
fd66735d9b0d1f207c631f60fee1f914,0.0010080645161290322
2086a4dfc7e7f83e905112d3ca04a248,0.0010080645161290322
26efabaa10ff8397fdaa8c5c5696b76f,0.0010080645161290322
05f1adcdfe1b7bbd23bbb54dae35d29e,0.0010080645161290322
f8a41f8982d3035cea1622c6d0434002,0.0010080645161290322
92d7d95b0ae27d1830f9ca667304b031,0.0010080645161290322
1772ce3d05174594e6207957cdaaa8e2,0.0010080645161290322
bb9f44c22d000e9ee80d0cd03fd18792,0.0010080645161290322
8a1f319b3a5792fb834de5c62c7ae4a0,0.0010080645161290322
28376970d2fc1cf98ac246e37508b015,0.0010080645161290322
2fa74b5bbb292623a1780ea8829e1993,0.0010080645161290322
b6ebab950ef2d54642131873763974d2,0.0010080645161290322
dafe18f9e66b393298ac357597f49736,0.0010080645161290322
aa58e4ed35f55c4a5e56cbc5aae9ca90,0.0010080645161290322
0497778488ba9e3f1727d91414ac33b1,0.0010080645161290322
662bb30dbe651a2d8b1e9d2e4d2f33d8,0.0020161290322580645
3890c3aafb26b27afea812a9f2d6a2a8,0.0010080645161290322
fcd7a8bcff5cd042009505486503b967,0.0010080645161290322
617f4109999642b5cf68c72159e09912,0.0010080645161290322
c98435cb00d88c5484a3f5166521cf4e,0.0010080645161290322
d8a7b40a35557a5d74b426dc14db5e81,0.0010080645161290322
4ab2c1efe419a3f6460f404efeaea19b,0.0010080645161290322
f39c40dd50ac271d1edb6a151c126378,0.0010080645161290322
78633afe764c4e5d75b8aa5dd5a67246,0.0010080645161290322
d65df99fcf15b94122b7cdac89dbeae2,0.0010080645161290322
defba7de00db3a32b420c7041a36764d,0.0010080645161290322
456eac48c14b37f41dcf94ecc6b04dbf,0.0010080645161290322
814e92e50a60aab2539cb93a7a58a71d,0.0010080645161290322
4e054f71b4bfc175db5711d418ed2e3b,0.0010080645161290322
88f0922954fae440244b06562b040f8a,0.0010080645161290322
d8873e71b8d2917d9bd05dab0caac953,0.0010080645161290322
7865a5413107d88772299f7c289e8b62,0.0010080645161290322
3054e70d539a0e8ab8b78f64b35b378b,0.0010080645161290322
26beba3242de1138005c0ff9183168eb,0.0010080645161290322
3f78cfd5b05829da6e16ba5676a0a7dd,0.0010080645161290322
b4c9d47255c59c6fa38209d4f158383c,0.0010080645161290322
8103f2af52e71c638f9d2d3c7c701875,0.0010080645161290322
686bd4af99c3ded8605c42b1719bd3be,0.0010080645161290322
00f5597a41dcc75b09df351bf05f592a,0.0010080645161290322
177302f0ddda7135320f3a73f298f5a9,0.0010080645161290322
86359cba344d9f725d7e44332534c6ff,0.0010080645161290322
0da7b794a0d59ab2c5203685d26d597c,0.0010080645161290322
6047ab247edc4df48674b88f812b8aa6,0.0010080645161290322
b22eb4b02062b385ec020e215fa6a4bb,0.0010080645161290322
171d8598326394f7ac4780ef73d263af,0.0010080645161290322
e9ec1f3fa7dff795c9ca0e9d94ab3ca3,0.0010080645161290322
854e51fd6e223de51111cb14bb34b7e0,0.0010080645161290322
8c868eca12773a8da4ee1a476b823c31,0.0010080645161290322
5d3b381ab69e9e706c07a5cefa3ae990,0.0010080645161290322
54c8446cfa1916397a5a8235e174ca01,0.0010080645161290322
21820c5ade60d1f3dc9b1659918d214a,0.0010080645161290322
ec1a849a03d2c0eb13d38ca5876eaa52,0.0010080645161290322
1a3d4634ec592f4f4d0c18963b32bfc7,0.0010080645161290322
02478d6ef465850051ae5bd1b24e70ff,0.0010080645161290322
ac274241b902c70d99b2036502562f15,0.0010080645161290322
c09c148ebe807233eaf6eadc94c60b72,0.0010080645161290322
d41110249efeee4b8bc8ee68aab3a297,0.0010080645161290322
5b4fb4ad5b314b4a2cec7e6c86735b36,0.0010080645161290322
21d9e8856c739b6a73f50befa8575f42,0.0010080645161290322
252530c60f8f69565eb55c90eb6e5cf9,0.0010080645161290322
0e6273e05ea40b5b6c6f485e0fc1d7f7,0.0010080645161290322
e0972988f6d5cd4b62d2464ddd210baf,0.0010080645161290322
c9ee8ce5b0c5709276536b540c13779d,0.0010080645161290322
753cd8133b179eb45b4c4c6baf90668c,0.0010080645161290322
c9bb6f5f90b789e5b67979ca25936922,0.0010080645161290322
3803cb53d49a16ac1ae69b5da968d775,0.0010080645161290322
f8d8243abcbc9d35131aa9346e657103,0.0010080645161290322
85b564d3029c575ae8f7f12bd063c5a0,0.0010080645161290322
658cec17027a7c5ed88eab4ebcd213a5,0.0010080645161290322
980a5110d5991fb048c200e19b5189d5,0.0010080645161290322
3f73b424c18ae3525d50b8af317752e2,0.0010080645161290322
8a8075ba3ae7995375ebf36c33b5aacc,0.0010080645161290322
c91da3e8047264347922328d2dd663e3,0.0010080645161290322
4e39727bfe27bec279514df84cc0c8ec,0.0010080645161290322
28632553487792d430d3ec470933f4e5,0.0010080645161290322
8962eb6ff95e2a88d0c9399e509ba3c2,0.0010080645161290322
6235e8991b9be6daf17d6f225002efc6,0.0010080645161290322
681acc5cb1b4aed3d319b1b313c54313,0.0010080645161290322
a0d58e77f687749236b074e7bd959c15,0.0020161290322580645
65e3a7d19f17e15edbcaff8a300b8648,0.0010080645161290322
189b81fcb9cc2e34ac444d90a6c6e594,0.0010080645161290322
43ee4ef7163a564301612bd8429660d4,0.0010080645161290322
ad2e56172850ecdad6ae222717ae2b5c,0.0010080645161290322
4abd484fb4c3eeb3b91eda93f4e1f4a3,0.0010080645161290322
711dc606624aa8cf553db708f07457b5,0.0010080645161290322
0730a1485d6a8919c1ea4ab6944781b3,0.0010080645161290322
98b8de4be4c3bdfd37599880c022aeda,0.0010080645161290322
22eeb749d51791689a9dd0ecaba74b3d,0.0010080645161290322
4f6b17aa0f2a68d0eebe9a67093eb5e1,0.0010080645161290322
a616869eddcee4960b99137ce0010e7e,0.0010080645161290322
7dc25ec694b5c7be889ee7c718c45525,0.0010080645161290322
6b39eb61d70bab4262321ce7d31750fe,0.0010080645161290322
2cd6b52c2bf059ad046673b9fcdfa0b7,0.0010080645161290322
21b54ef18a8a95678380be83974f76dc,0.0010080645161290322
518a1c395405f148ea98515c9ecd3f4a,0.0010080645161290322
0aec545e9a96021aac31957e0e0493b4,0.0010080645161290322
be34f03deba36eda40e445d150b10398,0.0010080645161290322
69beb6de80f7da58ec64e2b0b912f26a,0.0010080645161290322
9c548c0481fc156389d73a72e5389c60,0.0010080645161290322
5be88253dde1277b2a19495017e386e7,0.0010080645161290322
2adb8756dcc011c68ec2abae7b334b18,0.0010080645161290322
fcaffdb99e4de2d869c999064489c99a,0.0010080645161290322
912bd7accdbba068cd6c3e93f8684e58,0.0010080645161290322
d0bcbacb1a526a17ef82f555fc3291fc,0.0010080645161290322
800ea1812c7e7863ea15527d38b7bd5b,0.0010080645161290322
b3cf449113d09c8c0e5e42e8ca095e40,0.0010080645161290322
6f1be5a351bd53b7f4b17e9cd862817b,0.0010080645161290322
b6089f2e9317e622d21d47bf972244b6,0.0010080645161290322
a45afc826490132192f8905940ccf668,0.0010080645161290322
341f75f6bb2dcaf3b540f2c10e1a818e,0.0010080645161290322
c92165eee447f407ce0e15814463a9e8,0.0010080645161290322
c2647a1cce6c8d8189459986c672eb34,0.0020161290322580645
33a2ab079225b4796cfdba4ff071d0e8,0.0010080645161290322
0c89a929c9f5448c074959c3edc20caa,0.0010080645161290322
9b949df3afaee256fb250ab24b497920,0.0010080645161290322
892d7c34aeddc83d8a8cbad42d222dba,0.0010080645161290322
54e247bee093ef545be9feeb39e22c92,0.0010080645161290322
8d18fcf87b840f31f3f37b669a510a3a,0.0010080645161290322
d394a5aec10eab243a98257ee29a7b69,0.0010080645161290322
49591318de8d143e36225aa340a32033,0.0020161290322580645
7ad67c0499377a5b5e2d7f812a5ddb3c,0.0010080645161290322
966ea1203973cd1072c2e46951be04be,0.0010080645161290322
bb51863f7691ef80d568f2353a5b484a,0.0010080645161290322
6631e7d76dea61c025c0b5d6c48a3995,0.0010080645161290322
899ab09d24bd113ed79c7d189536bee7,0.0010080645161290322
ebc5d2472ff5fe5450a16f92c54feb69,0.0010080645161290322
0671647f6209dba225bf80d9632d16fb,0.0010080645161290322
43f135d39dcc9482d7b271d52ad8c62b,0.0010080645161290322
58b76891557f2c5b615cfba3b1aa9398,0.0010080645161290322
366790a648f79a02525f52f1cb5299fb,0.0010080645161290322
e55472972023985308c21cbfcf527db7,0.0010080645161290322
fe8bcbe6f30bb75e9a9890bc2c212d2f,0.0010080645161290322
74d7852b256e27003d83b7a625f25a82,0.0010080645161290322
54e883b4d744f27bc7dee365a6e3d8ce,0.0010080645161290322
4566fadcd6779d768b07bce71b44d967,0.0010080645161290322
06a22a5af674f13f4f6e9c67b695f3a3,0.0010080645161290322
1147e280c3f5f95b5f527743e8566760,0.0010080645161290322
6d06b0cf52ac4c15ba439679a678df38,0.0010080645161290322
50afa0b2e39332328eb00fc5cc5cb048,0.0010080645161290322
7970ffeb4e343f0d2b47ce39d5a91d65,0.0010080645161290322
9e5b08e34e23a88e03d6228fce4854a4,0.0010080645161290322
7ad30868e737f7a004d5df8ba3ffd2c4,0.0010080645161290322
06a5466a60a99a41bbba08bee0720966,0.0010080645161290322
6f89185f4e9c81875294bd9890d26879,0.0010080645161290322
3a58dfc8c0ce2a3175a8801b3e69ce7e,0.0010080645161290322
697cda363e19cabd9dabc9e2d920fb69,0.0010080645161290322
80906e575133da12faa08f2f9e518a08,0.0010080645161290322
cdc6f0acb1297e5aa2b7db0e400832e8,0.0010080645161290322
41593d213fb98932f5df6e29f35c2168,0.0010080645161290322
23e4cb36bd842d576ccbf0ab092cb6f6,0.0010080645161290322
70e1105b3b3673380e2ef9b356312d50,0.0010080645161290322
010e3a3c07b70d6d762f79e66c676e47,0.0010080645161290322
4ffb7879bdbb845a5bbebf012169876b,0.0010080645161290322
87ebc1cf1385bee5d63d8ba03f6b21ff,0.0010080645161290322
f87dcc151da01950e56ddf79514ffdd3,0.0010080645161290322
521c352beb70a665969639764c976e9a,0.0010080645161290322
9997ce315d3c0582a58889a86a27db2a,0.0010080645161290322
6a779d5b2ab4cbfba0a66c24b1948a1f,0.0010080645161290322
9d18f0e8b7553f7e3efae3d995477ccd,0.0010080645161290322
e3d6ec3de760cc3bd6866ac570bae080,0.0010080645161290322
b241f8393fd72c0207f463515426b9f0,0.0010080645161290322
185f20e0732ffa17ccb131fbfde552ea,0.0010080645161290322
7561dafc75f787cf2adedffc61da9fda,0.0010080645161290322
46c2a2fa1906a8081ba0af4bccc3df38,0.0010080645161290322
b4943f8db1d991024193f34430f8f8a6,0.0010080645161290322
11390d883648bd6d08ebf526e9f0f516,0.0010080645161290322
a79f9fadaec5458efc08fdb58b29fc86,0.0010080645161290322
ba854ce4fa99c8764bb79c99507e189e,0.0010080645161290322
18bd25caaa1ab7a8aeadb3447795fcc0,0.0010080645161290322
1299ae6d76df8e3f6cf5e1d403110391,0.0010080645161290322
6c74ab9e4856c011cc40b68ed3ffc01a,0.0010080645161290322
f89c2216ec6a8bc17bacd990868f9432,0.0010080645161290322
d33a7ed5be02e13db5bf84198e9cc1a9,0.0010080645161290322
3d5a26f3172b983d88d2794d64594fff,0.0010080645161290322
8faa14d3b029241a2817d61b455f3e86,0.0010080645161290322
470ea3bcbcb373a89002e22b7e2f52cd,0.0010080645161290322
4e42e2e7c05e6c3cf3f6133155bf29c1,0.0010080645161290322
6742e4e590f52b0944d194bbcffcc04d,0.0010080645161290322
2f3aca8f934fcb0029d5a8be19696bb0,0.0010080645161290322
56cd0981d72a4b1b60c42bb504b72116,0.0010080645161290322
44f9515d6d6aa971dda388175c92476a,0.0010080645161290322
b1f43826b3b4e34155eb7593a1663eea,0.0010080645161290322
18336d65eccdca8b0eb2756750a4d632,0.0010080645161290322
faa2a7dbe2ac134e2534a2071a21a233,0.0010080645161290322
0d30e5fdfcd3f972d9eaa624b618b32a,0.0010080645161290322
e187a850ca082794f119d32da77525ce,0.0010080645161290322
cde1ddcec8ca59b6cc4e220b8c8ef38e,0.0010080645161290322
4d9a9c9b4174a598837038ac5fbd19e6,0.0010080645161290322
82c19877f0c9e00074f6a2886a3e0473,0.0010080645161290322
d655c199d8667f1e0f1a5b803dcddc2d,0.0010080645161290322
3e50ff2b82765f55282de642bae9f1f5,0.0010080645161290322
39c9e05eef5f7ed3762742b79043332f,0.0010080645161290322
27e66d350a3da72e7f72a25b9e63ef8c,0.0010080645161290322
b232014595ac419bc33ce80fed98cfee,0.0010080645161290322
81e1c469adc7e342fa51b0165877679a,0.0010080645161290322
4500f6840e00db536b3a5beb03f50549,0.0010080645161290322
50816ed7f98852ea23cbb41720caef3d,0.0010080645161290322
069ad5f18378c533d8f8dca3296060d2,0.0010080645161290322
bfe9e2ea984af41157a27a277fed9973,0.0010080645161290322
efe876f98c5ee0955c63e75148976a94,0.0010080645161290322
13bfa181d69b7a998cf90e068e9eff1d,0.0010080645161290322
160af002be023300efe5b819b0f898c8,0.0010080645161290322
8985cb75db9cf6fe9be4562fa6da7e7e,0.0010080645161290322
fd17d5d5cb1ad4a5335cce8684d07058,0.0010080645161290322
23a9324bd74e08d3f4ae74e93cfcbdb2,0.0010080645161290322
157a7b8cd9f1eec8efef460c3d843053,0.0010080645161290322
f4e6fd30ce98354986ab4eea2b6c9014,0.0010080645161290322
e8ef94f9b7b8c1cb5001b1a849d01a0a,0.0010080645161290322
f0efa9c8508f32a3aa10311f7dd5db49,0.0010080645161290322
ec2340c4a91f1043faf094b25f29ff83,0.0010080645161290322
fba0445d13e83396c5352d9361afe105,0.0010080645161290322
e0c7c5f7245986a1a04669cba113d2a5,0.0010080645161290322
c1eba7376458ac99a6cd37b64f98fbbf,0.0010080645161290322
c4ea259e761b45dd1ee4b6adf054ba4c,0.0010080645161290322
3095829f9daf397ac86963f336d6f787,0.0010080645161290322
3572535b3b200557e458d78fbd3aca13,0.0010080645161290322
44e6ec02726d6328dcf67a42a5ddccab,0.0010080645161290322
